
> engineering-decoded@1.0.0 build
> vite build

vite v8.2.0 building client environment for production...
[2K
transforming...✓ 14701 modules transformed.
rendering chunks...
computing gzip size...
dist/index.html                                                  1.03 kB │ gzip:   0.47 kB
dist/assets/Course-AzFB-w1k.css                                  0.06 kB │ gzip:   0.07 kB
dist/assets/Course-LfHJUpyg.css                                  0.06 kB │ gzip:   0.07 kB
dist/assets/AIMLAndDataScience-DE5VY8pt.css                      0.09 kB │ gzip:   0.10 kB
dist/assets/DataStructuresAndAlgorithms-BueuJBSy.css             0.09 kB │ gzip:   0.10 kB
dist/assets/CloudEngineering-BB144gF6.css                        0.09 kB │ gzip:   0.10 kB
dist/assets/TechnicalBloggingAndContent-BfU2rPan.css             0.09 kB │ gzip:   0.10 kB
dist/assets/VideoEditingAndContent-DPs5UwS6.css                  0.09 kB │ gzip:   0.10 kB
dist/assets/Backend-OLJmsKUA.css                                 0.09 kB │ gzip:   0.10 kB
dist/assets/CareerGrowth-DLdSpri1.css                            0.09 kB │ gzip:   0.10 kB
dist/assets/DevOpsAndPlatformEngineering-Bn-eiUg1.css            0.09 kB │ gzip:   0.10 kB
dist/assets/BackendEngineering-q8c1-QnD.css                      0.09 kB │ gzip:   0.10 kB
dist/assets/Frontend-C3aT7R1H.css                                0.09 kB │ gzip:   0.10 kB
dist/assets/TestingAndQualityEngineering-CNDqc8FY.css            0.09 kB │ gzip:   0.10 kB
dist/assets/CareerRoadmaps-BAvZ-HZk.css                          0.09 kB │ gzip:   0.11 kB
dist/assets/FrontendEngineering-CJymHlNR.css                     0.09 kB │ gzip:   0.11 kB
dist/assets/Course-ClNk063h.css                                  0.09 kB │ gzip:   0.11 kB
dist/assets/DatabaseEngineering-Dnbeo8mU.css                     0.09 kB │ gzip:   0.11 kB
dist/assets/DeveloperWellbeing-6rAc2Kfu.css                      0.09 kB │ gzip:   0.11 kB
dist/assets/DigitalMarketingAndSEO-Bvkk3VmG.css                  0.09 kB │ gzip:   0.11 kB
dist/assets/MessagingAndEventStreaming-BfRle5vw.css              0.09 kB │ gzip:   0.11 kB
dist/assets/CollaborationAndMiscellaneousTools-DzP0LYp1.css      0.09 kB │ gzip:   0.11 kB
dist/assets/EngineeringLeadershipAndManagement-B7S2tWWi.css      0.09 kB │ gzip:   0.11 kB
dist/assets/InterviewPreparation-zdU018WG.css                    0.09 kB │ gzip:   0.11 kB
dist/assets/Course-CO90SoPa.css                                  0.10 kB │ gzip:   0.11 kB
dist/assets/Course-CgikEbin.css                                  0.10 kB │ gzip:   0.11 kB
dist/assets/Course-DW8YfnWa.css                                  0.10 kB │ gzip:   0.11 kB
dist/assets/SystemDesignAndArchitecture-Cy2cyLYD.css             0.10 kB │ gzip:   0.11 kB
dist/assets/Course-CclgROwt.css                                  0.10 kB │ gzip:   0.11 kB
dist/assets/EngineeringCommunication-DiQL2Lsv.css                0.10 kB │ gzip:   0.11 kB
dist/assets/BackendToolsAndLibraries-2-drW7fw.css                0.10 kB │ gzip:   0.11 kB
dist/assets/CodingPatternsAndProblemSolving-BCXuQWRw.css         0.10 kB │ gzip:   0.11 kB
dist/assets/Course-BqdxhdCK.css                                  0.10 kB │ gzip:   0.11 kB
dist/assets/Course-CHy0_P9g.css                                  0.10 kB │ gzip:   0.11 kB
dist/assets/DeveloperProductivityTools-BvspXR0I.css              0.10 kB │ gzip:   0.11 kB
dist/assets/MockInterviews-D0hHl6R4.css                          0.10 kB │ gzip:   0.11 kB
dist/assets/Course-BQeaHsVe.css                                  0.10 kB │ gzip:   0.11 kB
dist/assets/FrontendToolsAndLibraries-DCl5sNFg.css               0.10 kB │ gzip:   0.11 kB
dist/assets/Course-B5JDQywb.css                                  0.10 kB │ gzip:   0.11 kB
dist/assets/Course-CldnRpsl.css                                  0.10 kB │ gzip:   0.11 kB
dist/assets/Course-0qvJKm9N.css                                  0.10 kB │ gzip:   0.11 kB
dist/assets/Course-D0t1So0I.css                                  0.10 kB │ gzip:   0.12 kB
dist/assets/Course-fcyJwvXV.css                                  0.10 kB │ gzip:   0.12 kB
dist/assets/Course-odNYnZ2D.css                                  0.10 kB │ gzip:   0.12 kB
dist/assets/Article-B8Hej1qy.css                                 0.10 kB │ gzip:   0.10 kB
dist/assets/Course-B2XJOdtz.css                                  0.10 kB │ gzip:   0.12 kB
dist/assets/Course-CX4j6o3p.css                                  0.10 kB │ gzip:   0.12 kB
dist/assets/Course-Cz7oxtYj.css                                  0.10 kB │ gzip:   0.12 kB
dist/assets/Course-DLzH2Kvr.css                                  0.10 kB │ gzip:   0.11 kB
dist/assets/Course-DtAj-TEt.css                                  0.10 kB │ gzip:   0.12 kB
dist/assets/Course-vjrN1JJh.css                                  0.10 kB │ gzip:   0.12 kB
dist/assets/Course-C-y1GSCj.css                                  0.10 kB │ gzip:   0.12 kB
dist/assets/Course-CB3h3fw_.css                                  0.10 kB │ gzip:   0.12 kB
dist/assets/Course-CaAovJF-.css                                  0.10 kB │ gzip:   0.12 kB
dist/assets/Course-D9Pcqmkp.css                                  0.10 kB │ gzip:   0.12 kB
dist/assets/Course-YAHuWk3V.css                                  0.10 kB │ gzip:   0.12 kB
dist/assets/Course-pcoQTK2o.css                                  0.10 kB │ gzip:   0.12 kB
dist/assets/Course-s4MTdVOw.css                                  0.10 kB │ gzip:   0.12 kB
dist/assets/Course-Bu8xM86S.css                                  0.11 kB │ gzip:   0.12 kB
dist/assets/Course-C9XgjARR.css                                  0.11 kB │ gzip:   0.12 kB
dist/assets/Course-CQ-zAW_N.css                                  0.11 kB │ gzip:   0.12 kB
dist/assets/Course-DalH5ej7.css                                  0.11 kB │ gzip:   0.12 kB
dist/assets/Course-DgSOCFTA.css                                  0.11 kB │ gzip:   0.12 kB
dist/assets/Course-DlUuNTlW.css                                  0.11 kB │ gzip:   0.12 kB
dist/assets/Course-Dr8hix3x.css                                  0.11 kB │ gzip:   0.12 kB
dist/assets/Course-zbO4dlkv.css                                  0.11 kB │ gzip:   0.12 kB
dist/assets/Course-1Nh1cbho.css                                  0.11 kB │ gzip:   0.12 kB
dist/assets/Course-B-I2pnZe.css                                  0.11 kB │ gzip:   0.12 kB
dist/assets/Course-B3YK58m_.css                                  0.11 kB │ gzip:   0.12 kB
dist/assets/Course-BCOMxKM9.css                                  0.11 kB │ gzip:   0.12 kB
dist/assets/Course-BDjUZ6y-.css                                  0.11 kB │ gzip:   0.12 kB
dist/assets/Course-BnB6hE4Z.css                                  0.11 kB │ gzip:   0.12 kB
dist/assets/Course-Br_93K4K.css                                  0.11 kB │ gzip:   0.12 kB
dist/assets/Course-C3VPKoER.css                                  0.11 kB │ gzip:   0.12 kB
dist/assets/Course-CnFFk4PP.css                                  0.11 kB │ gzip:   0.12 kB
dist/assets/Course-CtRlC_lG.css                                  0.11 kB │ gzip:   0.12 kB
dist/assets/Course-DCSvNpCL.css                                  0.11 kB │ gzip:   0.12 kB
dist/assets/Course-DGYH6sn4.css                                  0.11 kB │ gzip:   0.12 kB
dist/assets/Course-Doj0R3Hl.css                                  0.11 kB │ gzip:   0.12 kB
dist/assets/Course-DrtJAGip.css                                  0.11 kB │ gzip:   0.12 kB
dist/assets/Course-amH3NTW5.css                                  0.11 kB │ gzip:   0.12 kB
dist/assets/Course-mRck0SmC.css                                  0.11 kB │ gzip:   0.12 kB
dist/assets/Course-BwCmgdNz.css                                  0.11 kB │ gzip:   0.12 kB
dist/assets/Course-C359x5ge.css                                  0.11 kB │ gzip:   0.12 kB
dist/assets/Course-Ch-zBJJp.css                                  0.11 kB │ gzip:   0.12 kB
dist/assets/Course-CjvuIZr7.css                                  0.11 kB │ gzip:   0.12 kB
dist/assets/Course-CouMJdBA.css                                  0.11 kB │ gzip:   0.12 kB
dist/assets/Course-DFHLqco6.css                                  0.11 kB │ gzip:   0.12 kB
dist/assets/Course-B2NyH3dO.css                                  0.11 kB │ gzip:   0.12 kB
dist/assets/Course-Be90P8_x.css                                  0.11 kB │ gzip:   0.12 kB
dist/assets/Course-Bhqc9YZk.css                                  0.11 kB │ gzip:   0.12 kB
dist/assets/Course-BniXgQ_O.css                                  0.11 kB │ gzip:   0.12 kB
dist/assets/Course-C2olDR4m.css                                  0.11 kB │ gzip:   0.12 kB
dist/assets/Course-DDp0IBI9.css                                  0.11 kB │ gzip:   0.12 kB
dist/assets/Course-DLwEupss.css                                  0.11 kB │ gzip:   0.12 kB
dist/assets/Course-DWuNPz_0.css                                  0.11 kB │ gzip:   0.12 kB
dist/assets/Course-DxEXr-Ox.css                                  0.11 kB │ gzip:   0.12 kB
dist/assets/Course-TjUnqPDI.css                                  0.11 kB │ gzip:   0.12 kB
dist/assets/Course-bzq1ZEhN.css                                  0.11 kB │ gzip:   0.12 kB
dist/assets/Course-BNkii6dW.css                                  0.11 kB │ gzip:   0.12 kB
dist/assets/Course-BQSRJvvq.css                                  0.11 kB │ gzip:   0.12 kB
dist/assets/Course-BWOoAjva.css                                  0.11 kB │ gzip:   0.12 kB
dist/assets/Course-CEqCrxj6.css                                  0.11 kB │ gzip:   0.12 kB
dist/assets/Course-D2nxU-RK.css                                  0.11 kB │ gzip:   0.12 kB
dist/assets/Course-DQove0VA.css                                  0.11 kB │ gzip:   0.12 kB
dist/assets/Course-MvzTGzjc.css                                  0.11 kB │ gzip:   0.12 kB
dist/assets/Course-cjPMEh7n.css                                  0.11 kB │ gzip:   0.12 kB
dist/assets/Course-oTrV7J-s.css                                  0.11 kB │ gzip:   0.12 kB
dist/assets/Course-BEYkKnQs.css                                  0.11 kB │ gzip:   0.12 kB
dist/assets/Course-BZwfFJ4w.css                                  0.11 kB │ gzip:   0.12 kB
dist/assets/Course-BxthEr4b.css                                  0.11 kB │ gzip:   0.12 kB
dist/assets/Course-D5u9dzoV.css                                  0.11 kB │ gzip:   0.12 kB
dist/assets/Course-DNY31-Sg.css                                  0.11 kB │ gzip:   0.12 kB
dist/assets/Course-Duuv26Ut.css                                  0.11 kB │ gzip:   0.12 kB
dist/assets/Course-6RHos7At.css                                  0.11 kB │ gzip:   0.12 kB
dist/assets/Course-B0DxOCku.css                                  0.11 kB │ gzip:   0.12 kB
dist/assets/Course-BWXJ6-Uh.css                                  0.11 kB │ gzip:   0.12 kB
dist/assets/Course-BXc77S9a.css                                  0.11 kB │ gzip:   0.12 kB
dist/assets/Course-BmdgjGtL.css                                  0.11 kB │ gzip:   0.12 kB
dist/assets/Course-C172AXLd.css                                  0.11 kB │ gzip:   0.12 kB
dist/assets/Course-C20FhMu3.css                                  0.11 kB │ gzip:   0.12 kB
dist/assets/Course-CB-MlsyP.css                                  0.11 kB │ gzip:   0.12 kB
dist/assets/Course-CEe_gd1d.css                                  0.11 kB │ gzip:   0.12 kB
dist/assets/Course-CKIExKUh.css                                  0.11 kB │ gzip:   0.12 kB
dist/assets/Course-CdGr6opV.css                                  0.11 kB │ gzip:   0.12 kB
dist/assets/Course-CosZ5CyC.css                                  0.11 kB │ gzip:   0.12 kB
dist/assets/Course-D9uo2rUW.css                                  0.11 kB │ gzip:   0.12 kB
dist/assets/Course-yu9LQJ_z.css                                  0.11 kB │ gzip:   0.12 kB
dist/assets/Course-4iFR8K6t.css                                  0.11 kB │ gzip:   0.12 kB
dist/assets/Course-B3rYbf0X.css                                  0.11 kB │ gzip:   0.12 kB
dist/assets/Course-C3Ae9UHM.css                                  0.11 kB │ gzip:   0.12 kB
dist/assets/Course-CF7RYGk0.css                                  0.11 kB │ gzip:   0.12 kB
dist/assets/Course-CMDK36Jt.css                                  0.11 kB │ gzip:   0.12 kB
dist/assets/Course-CdFxjiKN.css                                  0.11 kB │ gzip:   0.12 kB
dist/assets/Course-CwqPkKLw.css                                  0.11 kB │ gzip:   0.12 kB
dist/assets/Course-CzqOVkks.css                                  0.11 kB │ gzip:   0.12 kB
dist/assets/Course-DGGmSbQP.css                                  0.11 kB │ gzip:   0.13 kB
dist/assets/Course-DYbjHd0b.css                                  0.11 kB │ gzip:   0.12 kB
dist/assets/Course-DjgOkotD.css                                  0.11 kB │ gzip:   0.12 kB
dist/assets/Course-ltssAZiV.css                                  0.11 kB │ gzip:   0.12 kB
dist/assets/Course-2nCBaBu8.css                                  0.11 kB │ gzip:   0.12 kB
dist/assets/Course-B314PBDB.css                                  0.11 kB │ gzip:   0.13 kB
dist/assets/Course-B_iFluJ0.css                                  0.11 kB │ gzip:   0.12 kB
dist/assets/Course-Bc6mVYyM.css                                  0.11 kB │ gzip:   0.12 kB
dist/assets/Course-CMpq23H9.css                                  0.11 kB │ gzip:   0.12 kB
dist/assets/Course-CTX59d85.css                                  0.11 kB │ gzip:   0.13 kB
dist/assets/Course-DFSVthIG.css                                  0.11 kB │ gzip:   0.12 kB
dist/assets/Course-DPXzGLdA.css                                  0.11 kB │ gzip:   0.12 kB
dist/assets/Course-XxRCb2QH.css                                  0.11 kB │ gzip:   0.12 kB
dist/assets/Course-BJ31svR4.css                                  0.11 kB │ gzip:   0.13 kB
dist/assets/Course-BVuxsyih.css                                  0.11 kB │ gzip:   0.12 kB
dist/assets/Course-Brm4BrPg.css                                  0.11 kB │ gzip:   0.12 kB
dist/assets/Course-BthjAyhi.css                                  0.11 kB │ gzip:   0.12 kB
dist/assets/Course-Cwu-etGo.css                                  0.11 kB │ gzip:   0.13 kB
dist/assets/Course-DxvTYK3N.css                                  0.11 kB │ gzip:   0.12 kB
dist/assets/Course-TkO65wSk.css                                  0.11 kB │ gzip:   0.12 kB
dist/assets/Course-C0LN-E0e.css                                  0.12 kB │ gzip:   0.13 kB
dist/assets/Course-C5cg5-bs.css                                  0.12 kB │ gzip:   0.12 kB
dist/assets/Course-CBY4HuIL.css                                  0.12 kB │ gzip:   0.12 kB
dist/assets/Course-CInOhfe_.css                                  0.12 kB │ gzip:   0.12 kB
dist/assets/Course-C_gMjrdJ.css                                  0.12 kB │ gzip:   0.12 kB
dist/assets/Course-D7QM5IIG.css                                  0.12 kB │ gzip:   0.12 kB
dist/assets/Course-DCliOBje.css                                  0.12 kB │ gzip:   0.12 kB
dist/assets/Course-ZC6TauBd.css                                  0.12 kB │ gzip:   0.13 kB
dist/assets/Course-BOcab-kk.css                                  0.12 kB │ gzip:   0.12 kB
dist/assets/Course-BgHfnVDy.css                                  0.12 kB │ gzip:   0.13 kB
dist/assets/Course-C4tI7Af4.css                                  0.12 kB │ gzip:   0.13 kB
dist/assets/Course-D2SHRewZ.css                                  0.12 kB │ gzip:   0.13 kB
dist/assets/Course-DnCLM48K.css                                  0.12 kB │ gzip:   0.13 kB
dist/assets/Course-hTmktenk.css                                  0.12 kB │ gzip:   0.13 kB
dist/assets/Course-qPPZ9BET.css                                  0.12 kB │ gzip:   0.12 kB
dist/assets/Course-BZON2T-I.css                                  0.12 kB │ gzip:   0.13 kB
dist/assets/Course-By05wbEn.css                                  0.12 kB │ gzip:   0.13 kB
dist/assets/Course-C4pze_fX.css                                  0.12 kB │ gzip:   0.13 kB
dist/assets/Course-D22PKce8.css                                  0.12 kB │ gzip:   0.13 kB
dist/assets/Course-Dfg9nb-_.css                                  0.12 kB │ gzip:   0.12 kB
dist/assets/Course-Du_i5Cg-.css                                  0.12 kB │ gzip:   0.12 kB
dist/assets/Course-E1v5AqA9.css                                  0.12 kB │ gzip:   0.13 kB
dist/assets/Course-d_C1MFh3.css                                  0.12 kB │ gzip:   0.12 kB
dist/assets/Course-gNKEagPj.css                                  0.12 kB │ gzip:   0.13 kB
dist/assets/Course-B6RkiK27.css                                  0.12 kB │ gzip:   0.13 kB
dist/assets/Course-B9mRjzub.css                                  0.12 kB │ gzip:   0.13 kB
dist/assets/Course-CUlOZnPn.css                                  0.12 kB │ gzip:   0.13 kB
dist/assets/Course-D-aByKE3.css                                  0.12 kB │ gzip:   0.12 kB
dist/assets/Course-DczEkRmH.css                                  0.12 kB │ gzip:   0.12 kB
dist/assets/Course-C9zQUoaf.css                                  0.12 kB │ gzip:   0.13 kB
dist/assets/Course-CZgXGddj.css                                  0.12 kB │ gzip:   0.13 kB
dist/assets/Course-Do3mdW4f.css                                  0.12 kB │ gzip:   0.13 kB
dist/assets/Course-B6bf0W5t.css                                  0.12 kB │ gzip:   0.13 kB
dist/assets/Course-CEGygUoo.css                                  0.12 kB │ gzip:   0.13 kB
dist/assets/Course-wqrLt4DT.css                                  0.12 kB │ gzip:   0.13 kB
dist/assets/Course-B_MxMMlt.css                                  0.12 kB │ gzip:   0.13 kB
dist/assets/Course-CLe2l6Cn.css                                  0.12 kB │ gzip:   0.13 kB
dist/assets/Course-Cal_CP2s.css                                  0.12 kB │ gzip:   0.13 kB
dist/assets/Course-CyIbcsnY.css                                  0.12 kB │ gzip:   0.12 kB
dist/assets/Course-nij4839z.css                                  0.12 kB │ gzip:   0.12 kB
dist/assets/Course-st5_PXW3.css                                  0.12 kB │ gzip:   0.13 kB
dist/assets/Course-BlaIcasn.css                                  0.12 kB │ gzip:   0.13 kB
dist/assets/Course-CjMmqe34.css                                  0.12 kB │ gzip:   0.13 kB
dist/assets/Course-DEGsaQ5s.css                                  0.12 kB │ gzip:   0.13 kB
dist/assets/Course-Bau6zJYs.css                                  0.12 kB │ gzip:   0.13 kB
dist/assets/Course-BgwgKWU5.css                                  0.12 kB │ gzip:   0.13 kB
dist/assets/Course-Bgql9MjW.css                                  0.12 kB │ gzip:   0.13 kB
dist/assets/Course-D86rK0BO.css                                  0.12 kB │ gzip:   0.13 kB
dist/assets/Course-DIHAXIBw.css                                  0.12 kB │ gzip:   0.13 kB
dist/assets/Course-EFBsKoo_.css                                  0.12 kB │ gzip:   0.13 kB
dist/assets/Course-DmRhu_59.css                                  0.13 kB │ gzip:   0.13 kB
dist/assets/Architecture-Dn77VyMk.css                            0.13 kB │ gzip:   0.13 kB
dist/assets/Course-Bv5lwkWu.css                                  0.13 kB │ gzip:   0.13 kB
dist/assets/Course-pZxbMpv5.css                                  0.13 kB │ gzip:   0.13 kB
dist/assets/Course-Cny5B7jk.css                                  0.13 kB │ gzip:   0.13 kB
dist/assets/Course-D0G3XNOv.css                                  0.13 kB │ gzip:   0.13 kB
dist/assets/Course-DB15fkNx.css                                  0.13 kB │ gzip:   0.13 kB
dist/assets/Course-DXIgWRET.css                                  0.13 kB │ gzip:   0.13 kB
dist/assets/Course-BUbxshAZ.css                                  0.13 kB │ gzip:   0.13 kB
dist/assets/Course-CXMzGghf.css                                  0.13 kB │ gzip:   0.13 kB
dist/assets/Course-BFlofcq_.css                                  0.13 kB │ gzip:   0.13 kB
dist/assets/Course-Z2bjiYp3.css                                  0.13 kB │ gzip:   0.13 kB
dist/assets/BestPractices-D4SXWI33.css                           0.14 kB │ gzip:   0.13 kB
dist/assets/InterviewQuestions-CfmkmUrn.css                      0.16 kB │ gzip:   0.14 kB
dist/assets/InterviewQuestions-DTsrCU2G.css                      0.17 kB │ gzip:   0.14 kB
dist/assets/Introduction-LRt2D3Nb.css                            0.20 kB │ gzip:   0.16 kB
dist/assets/BestPractices-O0KtLeCW.css                           0.22 kB │ gzip:   0.17 kB
dist/assets/PracticalGuide-C817CmES.css                          0.24 kB │ gzip:   0.19 kB
dist/assets/Architecture-9ZkO-LJY.css                            0.24 kB │ gzip:   0.15 kB
dist/assets/Introduction-BXc6vcRh.css                            0.24 kB │ gzip:   0.15 kB
dist/assets/Architecture-7Rck0LWK.css                            0.25 kB │ gzip:   0.15 kB
dist/assets/CoreConcepts-CrKeKuHX.css                            0.25 kB │ gzip:   0.15 kB
dist/assets/Introduction-B03k_cy7.css                            0.25 kB │ gzip:   0.15 kB
dist/assets/BestPractices-2_1POnzO.css                           0.25 kB │ gzip:   0.15 kB
dist/assets/CoreConcepts-C9N1AlQx.css                            0.25 kB │ gzip:   0.15 kB
dist/assets/Architecture-jxEckWPU.css                            0.25 kB │ gzip:   0.15 kB
dist/assets/Architecture-x1ZsOKpI.css                            0.25 kB │ gzip:   0.15 kB
dist/assets/BestPractices-Yr4hMSsO.css                           0.25 kB │ gzip:   0.15 kB
dist/assets/Introduction-B652JO8W.css                            0.25 kB │ gzip:   0.15 kB
dist/assets/Introduction-C4LzBOYK.css                            0.25 kB │ gzip:   0.15 kB
dist/assets/PracticalGuide-BTdFdW_B.css                          0.25 kB │ gzip:   0.15 kB
dist/assets/Architecture-B_L6uxb6.css                            0.26 kB │ gzip:   0.15 kB
dist/assets/CoreConcepts-Dem5paxl.css                            0.26 kB │ gzip:   0.15 kB
dist/assets/CoreConcepts-nIjSDNt5.css                            0.26 kB │ gzip:   0.15 kB
dist/assets/Introduction-DcPTQJa9.css                            0.26 kB │ gzip:   0.15 kB
dist/assets/PracticalGuide-y839RcgE.css                          0.26 kB │ gzip:   0.15 kB
dist/assets/Architecture-CVLo1Bv9.css                            0.26 kB │ gzip:   0.16 kB
dist/assets/Architecture-DNDYgMiO.css                            0.26 kB │ gzip:   0.16 kB
dist/assets/BestPractices-DI48cU-x.css                           0.26 kB │ gzip:   0.15 kB
dist/assets/BestPractices-py_vLRM8.css                           0.26 kB │ gzip:   0.15 kB
dist/assets/CoreConcepts-BHgJtQE1.css                            0.26 kB │ gzip:   0.15 kB
dist/assets/Introduction-2ANIhqVQ.css                            0.26 kB │ gzip:   0.16 kB
dist/assets/Introduction-CkeZx4Et.css                            0.26 kB │ gzip:   0.16 kB
dist/assets/PracticalGuide-CZNFKvKH.css                          0.26 kB │ gzip:   0.21 kB
dist/assets/Introduction-DlGz2pLN.css                            0.26 kB │ gzip:   0.18 kB
dist/assets/Architecture-BVLuFgC8.css                            0.26 kB │ gzip:   0.15 kB
dist/assets/Architecture-BlkwfG4S.css                            0.26 kB │ gzip:   0.16 kB
dist/assets/Architecture-CIXqDzTM.css                            0.26 kB │ gzip:   0.16 kB
dist/assets/Architecture-CpniMTzp.css                            0.26 kB │ gzip:   0.16 kB
dist/assets/Architecture-DShsNYc5.css                            0.26 kB │ gzip:   0.16 kB
dist/assets/BestPractices-hGMFS8jf.css                           0.26 kB │ gzip:   0.15 kB
dist/assets/CoreConcepts-CfbB_GzQ.css                            0.26 kB │ gzip:   0.16 kB
dist/assets/CoreConcepts-CnwxRNF3.css                            0.26 kB │ gzip:   0.15 kB
dist/assets/Introduction-BbeyVMM7.css                            0.26 kB │ gzip:   0.16 kB
dist/assets/Introduction-Bd2679sK.css                            0.26 kB │ gzip:   0.16 kB
dist/assets/Introduction-CCZGsNDA.css                            0.26 kB │ gzip:   0.15 kB
dist/assets/Introduction-CNwBf57v.css                            0.26 kB │ gzip:   0.16 kB
dist/assets/Introduction-cildoB0h.css                            0.26 kB │ gzip:   0.16 kB
dist/assets/PracticalGuide-CbKYtun4.css                          0.26 kB │ gzip:   0.16 kB
dist/assets/PracticalGuide-CiWpTofP.css                          0.26 kB │ gzip:   0.16 kB
dist/assets/Architecture-CJQAK_yS.css                            0.27 kB │ gzip:   0.16 kB
dist/assets/Architecture-C__Bgs6f.css                            0.27 kB │ gzip:   0.16 kB
dist/assets/Architecture-dAYoJ4r6.css                            0.27 kB │ gzip:   0.16 kB
dist/assets/Architecture-gIei7joe.css                            0.27 kB │ gzip:   0.16 kB
dist/assets/Architecture-wCawK8iK.css                            0.27 kB │ gzip:   0.16 kB
dist/assets/BestPractices-BRxtkw3x.css                           0.27 kB │ gzip:   0.16 kB
dist/assets/BestPractices-DCjGzYAw.css                           0.27 kB │ gzip:   0.16 kB
dist/assets/CoreConcepts-BaW5KXdu.css                            0.27 kB │ gzip:   0.16 kB
dist/assets/CoreConcepts-DSh7kStv.css                            0.27 kB │ gzip:   0.16 kB
dist/assets/CoreConcepts-DfrXgR7Y.css                            0.27 kB │ gzip:   0.15 kB
dist/assets/CoreConcepts-TEiYNrgh.css                            0.27 kB │ gzip:   0.16 kB
dist/assets/CoreConcepts-TiGjBokI.css                            0.27 kB │ gzip:   0.15 kB
dist/assets/InterviewQuestions-C8foX6Lt.css                      0.27 kB │ gzip:   0.16 kB
dist/assets/Introduction-C67GSBkR.css                            0.27 kB │ gzip:   0.16 kB
dist/assets/Introduction-CguFBDwf.css                            0.27 kB │ gzip:   0.16 kB
dist/assets/Introduction-CvxIiFLL.css                            0.27 kB │ gzip:   0.16 kB
dist/assets/Introduction-D397nehK.css                            0.27 kB │ gzip:   0.16 kB
dist/assets/Introduction-DJfhKaf8.css                            0.27 kB │ gzip:   0.16 kB
dist/assets/PracticalGuide-Csh0LHdm.css                          0.27 kB │ gzip:   0.16 kB
dist/assets/Architecture-BBkOL-s0.css                            0.27 kB │ gzip:   0.16 kB
dist/assets/Architecture-Bo1KOLTs.css                            0.27 kB │ gzip:   0.16 kB
dist/assets/Architecture-CfTDk2na.css                            0.27 kB │ gzip:   0.16 kB
dist/assets/Architecture-CthePOdM.css                            0.27 kB │ gzip:   0.16 kB
dist/assets/Architecture-L7dJdrnF.css                            0.27 kB │ gzip:   0.16 kB
dist/assets/Architecture-LEpoTr6q.css                            0.27 kB │ gzip:   0.16 kB
dist/assets/Architecture-yyc-nsf_.css                            0.27 kB │ gzip:   0.16 kB
dist/assets/BestPractices-BGMWD5pp.css                           0.27 kB │ gzip:   0.16 kB
dist/assets/BestPractices-BPn1hOWW.css                           0.27 kB │ gzip:   0.16 kB
dist/assets/BestPractices-Bii1Q9Yz.css                           0.27 kB │ gzip:   0.15 kB
dist/assets/BestPractices-DUx1NLrK.css                           0.27 kB │ gzip:   0.16 kB
dist/assets/BestPractices-OKUpEUI9.css                           0.27 kB │ gzip:   0.16 kB
dist/assets/CoreConcepts-BWs6yFas.css                            0.27 kB │ gzip:   0.16 kB
dist/assets/CoreConcepts-CHNBlvst.css                            0.27 kB │ gzip:   0.15 kB
dist/assets/CoreConcepts-Dls_Mm-I.css                            0.27 kB │ gzip:   0.16 kB
dist/assets/CoreConcepts-eTCg9lB1.css                            0.27 kB │ gzip:   0.16 kB
dist/assets/CoreConcepts-p4vly9mR.css                            0.27 kB │ gzip:   0.16 kB
dist/assets/InterviewQuestions-B0RxD7Um.css                      0.27 kB │ gzip:   0.16 kB
dist/assets/Introduction-BN9XSSIw.css                            0.27 kB │ gzip:   0.16 kB
dist/assets/Introduction-BoZOzWv6.css                            0.27 kB │ gzip:   0.16 kB
dist/assets/Introduction-CUcUYJbq.css                            0.27 kB │ gzip:   0.16 kB
dist/assets/Introduction-CVBDx2IC.css                            0.27 kB │ gzip:   0.16 kB
dist/assets/Introduction-D5HRZ36N.css                            0.27 kB │ gzip:   0.16 kB
dist/assets/Introduction-YNMGCHtp.css                            0.27 kB │ gzip:   0.16 kB
dist/assets/Introduction-gWNQm0dz.css                            0.27 kB │ gzip:   0.16 kB
dist/assets/PracticalGuide-Bn7VFP6k.css                          0.27 kB │ gzip:   0.16 kB
dist/assets/PracticalGuide-C4I2Jy3B.css                          0.27 kB │ gzip:   0.16 kB
dist/assets/Architecture-BPfUZMNU.css                            0.27 kB │ gzip:   0.16 kB
dist/assets/Architecture-CX-nNISC.css                            0.27 kB │ gzip:   0.16 kB
dist/assets/Architecture-D5IvmoqT.css                            0.27 kB │ gzip:   0.16 kB
dist/assets/Architecture-DSLezVgm.css                            0.27 kB │ gzip:   0.16 kB
dist/assets/Architecture-DXcMYp5O.css                            0.27 kB │ gzip:   0.16 kB
dist/assets/Architecture-hdCnWoyF.css                            0.27 kB │ gzip:   0.16 kB
dist/assets/BestPractices-BsAm2Dfk.css                           0.27 kB │ gzip:   0.16 kB
dist/assets/BestPractices-CEoYbwVO.css                           0.27 kB │ gzip:   0.16 kB
dist/assets/BestPractices-CSglFSOg.css                           0.27 kB │ gzip:   0.16 kB
dist/assets/BestPractices-Q4Ts6KcG.css                           0.27 kB │ gzip:   0.16 kB
dist/assets/BestPractices-Y1s1Qtvv.css                           0.27 kB │ gzip:   0.16 kB
dist/assets/CoreConcepts-BWPNo0Kr.css                            0.27 kB │ gzip:   0.16 kB
dist/assets/CoreConcepts-COGBcjH1.css                            0.27 kB │ gzip:   0.16 kB
dist/assets/CoreConcepts-CvkTGTNW.css                            0.27 kB │ gzip:   0.16 kB
dist/assets/CoreConcepts-GgVLuroa.css                            0.27 kB │ gzip:   0.16 kB
dist/assets/CoreConcepts-PDixm0TD.css                            0.27 kB │ gzip:   0.16 kB
dist/assets/CoreConcepts-lPnyIJh2.css                            0.27 kB │ gzip:   0.16 kB
dist/assets/CoreConcepts-pR6fjKaH.css                            0.27 kB │ gzip:   0.16 kB
dist/assets/Introduction-B6xCqhZg.css                            0.27 kB │ gzip:   0.16 kB
dist/assets/Introduction-B7znT2af.css                            0.27 kB │ gzip:   0.16 kB
dist/assets/Introduction-Bm4aOup3.css                            0.27 kB │ gzip:   0.16 kB
dist/assets/Introduction-C1NddDJJ.css                            0.27 kB │ gzip:   0.16 kB
dist/assets/Introduction-CfeJhUaU.css                            0.27 kB │ gzip:   0.16 kB
dist/assets/Introduction-DvJf5jhq.css                            0.27 kB │ gzip:   0.16 kB
dist/assets/PracticalGuide-B4ymXo9A.css                          0.27 kB │ gzip:   0.16 kB
dist/assets/PracticalGuide-BGv2xGsc.css                          0.27 kB │ gzip:   0.16 kB
dist/assets/PracticalGuide-BywC8JyV.css                          0.27 kB │ gzip:   0.16 kB
dist/assets/PracticalGuide-CM8YSZJY.css                          0.27 kB │ gzip:   0.16 kB
dist/assets/PracticalGuide-GBgCx9kM.css                          0.27 kB │ gzip:   0.16 kB
dist/assets/Architecture--ThDcuf5.css                            0.27 kB │ gzip:   0.16 kB
dist/assets/Architecture-BJhgD16O.css                            0.27 kB │ gzip:   0.16 kB
dist/assets/Architecture-BXyVcoIi.css                            0.27 kB │ gzip:   0.16 kB
dist/assets/Architecture-BwZ2xVvR.css                            0.27 kB │ gzip:   0.16 kB
dist/assets/Architecture-CCKGLV2C.css                            0.27 kB │ gzip:   0.16 kB
dist/assets/Architecture-CGpJUVAP.css                            0.27 kB │ gzip:   0.16 kB
dist/assets/Architecture-CZdjyeNY.css                            0.27 kB │ gzip:   0.15 kB
dist/assets/Architecture-C_f5Ji4Q.css                            0.27 kB │ gzip:   0.16 kB
dist/assets/Architecture-CgRq19tN.css                            0.27 kB │ gzip:   0.16 kB
dist/assets/Architecture-CmyV0XCB.css                            0.27 kB │ gzip:   0.16 kB
dist/assets/Architecture-CoZNtbUm.css                            0.27 kB │ gzip:   0.16 kB
dist/assets/Architecture-DAonRsWS.css                            0.27 kB │ gzip:   0.16 kB
dist/assets/Architecture-DNLbLj-Q.css                            0.27 kB │ gzip:   0.16 kB
dist/assets/Architecture-DlA8i0tO.css                            0.27 kB │ gzip:   0.16 kB
dist/assets/BestPractices-BTmu3Zng.css                           0.27 kB │ gzip:   0.16 kB
dist/assets/BestPractices-CQzvKS5-.css                           0.27 kB │ gzip:   0.16 kB
dist/assets/BestPractices-CfNpl3Xv.css                           0.27 kB │ gzip:   0.16 kB
dist/assets/BestPractices-CkNXmKuw.css                           0.27 kB │ gzip:   0.16 kB
dist/assets/BestPractices-Cv1fYt3Y.css                           0.27 kB │ gzip:   0.16 kB
dist/assets/BestPractices-D_0myCk-.css                           0.27 kB │ gzip:   0.16 kB
dist/assets/BestPractices-DqLYuX4h.css                           0.27 kB │ gzip:   0.16 kB
dist/assets/CoreConcepts-BIBuOGi0.css                            0.27 kB │ gzip:   0.16 kB
dist/assets/CoreConcepts-CM8p9OMt.css                            0.27 kB │ gzip:   0.16 kB
dist/assets/CoreConcepts-CS9t0PsF.css                            0.27 kB │ gzip:   0.16 kB
dist/assets/CoreConcepts-CcwoGigX.css                            0.27 kB │ gzip:   0.16 kB
dist/assets/CoreConcepts-CiMvVXuN.css                            0.27 kB │ gzip:   0.16 kB
dist/assets/CoreConcepts-ClcejtBW.css                            0.27 kB │ gzip:   0.16 kB
dist/assets/InterviewQuestions-CFEgNoHj.css                      0.27 kB │ gzip:   0.16 kB
dist/assets/InterviewQuestions-DU9-Qabi.css                      0.27 kB │ gzip:   0.16 kB
dist/assets/Introduction-30MNDuU9.css                            0.27 kB │ gzip:   0.16 kB
dist/assets/Introduction-BNaNxYdc.css                            0.27 kB │ gzip:   0.16 kB
dist/assets/Introduction-Bn4QDTKo.css                            0.27 kB │ gzip:   0.16 kB
dist/assets/Introduction-BoBH0FP7.css                            0.27 kB │ gzip:   0.16 kB
dist/assets/Introduction-C85Wk_Z2.css                            0.27 kB │ gzip:   0.16 kB
dist/assets/Introduction-CB1XX3x3.css                            0.27 kB │ gzip:   0.16 kB
dist/assets/Introduction-CdwEr2Li.css                            0.27 kB │ gzip:   0.16 kB
dist/assets/Introduction-DZHBkeMT.css                            0.27 kB │ gzip:   0.16 kB
dist/assets/Introduction-DfAdOyhT.css                            0.27 kB │ gzip:   0.16 kB
dist/assets/Introduction-DqJCox23.css                            0.27 kB │ gzip:   0.16 kB
dist/assets/Introduction-DrT0pJlQ.css                            0.27 kB │ gzip:   0.16 kB
dist/assets/Introduction-Dxjnr9Y4.css                            0.27 kB │ gzip:   0.16 kB
dist/assets/Introduction-R5t4EJup.css                            0.27 kB │ gzip:   0.16 kB
dist/assets/Introduction-glp0E6tB.css                            0.27 kB │ gzip:   0.16 kB
dist/assets/PracticalGuide-BEcazhaS.css                          0.27 kB │ gzip:   0.16 kB
dist/assets/PracticalGuide-CEDKjtV4.css                          0.27 kB │ gzip:   0.16 kB
dist/assets/PracticalGuide-CS_N0636.css                          0.27 kB │ gzip:   0.16 kB
dist/assets/PracticalGuide-G2ober88.css                          0.27 kB │ gzip:   0.16 kB
dist/assets/PracticalGuide-xfIe0jtw.css                          0.27 kB │ gzip:   0.16 kB
dist/assets/Architecture-BEFPtzJ0.css                            0.28 kB │ gzip:   0.16 kB
dist/assets/Architecture-CHqF5Qpl.css                            0.28 kB │ gzip:   0.16 kB
dist/assets/Architecture-CfJFAj-z.css                            0.28 kB │ gzip:   0.16 kB
dist/assets/Architecture-DZJ2OYvn.css                            0.28 kB │ gzip:   0.16 kB
dist/assets/Architecture-DgCVt4WM.css                            0.28 kB │ gzip:   0.16 kB
dist/assets/BestPractices-BXOL9NlQ.css                           0.28 kB │ gzip:   0.16 kB
dist/assets/BestPractices-BeqohK6r.css                           0.28 kB │ gzip:   0.16 kB
dist/assets/BestPractices-BqVD5Jw0.css                           0.28 kB │ gzip:   0.16 kB
dist/assets/BestPractices-DNOTgV8D.css                           0.28 kB │ gzip:   0.16 kB
dist/assets/BestPractices-DgSKSALn.css                           0.28 kB │ gzip:   0.16 kB
dist/assets/BestPractices-i96tFowC.css                           0.28 kB │ gzip:   0.16 kB
dist/assets/CoreConcepts-0xTyFmQC.css                            0.28 kB │ gzip:   0.16 kB
dist/assets/CoreConcepts-B2I135au.css                            0.28 kB │ gzip:   0.16 kB
dist/assets/CoreConcepts-BBIj1stX.css                            0.28 kB │ gzip:   0.16 kB
dist/assets/CoreConcepts-BLdQhQrq.css                            0.28 kB │ gzip:   0.16 kB
dist/assets/CoreConcepts-BR6vtJ95.css                            0.28 kB │ gzip:   0.16 kB
dist/assets/CoreConcepts-BiyCrma8.css                            0.28 kB │ gzip:   0.16 kB
dist/assets/CoreConcepts-Blp3eAaW.css                            0.28 kB │ gzip:   0.16 kB
dist/assets/CoreConcepts-C1a1ACjB.css                            0.28 kB │ gzip:   0.16 kB
dist/assets/CoreConcepts-C3wSeo-4.css                            0.28 kB │ gzip:   0.16 kB
dist/assets/CoreConcepts-CVW2VW52.css                            0.28 kB │ gzip:   0.16 kB
dist/assets/CoreConcepts-CYFSxggg.css                            0.28 kB │ gzip:   0.16 kB
dist/assets/CoreConcepts-Ds8oY-x6.css                            0.28 kB │ gzip:   0.16 kB
dist/assets/CoreConcepts-_g3LY1OH.css                            0.28 kB │ gzip:   0.16 kB
dist/assets/CoreConcepts-tcGzVSi9.css                            0.28 kB │ gzip:   0.16 kB
dist/assets/InterviewQuestions-CJuEv4NA.css                      0.28 kB │ gzip:   0.16 kB
dist/assets/Introduction-BhCB_hdA.css                            0.28 kB │ gzip:   0.16 kB
dist/assets/Introduction-ChbG123P.css                            0.28 kB │ gzip:   0.16 kB
dist/assets/Introduction-CtFtb3AL.css                            0.28 kB │ gzip:   0.16 kB
dist/assets/Introduction-D4vLCSqx.css                            0.28 kB │ gzip:   0.16 kB
dist/assets/Introduction-Gc7Zk9kf.css                            0.28 kB │ gzip:   0.16 kB
dist/assets/PracticalGuide-2GgB3znU.css                          0.28 kB │ gzip:   0.16 kB
dist/assets/PracticalGuide-CQCUXY_6.css                          0.28 kB │ gzip:   0.16 kB
dist/assets/PracticalGuide-CSNGHnDk.css                          0.28 kB │ gzip:   0.16 kB
dist/assets/PracticalGuide-ChCALM2z.css                          0.28 kB │ gzip:   0.16 kB
dist/assets/PracticalGuide-CnasGk7_.css                          0.28 kB │ gzip:   0.16 kB
dist/assets/PracticalGuide-g-3UEqkP.css                          0.28 kB │ gzip:   0.16 kB
dist/assets/PracticalGuide-wGOBwm3M.css                          0.28 kB │ gzip:   0.16 kB
dist/assets/Architecture-Bf1NJ-z0.css                            0.28 kB │ gzip:   0.16 kB
dist/assets/Architecture-CStswK2R.css                            0.28 kB │ gzip:   0.16 kB
dist/assets/Architecture-CfN-gZpz.css                            0.28 kB │ gzip:   0.16 kB
dist/assets/Architecture-DVYgJOcl.css                            0.28 kB │ gzip:   0.16 kB
dist/assets/Architecture-OLootCJ7.css                            0.28 kB │ gzip:   0.16 kB
dist/assets/Architecture-THyfSpPZ.css                            0.28 kB │ gzip:   0.16 kB
dist/assets/BestPractices--AiHg90o.css                           0.28 kB │ gzip:   0.16 kB
dist/assets/BestPractices-B1zc_uza.css                           0.28 kB │ gzip:   0.16 kB
dist/assets/BestPractices-BErHKLR3.css                           0.28 kB │ gzip:   0.16 kB
dist/assets/BestPractices-C9JGtwvc.css                           0.28 kB │ gzip:   0.16 kB
dist/assets/BestPractices-CI21v3aZ.css                           0.28 kB │ gzip:   0.16 kB
dist/assets/BestPractices-CMRkNFOv.css                           0.28 kB │ gzip:   0.16 kB
dist/assets/BestPractices-CYR5QhiK.css                           0.28 kB │ gzip:   0.16 kB
dist/assets/BestPractices-DTqVuEWM.css                           0.28 kB │ gzip:   0.16 kB
dist/assets/BestPractices-DVbOcS9P.css                           0.28 kB │ gzip:   0.16 kB
dist/assets/BestPractices-Dzdrga9o.css                           0.28 kB │ gzip:   0.16 kB
dist/assets/BestPractices-IoG3sUqS.css                           0.28 kB │ gzip:   0.16 kB
dist/assets/BestPractices-P0z5rbjs.css                           0.28 kB │ gzip:   0.16 kB
dist/assets/BestPractices-ebkJ856f.css                           0.28 kB │ gzip:   0.16 kB
dist/assets/BestPractices-t6XG7yba.css                           0.28 kB │ gzip:   0.16 kB
dist/assets/CoreConcepts-6zRq8piy.css                            0.28 kB │ gzip:   0.16 kB
dist/assets/CoreConcepts-DWPGOiid.css                            0.28 kB │ gzip:   0.16 kB
dist/assets/CoreConcepts-FNJKOrea.css                            0.28 kB │ gzip:   0.16 kB
dist/assets/CoreConcepts-FqX0tO2X.css                            0.28 kB │ gzip:   0.16 kB
dist/assets/CoreConcepts-kBlgnNGu.css                            0.28 kB │ gzip:   0.16 kB
dist/assets/InterviewQuestions-CjHHSpPx.css                      0.28 kB │ gzip:   0.16 kB
dist/assets/InterviewQuestions-D-fBIMx8.css                      0.28 kB │ gzip:   0.16 kB
dist/assets/Introduction-Bl3gJmaI.css                            0.28 kB │ gzip:   0.16 kB
dist/assets/Introduction-BmxuzCGh.css                            0.28 kB │ gzip:   0.16 kB
dist/assets/Introduction-BzQSwf83.css                            0.28 kB │ gzip:   0.16 kB
dist/assets/Introduction-CTh-KK64.css                            0.28 kB │ gzip:   0.16 kB
dist/assets/Introduction-CnXkNvTp.css                            0.28 kB │ gzip:   0.16 kB
dist/assets/Introduction-LavEzxJK.css                            0.28 kB │ gzip:   0.16 kB
dist/assets/PracticalGuide-BiGDlQGq.css                          0.28 kB │ gzip:   0.16 kB
dist/assets/PracticalGuide-CLZnaa2f.css                          0.28 kB │ gzip:   0.16 kB
dist/assets/PracticalGuide-CoN6-ocn.css                          0.28 kB │ gzip:   0.16 kB
dist/assets/PracticalGuide-DTOBU0PK.css                          0.28 kB │ gzip:   0.16 kB
dist/assets/PracticalGuide-J3FJEld8.css                          0.28 kB │ gzip:   0.16 kB
dist/assets/PracticalGuide-odEJkRox.css                          0.28 kB │ gzip:   0.16 kB
dist/assets/Architecture--e9vMGBe.css                            0.28 kB │ gzip:   0.16 kB
dist/assets/Architecture-BczJiUwl.css                            0.28 kB │ gzip:   0.16 kB
dist/assets/Architecture-Cs1jlBh1.css                            0.28 kB │ gzip:   0.16 kB
dist/assets/Architecture-D2uk8wk_.css                            0.28 kB │ gzip:   0.16 kB
dist/assets/Architecture-D54Tohn1.css                            0.28 kB │ gzip:   0.16 kB
dist/assets/Architecture-DEgbtbc9.css                            0.28 kB │ gzip:   0.16 kB
dist/assets/Architecture-Drob4mbD.css                            0.28 kB │ gzip:   0.16 kB
dist/assets/Architecture-DzYgjPbN.css                            0.28 kB │ gzip:   0.16 kB
dist/assets/Architecture-KBmx-icg.css                            0.28 kB │ gzip:   0.16 kB
dist/assets/BestPractices-BZXC_F46.css                           0.28 kB │ gzip:   0.16 kB
dist/assets/BestPractices-CEdHVjGv.css                           0.28 kB │ gzip:   0.16 kB
dist/assets/BestPractices-C_sO3LQg.css                           0.28 kB │ gzip:   0.16 kB
dist/assets/BestPractices-Cwrf24s5.css                           0.28 kB │ gzip:   0.16 kB
dist/assets/BestPractices-Dh0Mwdwi.css                           0.28 kB │ gzip:   0.16 kB
dist/assets/CoreConcepts-CjzGOKjI.css                            0.28 kB │ gzip:   0.16 kB
dist/assets/CoreConcepts-Dfkao1sp.css                            0.28 kB │ gzip:   0.16 kB
dist/assets/CoreConcepts-DvkA5aWa.css                            0.28 kB │ gzip:   0.16 kB
dist/assets/CoreConcepts-QlOmEyNI.css                            0.28 kB │ gzip:   0.16 kB
dist/assets/CoreConcepts-eVjqXHXu.css                            0.28 kB │ gzip:   0.16 kB
dist/assets/CoreConcepts-tAUhDlEc.css                            0.28 kB │ gzip:   0.16 kB
dist/assets/InterviewQuestions-BBvQmhbn.css                      0.28 kB │ gzip:   0.16 kB
dist/assets/InterviewQuestions-BOdn_FOI.css                      0.28 kB │ gzip:   0.16 kB
dist/assets/InterviewQuestions-BcE22t6U.css                      0.28 kB │ gzip:   0.16 kB
dist/assets/InterviewQuestions-CIhNHbfK.css                      0.28 kB │ gzip:   0.16 kB
dist/assets/InterviewQuestions-ohzVK_8U.css                      0.28 kB │ gzip:   0.16 kB
dist/assets/Introduction-B21QHW16.css                            0.28 kB │ gzip:   0.16 kB
dist/assets/Introduction-BGvRHJwO.css                            0.28 kB │ gzip:   0.16 kB
dist/assets/Introduction-BLUh4I1-.css                            0.28 kB │ gzip:   0.16 kB
dist/assets/Introduction-BlWmIfsJ.css                            0.28 kB │ gzip:   0.16 kB
dist/assets/Introduction-CJr7Bx69.css                            0.28 kB │ gzip:   0.16 kB
dist/assets/Introduction-CKFOKTxw.css                            0.28 kB │ gzip:   0.16 kB
dist/assets/Introduction-CVA3PvZR.css                            0.28 kB │ gzip:   0.16 kB
dist/assets/Introduction-L89l7tBk.css                            0.28 kB │ gzip:   0.16 kB
dist/assets/Introduction-f98Qk7-1.css                            0.28 kB │ gzip:   0.16 kB
dist/assets/PracticalGuide-B9I_wrh6.css                          0.28 kB │ gzip:   0.16 kB
dist/assets/PracticalGuide-BKXOl5q9.css                          0.28 kB │ gzip:   0.16 kB
dist/assets/PracticalGuide-BRKhZrz8.css                          0.28 kB │ gzip:   0.16 kB
dist/assets/PracticalGuide-CRxOurwF.css                          0.28 kB │ gzip:   0.16 kB
dist/assets/PracticalGuide-CZMEIdsy.css                          0.28 kB │ gzip:   0.16 kB
dist/assets/PracticalGuide-CgK9ocEw.css                          0.28 kB │ gzip:   0.16 kB
dist/assets/PracticalGuide-Ck59-riQ.css                          0.28 kB │ gzip:   0.16 kB
dist/assets/PracticalGuide-Cky_X-Ki.css                          0.28 kB │ gzip:   0.16 kB
dist/assets/PracticalGuide-CxGCAMyF.css                          0.28 kB │ gzip:   0.16 kB
dist/assets/PracticalGuide-D-R8ONIQ.css                          0.28 kB │ gzip:   0.16 kB
dist/assets/PracticalGuide-D0oU1OSP.css                          0.28 kB │ gzip:   0.16 kB
dist/assets/PracticalGuide-DIoe18nW.css                          0.28 kB │ gzip:   0.16 kB
dist/assets/PracticalGuide-DjQBYwBL.css                          0.28 kB │ gzip:   0.16 kB
dist/assets/PracticalGuide-rmj94q9t.css                          0.28 kB │ gzip:   0.16 kB
dist/assets/Architecture-1AVkqOfx.css                            0.29 kB │ gzip:   0.16 kB
dist/assets/Architecture-BQIz2-w5.css                            0.29 kB │ gzip:   0.16 kB
dist/assets/Architecture-BrDmD9Tt.css                            0.29 kB │ gzip:   0.16 kB
dist/assets/Architecture-N-WnOAKv.css                            0.29 kB │ gzip:   0.16 kB
dist/assets/Architecture-ZT945VQI.css                            0.29 kB │ gzip:   0.16 kB
dist/assets/BestPractices-BgHyiP3r.css                           0.29 kB │ gzip:   0.16 kB
dist/assets/BestPractices-CNx44urk.css                           0.29 kB │ gzip:   0.16 kB
dist/assets/BestPractices-DNAauWW1.css                           0.29 kB │ gzip:   0.16 kB
dist/assets/BestPractices-NGLxAH-K.css                           0.29 kB │ gzip:   0.16 kB
dist/assets/BestPractices-hRtuJYWj.css                           0.29 kB │ gzip:   0.16 kB
dist/assets/BestPractices-lp1KRHc-.css                           0.29 kB │ gzip:   0.16 kB
dist/assets/CoreConcepts-1U7hU9wn.css                            0.29 kB │ gzip:   0.16 kB
dist/assets/CoreConcepts-2Uz4t8BJ.css                            0.29 kB │ gzip:   0.16 kB
dist/assets/CoreConcepts-BBrTClgd.css                            0.29 kB │ gzip:   0.16 kB
dist/assets/CoreConcepts-BLSWIOPl.css                            0.29 kB │ gzip:   0.16 kB
dist/assets/CoreConcepts-C_jnd3Ev.css                            0.29 kB │ gzip:   0.16 kB
dist/assets/CoreConcepts-Cx5e3Mo9.css                            0.29 kB │ gzip:   0.16 kB
dist/assets/CoreConcepts-J3MyztJf.css                            0.29 kB │ gzip:   0.16 kB
dist/assets/CoreConcepts-aBxAoVG1.css                            0.29 kB │ gzip:   0.16 kB
dist/assets/CoreConcepts-wekSeJdP.css                            0.29 kB │ gzip:   0.16 kB
dist/assets/InterviewQuestions-BTgBS3eR.css                      0.29 kB │ gzip:   0.16 kB
dist/assets/InterviewQuestions-CUEp9xny.css                      0.29 kB │ gzip:   0.16 kB
dist/assets/InterviewQuestions-DjSbp6Pv.css                      0.29 kB │ gzip:   0.16 kB
dist/assets/InterviewQuestions-i3Bvtxqk.css                      0.29 kB │ gzip:   0.16 kB
dist/assets/InterviewQuestions-iBc4IurQ.css                      0.29 kB │ gzip:   0.16 kB
dist/assets/Introduction-BNP9cx-O.css                            0.29 kB │ gzip:   0.16 kB
dist/assets/Introduction-DMdULZLK.css                            0.29 kB │ gzip:   0.16 kB
dist/assets/Introduction-GVR9D3ti.css                            0.29 kB │ gzip:   0.16 kB
dist/assets/Introduction-H3yaOqLZ.css                            0.29 kB │ gzip:   0.16 kB
dist/assets/Introduction-nlWMxlnu.css                            0.29 kB │ gzip:   0.16 kB
dist/assets/PracticalGuide-BCaWgT9j.css                          0.29 kB │ gzip:   0.16 kB
dist/assets/PracticalGuide-DOG75NiN.css                          0.29 kB │ gzip:   0.16 kB
dist/assets/PracticalGuide-DThR-nc3.css                          0.29 kB │ gzip:   0.16 kB
dist/assets/PracticalGuide-DZPr0eu7.css                          0.29 kB │ gzip:   0.16 kB
dist/assets/PracticalGuide-Dt3hkEOh.css                          0.29 kB │ gzip:   0.16 kB
dist/assets/CoreConcepts-lG9HeggK.css                            0.29 kB │ gzip:   0.21 kB
dist/assets/Architecture-BAaT4LIv.css                            0.29 kB │ gzip:   0.16 kB
dist/assets/Architecture-BGKKMW0M.css                            0.29 kB │ gzip:   0.16 kB
dist/assets/Architecture-BOiAeBgZ.css                            0.29 kB │ gzip:   0.16 kB
dist/assets/Architecture-C2UAq72P.css                            0.29 kB │ gzip:   0.16 kB
dist/assets/Architecture-C52dZRHK.css                            0.29 kB │ gzip:   0.16 kB
dist/assets/Architecture-C9UmCC2M.css                            0.29 kB │ gzip:   0.16 kB
dist/assets/Architecture-CRJEAtrg.css                            0.29 kB │ gzip:   0.16 kB
dist/assets/Architecture-CfcomANn.css                            0.29 kB │ gzip:   0.16 kB
dist/assets/Architecture-CuNVafjw.css                            0.29 kB │ gzip:   0.16 kB
dist/assets/Architecture-D41ka6ae.css                            0.29 kB │ gzip:   0.16 kB
dist/assets/Architecture-DOP6aro5.css                            0.29 kB │ gzip:   0.16 kB
dist/assets/Architecture-DYaZwQEU.css                            0.29 kB │ gzip:   0.16 kB
dist/assets/Architecture-ZDVmBCjM.css                            0.29 kB │ gzip:   0.16 kB
dist/assets/BestPractices-B8aqipME.css                           0.29 kB │ gzip:   0.16 kB
dist/assets/BestPractices-CXhpR7hv.css                           0.29 kB │ gzip:   0.16 kB
dist/assets/BestPractices-CbVJOQak.css                           0.29 kB │ gzip:   0.16 kB
dist/assets/BestPractices-CukY5lmP.css                           0.29 kB │ gzip:   0.16 kB
dist/assets/BestPractices-DVQZYz5H.css                           0.29 kB │ gzip:   0.16 kB
dist/assets/BestPractices-DvGM7tBH.css                           0.29 kB │ gzip:   0.16 kB
dist/assets/BestPractices-L0uoOwZt.css                           0.29 kB │ gzip:   0.16 kB
dist/assets/BestPractices-YX2cHy28.css                           0.29 kB │ gzip:   0.16 kB
dist/assets/BestPractices-w2cwY5nc.css                           0.29 kB │ gzip:   0.16 kB
dist/assets/CoreConcepts-BfeUfgNE.css                            0.29 kB │ gzip:   0.16 kB
dist/assets/CoreConcepts-BwkFoNAu.css                            0.29 kB │ gzip:   0.16 kB
dist/assets/CoreConcepts-D4NCtNjg.css                            0.29 kB │ gzip:   0.16 kB
dist/assets/CoreConcepts-JovOLEN-.css                            0.29 kB │ gzip:   0.16 kB
dist/assets/CoreConcepts-cYHbzRWh.css                            0.29 kB │ gzip:   0.16 kB
dist/assets/InterviewQuestions-BLy4mi25.css                      0.29 kB │ gzip:   0.16 kB
dist/assets/InterviewQuestions-BZwHNeHA.css                      0.29 kB │ gzip:   0.16 kB
dist/assets/InterviewQuestions-BikvocKw.css                      0.29 kB │ gzip:   0.16 kB
dist/assets/InterviewQuestions-C54JEbaC.css                      0.29 kB │ gzip:   0.16 kB
dist/assets/InterviewQuestions-CHLtd5eC.css                      0.29 kB │ gzip:   0.16 kB
dist/assets/InterviewQuestions-CcJgjWkM.css                      0.29 kB │ gzip:   0.16 kB
dist/assets/InterviewQuestions-CwTJ0jkE.css                      0.29 kB │ gzip:   0.16 kB
dist/assets/Introduction-9VimkAxQ.css                            0.29 kB │ gzip:   0.16 kB
dist/assets/Introduction-B0wnYjpV.css                            0.29 kB │ gzip:   0.16 kB
dist/assets/Introduction-B1Ena7iM.css                            0.29 kB │ gzip:   0.16 kB
dist/assets/Introduction-BVzx72_t.css                            0.29 kB │ gzip:   0.16 kB
dist/assets/Introduction-BrmW9tkB.css                            0.29 kB │ gzip:   0.16 kB
dist/assets/Introduction-C4u8qL7N.css                            0.29 kB │ gzip:   0.16 kB
dist/assets/Introduction-CAUw5lxo.css                            0.29 kB │ gzip:   0.16 kB
dist/assets/Introduction-CXBFGozj.css                            0.29 kB │ gzip:   0.16 kB
dist/assets/Introduction-DV4qqAR8.css                            0.29 kB │ gzip:   0.16 kB
dist/assets/Introduction-Df7EqeU4.css                            0.29 kB │ gzip:   0.16 kB
dist/assets/Introduction-Drbwooxn.css                            0.29 kB │ gzip:   0.16 kB
dist/assets/Introduction-JQW77QkO.css                            0.29 kB │ gzip:   0.16 kB
dist/assets/Introduction-z6_AgHR_.css                            0.29 kB │ gzip:   0.16 kB
dist/assets/PracticalGuide-B5gDMnFe.css                          0.29 kB │ gzip:   0.16 kB
dist/assets/PracticalGuide-CB6dgUiE.css                          0.29 kB │ gzip:   0.16 kB
dist/assets/PracticalGuide-CC-8eX61.css                          0.29 kB │ gzip:   0.16 kB
dist/assets/PracticalGuide-Dug4BSOp.css                          0.29 kB │ gzip:   0.16 kB
dist/assets/PracticalGuide-MCrZHjLl.css                          0.29 kB │ gzip:   0.16 kB
dist/assets/PracticalGuide-_4Oy_9ug.css                          0.29 kB │ gzip:   0.16 kB
dist/assets/Architecture-BSP1m7GN.css                            0.29 kB │ gzip:   0.16 kB
dist/assets/Architecture-Bx48iMag.css                            0.29 kB │ gzip:   0.16 kB
dist/assets/Architecture-CHlHjj11.css                            0.29 kB │ gzip:   0.16 kB
dist/assets/Architecture-Cdb_0jUX.css                            0.29 kB │ gzip:   0.16 kB
dist/assets/Architecture-CnWTzfmW.css                            0.29 kB │ gzip:   0.16 kB
dist/assets/Architecture-Cnz4Z6If.css                            0.29 kB │ gzip:   0.16 kB
dist/assets/Architecture-D3DJ1nIt.css                            0.29 kB │ gzip:   0.16 kB
dist/assets/Architecture-DFZehpJ-.css                            0.29 kB │ gzip:   0.16 kB
dist/assets/Architecture-DUdNagMF.css                            0.29 kB │ gzip:   0.16 kB
dist/assets/Architecture-wT19zi8T.css                            0.29 kB │ gzip:   0.16 kB
dist/assets/BestPractices-9Vb8rFf9.css                           0.29 kB │ gzip:   0.16 kB
dist/assets/BestPractices-B2M4alvB.css                           0.29 kB │ gzip:   0.16 kB
dist/assets/BestPractices-Bg4SWB3N.css                           0.29 kB │ gzip:   0.16 kB
dist/assets/BestPractices-CDWscqnG.css                           0.29 kB │ gzip:   0.16 kB
dist/assets/BestPractices-CrJYcQHf.css                           0.29 kB │ gzip:   0.16 kB
dist/assets/CoreConcepts-Bipaacas.css                            0.29 kB │ gzip:   0.16 kB
dist/assets/CoreConcepts-C6I0sRiK.css                            0.29 kB │ gzip:   0.16 kB
dist/assets/CoreConcepts-C8iKeCJe.css                            0.29 kB │ gzip:   0.16 kB
dist/assets/CoreConcepts-CfboeFVu.css                            0.29 kB │ gzip:   0.16 kB
dist/assets/CoreConcepts-Cq9tqCKD.css                            0.29 kB │ gzip:   0.16 kB
dist/assets/CoreConcepts-D96KDAdD.css                            0.29 kB │ gzip:   0.16 kB
dist/assets/CoreConcepts-DDpe_Kui.css                            0.29 kB │ gzip:   0.16 kB
dist/assets/CoreConcepts-DVbKLfKK.css                            0.29 kB │ gzip:   0.16 kB
dist/assets/CoreConcepts-Gn4d5Bb6.css                            0.29 kB │ gzip:   0.16 kB
dist/assets/CoreConcepts-PRIp0qG7.css                            0.29 kB │ gzip:   0.16 kB
dist/assets/CoreConcepts-Rf_4Yb1A.css                            0.29 kB │ gzip:   0.16 kB
dist/assets/CoreConcepts-wB3CGRQj.css                            0.29 kB │ gzip:   0.16 kB
dist/assets/CoreConcepts-waq-0dyP.css                            0.29 kB │ gzip:   0.16 kB
dist/assets/InterviewQuestions-96qDY-xV.css                      0.29 kB │ gzip:   0.16 kB
dist/assets/InterviewQuestions-C5HA29H6.css                      0.29 kB │ gzip:   0.16 kB
dist/assets/InterviewQuestions-CGFYWd7W.css                      0.29 kB │ gzip:   0.16 kB
dist/assets/InterviewQuestions-CXVwoozw.css                      0.29 kB │ gzip:   0.16 kB
dist/assets/InterviewQuestions-PsSC_YGZ.css                      0.29 kB │ gzip:   0.16 kB
dist/assets/InterviewQuestions-TWcWKyvr.css                      0.29 kB │ gzip:   0.16 kB
dist/assets/Introduction-AJeo-ip2.css                            0.29 kB │ gzip:   0.16 kB
dist/assets/Introduction-B0gcMdo6.css                            0.29 kB │ gzip:   0.16 kB
dist/assets/Introduction-B23GRyua.css                            0.29 kB │ gzip:   0.16 kB
dist/assets/Introduction-BIcnhCNr.css                            0.29 kB │ gzip:   0.16 kB
dist/assets/Introduction-BoRuDg22.css                            0.29 kB │ gzip:   0.16 kB
dist/assets/Introduction-CDx53Wsg.css                            0.29 kB │ gzip:   0.16 kB
dist/assets/Introduction-CT8NrLty.css                            0.29 kB │ gzip:   0.16 kB
dist/assets/Introduction-CqHFaa1n.css                            0.29 kB │ gzip:   0.16 kB
dist/assets/Introduction-Di55XkP7.css                            0.29 kB │ gzip:   0.16 kB
dist/assets/Introduction-VgtwiiDJ.css                            0.29 kB │ gzip:   0.16 kB
dist/assets/PracticalGuide-B1u2U3yx.css                          0.29 kB │ gzip:   0.16 kB
dist/assets/PracticalGuide-BM9YZ56e.css                          0.29 kB │ gzip:   0.16 kB
dist/assets/PracticalGuide-BrXAJXRc.css                          0.29 kB │ gzip:   0.16 kB
dist/assets/PracticalGuide-Bzd7ULfC.css                          0.29 kB │ gzip:   0.16 kB
dist/assets/PracticalGuide-CFnFMRGz.css                          0.29 kB │ gzip:   0.16 kB
dist/assets/PracticalGuide-CgtP6zqs.css                          0.29 kB │ gzip:   0.16 kB
dist/assets/PracticalGuide-D65uYITB.css                          0.29 kB │ gzip:   0.16 kB
dist/assets/PracticalGuide-DVV1h_s6.css                          0.29 kB │ gzip:   0.16 kB
dist/assets/PracticalGuide-cySudtOa.css                          0.29 kB │ gzip:   0.16 kB
dist/assets/Architecture-BrIhqi5P.css                            0.30 kB │ gzip:   0.16 kB
dist/assets/Architecture-CZJ7zSsF.css                            0.30 kB │ gzip:   0.16 kB
dist/assets/Architecture-CnAkeylO.css                            0.30 kB │ gzip:   0.16 kB
dist/assets/Architecture-D4NOffTG.css                            0.30 kB │ gzip:   0.16 kB
dist/assets/Architecture-DDtlKm6B.css                            0.30 kB │ gzip:   0.16 kB
dist/assets/Architecture-DGejs6TP.css                            0.30 kB │ gzip:   0.16 kB
dist/assets/Architecture-Dc7bdiBS.css                            0.30 kB │ gzip:   0.16 kB
dist/assets/Architecture-Dzu3Mfgc.css                            0.30 kB │ gzip:   0.16 kB
dist/assets/Architecture-rByf0VRS.css                            0.30 kB │ gzip:   0.16 kB
dist/assets/BestPractices-4e2N6Go9.css                           0.30 kB │ gzip:   0.16 kB
dist/assets/BestPractices-8s4ZaJPp.css                           0.30 kB │ gzip:   0.16 kB
dist/assets/BestPractices-BMNm7e-p.css                           0.30 kB │ gzip:   0.16 kB
dist/assets/BestPractices-BOA1Qct7.css                           0.30 kB │ gzip:   0.16 kB
dist/assets/BestPractices-BiGCYJSs.css                           0.30 kB │ gzip:   0.16 kB
dist/assets/BestPractices-CGooj1vL.css                           0.30 kB │ gzip:   0.16 kB
dist/assets/BestPractices-COHwx-7H.css                           0.30 kB │ gzip:   0.16 kB
dist/assets/BestPractices-CkkISaQZ.css                           0.30 kB │ gzip:   0.16 kB
dist/assets/BestPractices-DGIg_96X.css                           0.30 kB │ gzip:   0.16 kB
dist/assets/BestPractices-DgW9Dk8e.css                           0.30 kB │ gzip:   0.16 kB
dist/assets/BestPractices-DzSzYrti.css                           0.30 kB │ gzip:   0.16 kB
dist/assets/BestPractices-a56MxHvO.css                           0.30 kB │ gzip:   0.16 kB
dist/assets/BestPractices-gKCdt0e7.css                           0.30 kB │ gzip:   0.16 kB
dist/assets/CoreConcepts-0OP4V-tU.css                            0.30 kB │ gzip:   0.16 kB
dist/assets/CoreConcepts-B2bI6XDl.css                            0.30 kB │ gzip:   0.16 kB
dist/assets/CoreConcepts-C2O08HEl.css                            0.30 kB │ gzip:   0.16 kB
dist/assets/CoreConcepts-C5mWtlzK.css                            0.30 kB │ gzip:   0.16 kB
dist/assets/CoreConcepts-CJwyMgek.css                            0.30 kB │ gzip:   0.16 kB
dist/assets/CoreConcepts-DfuueJdp.css                            0.30 kB │ gzip:   0.16 kB
dist/assets/CoreConcepts-DjthVDbT.css                            0.30 kB │ gzip:   0.16 kB
dist/assets/CoreConcepts-Dy39R08H.css                            0.30 kB │ gzip:   0.16 kB
dist/assets/CoreConcepts-_RLoKPhN.css                            0.30 kB │ gzip:   0.16 kB
dist/assets/CoreConcepts-h4jO9tCt.css                            0.30 kB │ gzip:   0.16 kB
dist/assets/InterviewQuestions-AT-BnF12.css                      0.30 kB │ gzip:   0.16 kB
dist/assets/InterviewQuestions-BUWoAQYK.css                      0.30 kB │ gzip:   0.16 kB
dist/assets/InterviewQuestions-BWM1XE-_.css                      0.30 kB │ gzip:   0.16 kB
dist/assets/InterviewQuestions-Bnfd2So5.css                      0.30 kB │ gzip:   0.16 kB
dist/assets/InterviewQuestions-ByIpQGfR.css                      0.30 kB │ gzip:   0.16 kB
dist/assets/InterviewQuestions-C-Q2OAmy.css                      0.30 kB │ gzip:   0.16 kB
dist/assets/InterviewQuestions-CRaFC2di.css                      0.30 kB │ gzip:   0.16 kB
dist/assets/InterviewQuestions-CVmlaWKj.css                      0.30 kB │ gzip:   0.16 kB
dist/assets/InterviewQuestions-CphmcKWr.css                      0.30 kB │ gzip:   0.16 kB
dist/assets/InterviewQuestions-CsBpDsqQ.css                      0.30 kB │ gzip:   0.16 kB
dist/assets/InterviewQuestions-CupUOp7r.css                      0.30 kB │ gzip:   0.16 kB
dist/assets/InterviewQuestions-P2WvA9rP.css                      0.30 kB │ gzip:   0.16 kB
dist/assets/InterviewQuestions-PEXLKeaz.css                      0.30 kB │ gzip:   0.16 kB
dist/assets/InterviewQuestions-jDOOgnLv.css                      0.30 kB │ gzip:   0.16 kB
dist/assets/Introduction-9vm3RcqS.css                            0.30 kB │ gzip:   0.16 kB
dist/assets/Introduction-BfshWJbH.css                            0.30 kB │ gzip:   0.16 kB
dist/assets/Introduction-CFcNilaV.css                            0.30 kB │ gzip:   0.16 kB
dist/assets/Introduction-CvQszijk.css                            0.30 kB │ gzip:   0.16 kB
dist/assets/Introduction-DIOLhTuA.css                            0.30 kB │ gzip:   0.16 kB
dist/assets/Introduction-DTLnxCkJ.css                            0.30 kB │ gzip:   0.16 kB
dist/assets/Introduction-DTm19MvI.css                            0.30 kB │ gzip:   0.16 kB
dist/assets/Introduction-DdgiZAiY.css                            0.30 kB │ gzip:   0.16 kB
dist/assets/Introduction-WLWVQJ-1.css                            0.30 kB │ gzip:   0.16 kB
dist/assets/PracticalGuide-7Bwc36Sw.css                          0.30 kB │ gzip:   0.16 kB
dist/assets/PracticalGuide-BJ35Qk8C.css                          0.30 kB │ gzip:   0.16 kB
dist/assets/PracticalGuide-CI-nfr9Y.css                          0.30 kB │ gzip:   0.16 kB
dist/assets/PracticalGuide-Cqqdz6qf.css                          0.30 kB │ gzip:   0.16 kB
dist/assets/PracticalGuide-uI6xRv_I.css                          0.30 kB │ gzip:   0.16 kB
dist/assets/Architecture-B2VpwBl5.css                            0.30 kB │ gzip:   0.16 kB
dist/assets/Architecture-B4NI1gOU.css                            0.30 kB │ gzip:   0.16 kB
dist/assets/Architecture-C7aArUhP.css                            0.30 kB │ gzip:   0.16 kB
dist/assets/Architecture-DH24jjX4.css                            0.30 kB │ gzip:   0.16 kB
dist/assets/Architecture-DSjOfaTk.css                            0.30 kB │ gzip:   0.16 kB
dist/assets/Architecture-eN56vfVi.css                            0.30 kB │ gzip:   0.16 kB
dist/assets/BestPractices-BPsyU0SD.css                           0.30 kB │ gzip:   0.16 kB
dist/assets/BestPractices-BlHS0Fl2.css                           0.30 kB │ gzip:   0.16 kB
dist/assets/BestPractices-C46jN40t.css                           0.30 kB │ gzip:   0.16 kB
dist/assets/BestPractices-C5LfEFcl.css                           0.30 kB │ gzip:   0.16 kB
dist/assets/BestPractices-CEeC9KKW.css                           0.30 kB │ gzip:   0.16 kB
dist/assets/BestPractices-CwjdkaDW.css                           0.30 kB │ gzip:   0.16 kB
dist/assets/BestPractices-DDI3dAt_.css                           0.30 kB │ gzip:   0.16 kB
dist/assets/BestPractices-Dv-YuMOm.css                           0.30 kB │ gzip:   0.16 kB
dist/assets/BestPractices-Ng-ZTnXO.css                           0.30 kB │ gzip:   0.16 kB
dist/assets/BestPractices-ooJin4Zn.css                           0.30 kB │ gzip:   0.16 kB
dist/assets/CoreConcepts-BfoDmZsX.css                            0.30 kB │ gzip:   0.16 kB
dist/assets/CoreConcepts-BkGN1Nvk.css                            0.30 kB │ gzip:   0.16 kB
dist/assets/CoreConcepts-Bovcsey4.css                            0.30 kB │ gzip:   0.16 kB
dist/assets/CoreConcepts-Cq79Jv_p.css                            0.30 kB │ gzip:   0.16 kB
dist/assets/CoreConcepts-Cvkm44q3.css                            0.30 kB │ gzip:   0.16 kB
dist/assets/CoreConcepts-DgvRj9oE.css                            0.30 kB │ gzip:   0.16 kB
dist/assets/CoreConcepts-s11MuXLg.css                            0.30 kB │ gzip:   0.16 kB
dist/assets/CoreConcepts-xGyHkgVn.css                            0.30 kB │ gzip:   0.16 kB
dist/assets/CoreConcepts-xNtvYIhJ.css                            0.30 kB │ gzip:   0.16 kB
dist/assets/InterviewQuestions-CFbZxZpK.css                      0.30 kB │ gzip:   0.16 kB
dist/assets/InterviewQuestions-CKaTfYFp.css                      0.30 kB │ gzip:   0.16 kB
dist/assets/InterviewQuestions-CMO_iUAs.css                      0.30 kB │ gzip:   0.16 kB
dist/assets/InterviewQuestions-DhJ3VPGC.css                      0.30 kB │ gzip:   0.16 kB
dist/assets/InterviewQuestions-SYqOy9XE.css                      0.30 kB │ gzip:   0.16 kB
dist/assets/Introduction-Bsns64BF.css                            0.30 kB │ gzip:   0.16 kB
dist/assets/Introduction-C13IcHS_.css                            0.30 kB │ gzip:   0.16 kB
dist/assets/Introduction-C_W_-GKR.css                            0.30 kB │ gzip:   0.16 kB
dist/assets/Introduction-Dx63g1x8.css                            0.30 kB │ gzip:   0.16 kB
dist/assets/Introduction-SFgtqnpm.css                            0.30 kB │ gzip:   0.16 kB
dist/assets/Introduction-eBtwSovs.css                            0.30 kB │ gzip:   0.16 kB
dist/assets/PracticalGuide--b1k4k9E.css                          0.30 kB │ gzip:   0.16 kB
dist/assets/PracticalGuide-B-XIxBWn.css                          0.30 kB │ gzip:   0.16 kB
dist/assets/PracticalGuide-BPiGIsW5.css                          0.30 kB │ gzip:   0.16 kB
dist/assets/PracticalGuide-BriEWcH7.css                          0.30 kB │ gzip:   0.16 kB
dist/assets/PracticalGuide-CL1-GHho.css                          0.30 kB │ gzip:   0.16 kB
dist/assets/PracticalGuide-Ck33zMM6.css                          0.30 kB │ gzip:   0.16 kB
dist/assets/PracticalGuide-DSFD4y-w.css                          0.30 kB │ gzip:   0.16 kB
dist/assets/PracticalGuide-Dm3QIXC1.css                          0.30 kB │ gzip:   0.16 kB
dist/assets/PracticalGuide-Dmwr0sAT.css                          0.30 kB │ gzip:   0.16 kB
dist/assets/PracticalGuide-F4RGWWnA.css                          0.30 kB │ gzip:   0.16 kB
dist/assets/PracticalGuide-M6iSD8-V.css                          0.30 kB │ gzip:   0.16 kB
dist/assets/PracticalGuide-PYeR1Uwf.css                          0.30 kB │ gzip:   0.16 kB
dist/assets/PracticalGuide-mFe634K5.css                          0.30 kB │ gzip:   0.16 kB
dist/assets/CoreConcepts-ChhfPHw8.css                            0.30 kB │ gzip:   0.21 kB
dist/assets/Architecture-50JYEL0f.css                            0.30 kB │ gzip:   0.16 kB
dist/assets/Architecture-BDfv_VFm.css                            0.30 kB │ gzip:   0.16 kB
dist/assets/Architecture-CRW1caYj.css                            0.30 kB │ gzip:   0.16 kB
dist/assets/Architecture-DeEwkhno.css                            0.30 kB │ gzip:   0.16 kB
dist/assets/Architecture-Djo0QYh-.css                            0.30 kB │ gzip:   0.16 kB
dist/assets/Architecture-UIJ2H-Jq.css                            0.30 kB │ gzip:   0.16 kB
dist/assets/Architecture-Yx4SkjIW.css                            0.30 kB │ gzip:   0.16 kB
dist/assets/BestPractices-BArmfunh.css                           0.30 kB │ gzip:   0.16 kB
dist/assets/BestPractices-B_LGDrc4.css                           0.30 kB │ gzip:   0.16 kB
dist/assets/BestPractices-CopANDrK.css                           0.30 kB │ gzip:   0.16 kB
dist/assets/BestPractices-D0vAQ4ro.css                           0.30 kB │ gzip:   0.16 kB
dist/assets/BestPractices-DFTKwcZc.css                           0.30 kB │ gzip:   0.16 kB
dist/assets/BestPractices-DaxAXY8D.css                           0.30 kB │ gzip:   0.16 kB
dist/assets/BestPractices-Dmy9J6Mv.css                           0.30 kB │ gzip:   0.16 kB
dist/assets/BestPractices-R5qclT19.css                           0.30 kB │ gzip:   0.16 kB
dist/assets/BestPractices-lmIYvWWZ.css                           0.30 kB │ gzip:   0.16 kB
dist/assets/CoreConcepts-B5wIoaCQ.css                            0.30 kB │ gzip:   0.16 kB
dist/assets/CoreConcepts-BUOQ4UBO.css                            0.30 kB │ gzip:   0.16 kB
dist/assets/CoreConcepts-C6GC2gLz.css                            0.30 kB │ gzip:   0.16 kB
dist/assets/CoreConcepts-CDHbVZl7.css                            0.30 kB │ gzip:   0.16 kB
dist/assets/CoreConcepts-CKEQ1xlN.css                            0.30 kB │ gzip:   0.16 kB
dist/assets/CoreConcepts-Dh-K8hKy.css                            0.30 kB │ gzip:   0.16 kB
dist/assets/InterviewQuestions-B0iNeCsd.css                      0.30 kB │ gzip:   0.16 kB
dist/assets/InterviewQuestions-Bm6XStpO.css                      0.30 kB │ gzip:   0.16 kB
dist/assets/InterviewQuestions-BrJhdEle.css                      0.30 kB │ gzip:   0.16 kB
dist/assets/InterviewQuestions-DOJtSDR6.css                      0.30 kB │ gzip:   0.16 kB
dist/assets/InterviewQuestions-Dm5vAi8i.css                      0.30 kB │ gzip:   0.16 kB
dist/assets/InterviewQuestions-hdtCzsuC.css                      0.30 kB │ gzip:   0.16 kB
dist/assets/Introduction-BWXMCJ2w.css                            0.30 kB │ gzip:   0.16 kB
dist/assets/Introduction-BeEbIBiz.css                            0.30 kB │ gzip:   0.16 kB
dist/assets/Introduction-CS3kf62q.css                            0.30 kB │ gzip:   0.16 kB
dist/assets/Introduction-ClIcTduu.css                            0.30 kB │ gzip:   0.16 kB
dist/assets/Introduction-DwDMpSHB.css                            0.30 kB │ gzip:   0.16 kB
dist/assets/Introduction-QgNrio6t.css                            0.30 kB │ gzip:   0.16 kB
dist/assets/Introduction-rZyUmJsq.css                            0.30 kB │ gzip:   0.16 kB
dist/assets/PracticalGuide-BAOmfe9V.css                          0.30 kB │ gzip:   0.16 kB
dist/assets/PracticalGuide-BsklZ7B0.css                          0.30 kB │ gzip:   0.16 kB
dist/assets/PracticalGuide-BwGilr2B.css                          0.30 kB │ gzip:   0.16 kB
dist/assets/PracticalGuide-CLbWHtwL.css                          0.30 kB │ gzip:   0.16 kB
dist/assets/PracticalGuide-Cnf9dthP.css                          0.30 kB │ gzip:   0.16 kB
dist/assets/PracticalGuide-GqKEG4JP.css                          0.30 kB │ gzip:   0.16 kB
dist/assets/PracticalGuide-f-76bU5u.css                          0.30 kB │ gzip:   0.16 kB
dist/assets/PracticalGuide-f96cVKH-.css                          0.30 kB │ gzip:   0.16 kB
dist/assets/PracticalGuide-fveX42h0.css                          0.30 kB │ gzip:   0.16 kB
dist/assets/PracticalGuide-jZtvjNEU.css                          0.30 kB │ gzip:   0.16 kB
dist/assets/Architecture-8HPUUbxG.css                            0.30 kB │ gzip:   0.16 kB
dist/assets/Architecture-CK587_qS.css                            0.30 kB │ gzip:   0.16 kB
dist/assets/Architecture-CNfiaDBA.css                            0.30 kB │ gzip:   0.16 kB
dist/assets/Architecture-CzvhyJRQ.css                            0.30 kB │ gzip:   0.16 kB
dist/assets/Architecture-DDSYGlbv.css                            0.30 kB │ gzip:   0.16 kB
dist/assets/Architecture-DJtXdqbm.css                            0.30 kB │ gzip:   0.16 kB
dist/assets/Architecture-fNLtlXMm.css                            0.30 kB │ gzip:   0.16 kB
dist/assets/BestPractices-Bh9x-JdN.css                           0.30 kB │ gzip:   0.16 kB
dist/assets/BestPractices-C9L-omZ3.css                           0.30 kB │ gzip:   0.16 kB
dist/assets/BestPractices-DjjM4kRn.css                           0.30 kB │ gzip:   0.16 kB
dist/assets/BestPractices-Lwj4tnFO.css                           0.30 kB │ gzip:   0.16 kB
dist/assets/BestPractices-iazq7UTv.css                           0.30 kB │ gzip:   0.16 kB
dist/assets/BestPractices-tciEF7Mc.css                           0.30 kB │ gzip:   0.16 kB
dist/assets/CoreConcepts-BbmtnGlb.css                            0.30 kB │ gzip:   0.16 kB
dist/assets/CoreConcepts-BfJRdVd0.css                            0.30 kB │ gzip:   0.16 kB
dist/assets/CoreConcepts-BpiMLaeN.css                            0.30 kB │ gzip:   0.16 kB
dist/assets/CoreConcepts-C_O_H0Gf.css                            0.30 kB │ gzip:   0.16 kB
dist/assets/CoreConcepts-D4IqDbwT.css                            0.30 kB │ gzip:   0.16 kB
dist/assets/CoreConcepts-D95i52Ez.css                            0.30 kB │ gzip:   0.16 kB
dist/assets/CoreConcepts-DmdUKcTh.css                            0.30 kB │ gzip:   0.16 kB
dist/assets/InterviewQuestions-B3ZzSqz_.css                      0.30 kB │ gzip:   0.17 kB
dist/assets/InterviewQuestions-BebKHbR3.css                      0.30 kB │ gzip:   0.16 kB
dist/assets/InterviewQuestions-BpP_eZew.css                      0.30 kB │ gzip:   0.16 kB
dist/assets/InterviewQuestions-BvbM7CWt.css                      0.30 kB │ gzip:   0.16 kB
dist/assets/InterviewQuestions-CuvVGfb8.css                      0.30 kB │ gzip:   0.17 kB
dist/assets/InterviewQuestions-DHdUkbY7.css                      0.30 kB │ gzip:   0.16 kB
dist/assets/InterviewQuestions-DUEf0V8j.css                      0.30 kB │ gzip:   0.16 kB
dist/assets/InterviewQuestions-XPTUzGRF.css                      0.30 kB │ gzip:   0.17 kB
dist/assets/InterviewQuestions-jZTw3pMZ.css                      0.30 kB │ gzip:   0.16 kB
dist/assets/Introduction-BdIb-6Rb.css                            0.30 kB │ gzip:   0.16 kB
dist/assets/Introduction-BlaYIvi4.css                            0.30 kB │ gzip:   0.16 kB
dist/assets/Introduction-Bw-LDdYP.css                            0.30 kB │ gzip:   0.16 kB
dist/assets/Introduction-DNI87FUM.css                            0.30 kB │ gzip:   0.16 kB
dist/assets/Introduction-DiuONyGh.css                            0.30 kB │ gzip:   0.16 kB
dist/assets/Introduction-F_NrFEaj.css                            0.30 kB │ gzip:   0.16 kB
dist/assets/Introduction-YOorgu9F.css                            0.30 kB │ gzip:   0.16 kB
dist/assets/PracticalGuide-B9lyNcgE.css                          0.30 kB │ gzip:   0.16 kB
dist/assets/PracticalGuide-BTab82hE.css                          0.30 kB │ gzip:   0.16 kB
dist/assets/PracticalGuide-BXUDJ1gK.css                          0.30 kB │ gzip:   0.16 kB
dist/assets/PracticalGuide-BxAWspty.css                          0.30 kB │ gzip:   0.16 kB
dist/assets/PracticalGuide-ClFLOt9N.css                          0.30 kB │ gzip:   0.16 kB
dist/assets/PracticalGuide-D1YKNM6L.css                          0.30 kB │ gzip:   0.16 kB
dist/assets/PracticalGuide-DAYcV6Ex.css                          0.30 kB │ gzip:   0.16 kB
dist/assets/PracticalGuide-DSWkZyfg.css                          0.30 kB │ gzip:   0.16 kB
dist/assets/PracticalGuide-aQYqhrGy.css                          0.30 kB │ gzip:   0.16 kB
dist/assets/Architecture-ACi68DZj.css                            0.31 kB │ gzip:   0.17 kB
dist/assets/Architecture-B3GAfSBF.css                            0.31 kB │ gzip:   0.16 kB
dist/assets/Architecture-BT8mVd1K.css                            0.31 kB │ gzip:   0.16 kB
dist/assets/Architecture-CvQGJ8wj.css                            0.31 kB │ gzip:   0.16 kB
dist/assets/Architecture-D0eGB6Nr.css                            0.31 kB │ gzip:   0.16 kB
dist/assets/Architecture-KR8lC08K.css                            0.31 kB │ gzip:   0.16 kB
dist/assets/Architecture-dBn9Qsul.css                            0.31 kB │ gzip:   0.16 kB
dist/assets/Architecture-gIG_nQPg.css                            0.31 kB │ gzip:   0.16 kB
dist/assets/Architecture-gqgdrCFC.css                            0.31 kB │ gzip:   0.16 kB
dist/assets/BestPractices-CfbHsFJK.css                           0.31 kB │ gzip:   0.16 kB
dist/assets/BestPractices-CwBlLpKN.css                           0.31 kB │ gzip:   0.16 kB
dist/assets/BestPractices-D3nu-vnr.css                           0.31 kB │ gzip:   0.16 kB
dist/assets/BestPractices-DGOVz5jN.css                           0.31 kB │ gzip:   0.16 kB
dist/assets/BestPractices-DTK2_tQZ.css                           0.31 kB │ gzip:   0.16 kB
dist/assets/BestPractices-LKTDwBcT.css                           0.31 kB │ gzip:   0.16 kB
dist/assets/BestPractices-truyeUEp.css                           0.31 kB │ gzip:   0.16 kB
dist/assets/CoreConcepts-BvpPVvAU.css                            0.31 kB │ gzip:   0.16 kB
dist/assets/CoreConcepts-Ca5t-R9c.css                            0.31 kB │ gzip:   0.16 kB
dist/assets/CoreConcepts-CfGYdlvB.css                            0.31 kB │ gzip:   0.16 kB
dist/assets/CoreConcepts-DAI-9mHf.css                            0.31 kB │ gzip:   0.16 kB
dist/assets/CoreConcepts-DJM1df1u.css                            0.31 kB │ gzip:   0.16 kB
dist/assets/CoreConcepts-DaQ67rLl.css                            0.31 kB │ gzip:   0.16 kB
dist/assets/CoreConcepts-KEAMeAEP.css                            0.31 kB │ gzip:   0.16 kB
dist/assets/InterviewQuestions-CKGUbpfm.css                      0.31 kB │ gzip:   0.16 kB
dist/assets/InterviewQuestions-CTScwGeA.css                      0.31 kB │ gzip:   0.17 kB
dist/assets/InterviewQuestions-CdzoixGC.css                      0.31 kB │ gzip:   0.17 kB
dist/assets/InterviewQuestions-D2oU2H3W.css                      0.31 kB │ gzip:   0.17 kB
dist/assets/InterviewQuestions-qAz3SUZA.css                      0.31 kB │ gzip:   0.16 kB
dist/assets/Introduction-B95DnPbL.css                            0.31 kB │ gzip:   0.16 kB
dist/assets/Introduction-BHy-9nEg.css                            0.31 kB │ gzip:   0.17 kB
dist/assets/Introduction-BX_BoZwQ.css                            0.31 kB │ gzip:   0.16 kB
dist/assets/Introduction-BkZg1PJc.css                            0.31 kB │ gzip:   0.16 kB
dist/assets/Introduction-CVwpyuxA.css                            0.31 kB │ gzip:   0.16 kB
dist/assets/Introduction-D4WF3bh3.css                            0.31 kB │ gzip:   0.16 kB
dist/assets/Introduction-DLEztDA-.css                            0.31 kB │ gzip:   0.16 kB
dist/assets/Introduction-DsdQ7kbK.css                            0.31 kB │ gzip:   0.17 kB
dist/assets/Introduction-k7r9eGCI.css                            0.31 kB │ gzip:   0.16 kB
dist/assets/PracticalGuide-BnzO18dV.css                          0.31 kB │ gzip:   0.16 kB
dist/assets/PracticalGuide-DlDDEfsl.css                          0.31 kB │ gzip:   0.16 kB
dist/assets/PracticalGuide-DppU4g9T.css                          0.31 kB │ gzip:   0.17 kB
dist/assets/PracticalGuide-LcBuJf_u.css                          0.31 kB │ gzip:   0.16 kB
dist/assets/PracticalGuide-S2xOaeE3.css                          0.31 kB │ gzip:   0.17 kB
dist/assets/PracticalGuide-nz9DSoof.css                          0.31 kB │ gzip:   0.16 kB
dist/assets/Architecture-CUVWWc8Q.css                            0.31 kB │ gzip:   0.16 kB
dist/assets/Architecture-Cbh8Bs1c.css                            0.31 kB │ gzip:   0.16 kB
dist/assets/Architecture-DVgz0uQb.css                            0.31 kB │ gzip:   0.17 kB
dist/assets/Architecture-DcbGuNvA.css                            0.31 kB │ gzip:   0.16 kB
dist/assets/Architecture-Sd2YMLlp.css                            0.31 kB │ gzip:   0.16 kB
dist/assets/BestPractices-BEy3kFab.css                           0.31 kB │ gzip:   0.16 kB
dist/assets/BestPractices-Bo0LOovz.css                           0.31 kB │ gzip:   0.16 kB
dist/assets/BestPractices-C-BoQ_rw.css                           0.31 kB │ gzip:   0.17 kB
dist/assets/BestPractices-Cq6P34bt.css                           0.31 kB │ gzip:   0.16 kB
dist/assets/BestPractices-Cxs8A9cK.css                           0.31 kB │ gzip:   0.16 kB
dist/assets/BestPractices-Da93lUo6.css                           0.31 kB │ gzip:   0.16 kB
dist/assets/BestPractices-nqGZ2jDE.css                           0.31 kB │ gzip:   0.17 kB
dist/assets/CoreConcepts-1ZkszRER.css                            0.31 kB │ gzip:   0.16 kB
dist/assets/CoreConcepts-BGDhW_B1.css                            0.31 kB │ gzip:   0.16 kB
dist/assets/CoreConcepts-BgGCM5Hp.css                            0.31 kB │ gzip:   0.16 kB
dist/assets/CoreConcepts-CNVw7jQ2.css                            0.31 kB │ gzip:   0.16 kB
dist/assets/CoreConcepts-Cv3KFfut.css                            0.31 kB │ gzip:   0.16 kB
dist/assets/CoreConcepts-DoNWJ2Kk.css                            0.31 kB │ gzip:   0.16 kB
dist/assets/CoreConcepts-PrpmMpmh.css                            0.31 kB │ gzip:   0.16 kB
dist/assets/CoreConcepts-VoxTSFH_.css                            0.31 kB │ gzip:   0.16 kB
dist/assets/CoreConcepts-sFLc7S1H.css                            0.31 kB │ gzip:   0.16 kB
dist/assets/InterviewQuestions-0Vc1PeoY.css                      0.31 kB │ gzip:   0.17 kB
dist/assets/InterviewQuestions-BbAbEYsw.css                      0.31 kB │ gzip:   0.17 kB
dist/assets/InterviewQuestions-BtfAD7VY.css                      0.31 kB │ gzip:   0.16 kB
dist/assets/InterviewQuestions-C9PEHplj.css                      0.31 kB │ gzip:   0.17 kB
dist/assets/InterviewQuestions-CB4xcU2O.css                      0.31 kB │ gzip:   0.17 kB
dist/assets/InterviewQuestions-CYzPIQvO.css                      0.31 kB │ gzip:   0.17 kB
dist/assets/InterviewQuestions-D4S_t-ri.css                      0.31 kB │ gzip:   0.17 kB
dist/assets/InterviewQuestions-DTOztPRo.css                      0.31 kB │ gzip:   0.17 kB
dist/assets/InterviewQuestions-DgjsHo2w.css                      0.31 kB │ gzip:   0.17 kB
dist/assets/InterviewQuestions-DseOIjDj.css                      0.31 kB │ gzip:   0.17 kB
dist/assets/InterviewQuestions-_ugzb1MH.css                      0.31 kB │ gzip:   0.17 kB
dist/assets/InterviewQuestions-hUQ-MbEa.css                      0.31 kB │ gzip:   0.17 kB
dist/assets/InterviewQuestions-majsz02x.css                      0.31 kB │ gzip:   0.17 kB
dist/assets/Introduction-B2ENfUxA.css                            0.31 kB │ gzip:   0.16 kB
dist/assets/Introduction-Cgtnc8XD.css                            0.31 kB │ gzip:   0.16 kB
dist/assets/Introduction-CxJiOoq-.css                            0.31 kB │ gzip:   0.16 kB
dist/assets/Introduction-Dj2-TK07.css                            0.31 kB │ gzip:   0.16 kB
dist/assets/Introduction-K9ZWDcCt.css                            0.31 kB │ gzip:   0.17 kB
dist/assets/PracticalGuide-4gmyavw1.css                          0.31 kB │ gzip:   0.16 kB
dist/assets/PracticalGuide-6TIqeqme.css                          0.31 kB │ gzip:   0.16 kB
dist/assets/PracticalGuide-BCW64h8F.css                          0.31 kB │ gzip:   0.16 kB
dist/assets/PracticalGuide-C1nEVueh.css                          0.31 kB │ gzip:   0.16 kB
dist/assets/PracticalGuide-DYgrb98E.css                          0.31 kB │ gzip:   0.16 kB
dist/assets/PracticalGuide-DpKhB5x7.css                          0.31 kB │ gzip:   0.16 kB
dist/assets/PracticalGuide-DzAfbj7l.css                          0.31 kB │ gzip:   0.16 kB
dist/assets/Architecture-CimIYgrq.css                            0.31 kB │ gzip:   0.17 kB
dist/assets/Architecture-D1NE52Sb.css                            0.31 kB │ gzip:   0.17 kB
dist/assets/Architecture-DQ-0pTt5.css                            0.31 kB │ gzip:   0.16 kB
dist/assets/BestPractices-B97XFUc2.css                           0.31 kB │ gzip:   0.16 kB
dist/assets/BestPractices-BJ0WD-4U.css                           0.31 kB │ gzip:   0.16 kB
dist/assets/BestPractices-BkzLVLkL.css                           0.31 kB │ gzip:   0.16 kB
dist/assets/BestPractices-CICb_1PC.css                           0.31 kB │ gzip:   0.17 kB
dist/assets/BestPractices-Cp_i5Xzk.css                           0.31 kB │ gzip:   0.16 kB
dist/assets/BestPractices-DbKcRiNi.css                           0.31 kB │ gzip:   0.16 kB
dist/assets/BestPractices-DuQ8EzeV.css                           0.31 kB │ gzip:   0.17 kB
dist/assets/BestPractices-DuZuTRQ9.css                           0.31 kB │ gzip:   0.17 kB
dist/assets/BestPractices-s0DwCsFU.css                           0.31 kB │ gzip:   0.16 kB
dist/assets/CoreConcepts-BqzwouM7.css                            0.31 kB │ gzip:   0.17 kB
dist/assets/CoreConcepts-D5gO-nGF.css                            0.31 kB │ gzip:   0.16 kB
dist/assets/CoreConcepts-FOpfYvWl.css                            0.31 kB │ gzip:   0.16 kB
dist/assets/CoreConcepts-VDHbwjca.css                            0.31 kB │ gzip:   0.17 kB
dist/assets/CoreConcepts-nijrbxSC.css                            0.31 kB │ gzip:   0.16 kB
dist/assets/InterviewQuestions-B5N6GSBQ.css                      0.31 kB │ gzip:   0.17 kB
dist/assets/InterviewQuestions-BkL95omL.css                      0.31 kB │ gzip:   0.17 kB
dist/assets/InterviewQuestions-CG2klGYe.css                      0.31 kB │ gzip:   0.17 kB
dist/assets/InterviewQuestions-CYDgsk-y.css                      0.31 kB │ gzip:   0.17 kB
dist/assets/InterviewQuestions-CxgsbwIB.css                      0.31 kB │ gzip:   0.17 kB
dist/assets/InterviewQuestions-D4Li3jkg.css                      0.31 kB │ gzip:   0.17 kB
dist/assets/InterviewQuestions-DXfebjRO.css                      0.31 kB │ gzip:   0.17 kB
dist/assets/InterviewQuestions-DfCcDyKZ.css                      0.31 kB │ gzip:   0.17 kB
dist/assets/InterviewQuestions-k-zw4Aq6.css                      0.31 kB │ gzip:   0.17 kB
dist/assets/InterviewQuestions-uYNr2SVX.css                      0.31 kB │ gzip:   0.17 kB
dist/assets/Introduction-C04Iq_OJ.css                            0.31 kB │ gzip:   0.17 kB
dist/assets/Introduction-Cud7KG3J.css                            0.31 kB │ gzip:   0.17 kB
dist/assets/Introduction-DGWGhb2L.css                            0.31 kB │ gzip:   0.16 kB
dist/assets/PracticalGuide-Bg5CDmr-.css                          0.31 kB │ gzip:   0.16 kB
dist/assets/PracticalGuide-BrJL3wwX.css                          0.31 kB │ gzip:   0.16 kB
dist/assets/PracticalGuide-CHwCa3d4.css                          0.31 kB │ gzip:   0.16 kB
dist/assets/PracticalGuide-DwFJ9IEm.css                          0.31 kB │ gzip:   0.17 kB
dist/assets/PracticalGuide-Ntwim1u1.css                          0.31 kB │ gzip:   0.17 kB
dist/assets/PracticalGuide-P2AslA-Y.css                          0.31 kB │ gzip:   0.17 kB
dist/assets/PracticalGuide-WK4ay2tO.css                          0.31 kB │ gzip:   0.17 kB
dist/assets/Architecture-6EeJ1fw5.css                            0.32 kB │ gzip:   0.16 kB
dist/assets/Architecture-CJl7TyTu.css                            0.32 kB │ gzip:   0.16 kB
dist/assets/Architecture-yId9wVwn.css                            0.32 kB │ gzip:   0.17 kB
dist/assets/BestPractices-BImtN4qh.css                           0.32 kB │ gzip:   0.16 kB
dist/assets/BestPractices-BkbXmoZj.css                           0.32 kB │ gzip:   0.17 kB
dist/assets/BestPractices-DFBH4pgr.css                           0.32 kB │ gzip:   0.16 kB
dist/assets/BestPractices-DR-S5e3R.css                           0.32 kB │ gzip:   0.16 kB
dist/assets/BestPractices-DiL8UC66.css                           0.32 kB │ gzip:   0.17 kB
dist/assets/CoreConcepts-B82Q8Dr2.css                            0.32 kB │ gzip:   0.17 kB
dist/assets/CoreConcepts-DR5jdKQz.css                            0.32 kB │ gzip:   0.17 kB
dist/assets/CoreConcepts-o6qyXm94.css                            0.32 kB │ gzip:   0.17 kB
dist/assets/InterviewQuestions-BpzW72g8.css                      0.32 kB │ gzip:   0.17 kB
dist/assets/InterviewQuestions-CLG7Vx7O.css                      0.32 kB │ gzip:   0.17 kB
dist/assets/InterviewQuestions-CiwTt2hB.css                      0.32 kB │ gzip:   0.17 kB
dist/assets/InterviewQuestions-D25mqpk0.css                      0.32 kB │ gzip:   0.16 kB
dist/assets/InterviewQuestions-DEFnJlqz.css                      0.32 kB │ gzip:   0.17 kB
dist/assets/InterviewQuestions-Dec2qVFk.css                      0.32 kB │ gzip:   0.17 kB
dist/assets/InterviewQuestions-DtoEKeyC.css                      0.32 kB │ gzip:   0.16 kB
dist/assets/InterviewQuestions-aGxS9932.css                      0.32 kB │ gzip:   0.17 kB
dist/assets/InterviewQuestions-hG67aoPP.css                      0.32 kB │ gzip:   0.17 kB
dist/assets/Introduction-C8pw1SRD.css                            0.32 kB │ gzip:   0.17 kB
dist/assets/Introduction-CTWvKPnc.css                            0.32 kB │ gzip:   0.17 kB
dist/assets/Introduction-D6QwQuZq.css                            0.32 kB │ gzip:   0.16 kB
dist/assets/PracticalGuide-4Ib-krDv.css                          0.32 kB │ gzip:   0.17 kB
dist/assets/PracticalGuide-BamBtZTA.css                          0.32 kB │ gzip:   0.16 kB
dist/assets/PracticalGuide-BjqQtTmm.css                          0.32 kB │ gzip:   0.16 kB
dist/assets/PracticalGuide-C3GDdBGf.css                          0.32 kB │ gzip:   0.17 kB
dist/assets/PracticalGuide-CbIgCOa0.css                          0.32 kB │ gzip:   0.16 kB
dist/assets/PracticalGuide-CiwBO0mX.css                          0.32 kB │ gzip:   0.16 kB
dist/assets/PracticalGuide-DkPHfxKT.css                          0.32 kB │ gzip:   0.16 kB
dist/assets/PracticalGuide-M-1_KAeS.css                          0.32 kB │ gzip:   0.17 kB
dist/assets/PracticalGuide-Q5HdIDqH.css                          0.32 kB │ gzip:   0.17 kB
dist/assets/Architecture-0lk6joFy.css                            0.32 kB │ gzip:   0.16 kB
dist/assets/Architecture-BCvUz8hn.css                            0.32 kB │ gzip:   0.16 kB
dist/assets/Architecture-BQj_BKwG.css                            0.32 kB │ gzip:   0.17 kB
dist/assets/Architecture-Blq7ue0n.css                            0.32 kB │ gzip:   0.16 kB
dist/assets/Architecture-CszWsTQM.css                            0.32 kB │ gzip:   0.16 kB
dist/assets/BestPractices-CFJ0UcHm.css                           0.32 kB │ gzip:   0.17 kB
dist/assets/BestPractices-CYVajw6O.css                           0.32 kB │ gzip:   0.17 kB
dist/assets/BestPractices-DzfOkEnd.css                           0.32 kB │ gzip:   0.17 kB
dist/assets/CoreConcepts-BALFY1SZ.css                            0.32 kB │ gzip:   0.17 kB
dist/assets/CoreConcepts-BounGjpc.css                            0.32 kB │ gzip:   0.17 kB
dist/assets/CoreConcepts-DA2k5Esi.css                            0.32 kB │ gzip:   0.16 kB
dist/assets/InterviewQuestions-0agm3q_P.css                      0.32 kB │ gzip:   0.16 kB
dist/assets/InterviewQuestions-BedydGsg.css                      0.32 kB │ gzip:   0.17 kB
dist/assets/InterviewQuestions-BqEMmsDe.css                      0.32 kB │ gzip:   0.17 kB
dist/assets/InterviewQuestions-CDA9bFgV.css                      0.32 kB │ gzip:   0.17 kB
dist/assets/InterviewQuestions-DYCAMTdj.css                      0.32 kB │ gzip:   0.17 kB
dist/assets/InterviewQuestions-Gzm2o5Z6.css                      0.32 kB │ gzip:   0.17 kB
dist/assets/Introduction-7QmrNKn8.css                            0.32 kB │ gzip:   0.17 kB
dist/assets/Introduction-BMDwE8th.css                            0.32 kB │ gzip:   0.16 kB
dist/assets/Introduction-CHdGugKU.css                            0.32 kB │ gzip:   0.16 kB
dist/assets/Introduction-DERYy7fT.css                            0.32 kB │ gzip:   0.16 kB
dist/assets/Introduction-DiZznPs7.css                            0.32 kB │ gzip:   0.16 kB
dist/assets/PracticalGuide-Ba9uXChJ.css                          0.32 kB │ gzip:   0.16 kB
dist/assets/PracticalGuide-BlxGSpPX.css                          0.32 kB │ gzip:   0.16 kB
dist/assets/PracticalGuide-CLxr6w3Q.css                          0.32 kB │ gzip:   0.17 kB
dist/assets/PracticalGuide-CfNrFR8v.css                          0.32 kB │ gzip:   0.16 kB
dist/assets/PracticalGuide-UA0Kowo-.css                          0.32 kB │ gzip:   0.17 kB
dist/assets/Architecture-B6dYFNOR.css                            0.32 kB │ gzip:   0.17 kB
dist/assets/Architecture-BYJbZTlK.css                            0.32 kB │ gzip:   0.16 kB
dist/assets/Architecture-D4pcHnlP.css                            0.32 kB │ gzip:   0.17 kB
dist/assets/BestPractices-BsKpmluz.css                           0.32 kB │ gzip:   0.17 kB
dist/assets/BestPractices-dGyspElC.css                           0.32 kB │ gzip:   0.16 kB
dist/assets/BestPractices-p-fA9NVi.css                           0.32 kB │ gzip:   0.17 kB
dist/assets/CoreConcepts-BTYmFz66.css                            0.32 kB │ gzip:   0.16 kB
dist/assets/CoreConcepts-CI4bc5q-.css                            0.32 kB │ gzip:   0.17 kB
dist/assets/CoreConcepts-CvchrJWL.css                            0.32 kB │ gzip:   0.16 kB
dist/assets/CoreConcepts-D7sS5OpA.css                            0.32 kB │ gzip:   0.16 kB
dist/assets/CoreConcepts-DBDFpUI8.css                            0.32 kB │ gzip:   0.16 kB
dist/assets/InterviewQuestions-BOTQFEl1.css                      0.32 kB │ gzip:   0.16 kB
dist/assets/InterviewQuestions-Bh_TpDV8.css                      0.32 kB │ gzip:   0.17 kB
dist/assets/InterviewQuestions-BvXxkpRi.css                      0.32 kB │ gzip:   0.17 kB
dist/assets/InterviewQuestions-C-XcbYMv.css                      0.32 kB │ gzip:   0.16 kB
dist/assets/InterviewQuestions-C3leXUWk.css                      0.32 kB │ gzip:   0.17 kB
dist/assets/InterviewQuestions-DbpxFBVB.css                      0.32 kB │ gzip:   0.16 kB
dist/assets/InterviewQuestions-DmyWx8R2.css                      0.32 kB │ gzip:   0.17 kB
dist/assets/Introduction-Bzl-27qZ.css                            0.32 kB │ gzip:   0.16 kB
dist/assets/Introduction-UfqjYosD.css                            0.32 kB │ gzip:   0.16 kB
dist/assets/Introduction-c_qTa7G5.css                            0.32 kB │ gzip:   0.17 kB
dist/assets/PracticalGuide-D-c18iXc.css                          0.32 kB │ gzip:   0.17 kB
dist/assets/PracticalGuide-DL65U-qD.css                          0.32 kB │ gzip:   0.17 kB
dist/assets/PracticalGuide-k0mRREYX.css                          0.32 kB │ gzip:   0.17 kB
dist/assets/Architecture-Ky0CPYfh.css                            0.33 kB │ gzip:   0.17 kB
dist/assets/Architecture-ulsyOKm4.css                            0.33 kB │ gzip:   0.17 kB
dist/assets/BestPractices-6Jc1Rlea.css                           0.33 kB │ gzip:   0.16 kB
dist/assets/BestPractices-CUXEA84J.css                           0.33 kB │ gzip:   0.17 kB
dist/assets/BestPractices-CfyL2-2T.css                           0.33 kB │ gzip:   0.16 kB
dist/assets/BestPractices-CuV3lwZn.css                           0.33 kB │ gzip:   0.16 kB
dist/assets/BestPractices-D-AUhHJ7.css                           0.33 kB │ gzip:   0.16 kB
dist/assets/CoreConcepts--BvcfbzZ.css                            0.33 kB │ gzip:   0.16 kB
dist/assets/CoreConcepts-D24w04Rp.css                            0.33 kB │ gzip:   0.17 kB
dist/assets/CoreConcepts-lOCxyHW7.css                            0.33 kB │ gzip:   0.17 kB
dist/assets/InterviewQuestions-6hY8hAYj.css                      0.33 kB │ gzip:   0.17 kB
dist/assets/InterviewQuestions-BCMHItek.css                      0.33 kB │ gzip:   0.17 kB
dist/assets/InterviewQuestions-Bb9Lgv5w.css                      0.33 kB │ gzip:   0.17 kB
dist/assets/InterviewQuestions-CDg5e-Yj.css                      0.33 kB │ gzip:   0.16 kB
dist/assets/InterviewQuestions-CG_jyvQL.css                      0.33 kB │ gzip:   0.17 kB
dist/assets/InterviewQuestions-Gd8H4uzG.css                      0.33 kB │ gzip:   0.17 kB
dist/assets/InterviewQuestions-Kl0b5QDq.css                      0.33 kB │ gzip:   0.16 kB
dist/assets/Introduction-DhF1HzIn.css                            0.33 kB │ gzip:   0.17 kB
dist/assets/Introduction-nVssKs5w.css                            0.33 kB │ gzip:   0.17 kB
dist/assets/PracticalGuide-BxawldBD.css                          0.33 kB │ gzip:   0.16 kB
dist/assets/PracticalGuide-C1QYZHQ-.css                          0.33 kB │ gzip:   0.17 kB
dist/assets/PracticalGuide-CzF2XD18.css                          0.33 kB │ gzip:   0.17 kB
dist/assets/Architecture-4jg1yFfo.css                            0.33 kB │ gzip:   0.17 kB
dist/assets/Architecture-8XOlG7_0.css                            0.33 kB │ gzip:   0.17 kB
dist/assets/Architecture-CO-qBIn3.css                            0.33 kB │ gzip:   0.17 kB
dist/assets/Architecture-a0kcTTcI.css                            0.33 kB │ gzip:   0.17 kB
dist/assets/BestPractices-CKH08GWb.css                           0.33 kB │ gzip:   0.17 kB
dist/assets/BestPractices-CP0Opsgr.css                           0.33 kB │ gzip:   0.17 kB
dist/assets/BestPractices-CRDI9Kzm.css                           0.33 kB │ gzip:   0.16 kB
dist/assets/CoreConcepts-BiRLsMYy.css                            0.33 kB │ gzip:   0.17 kB
dist/assets/CoreConcepts-Db3pZDPg.css                            0.33 kB │ gzip:   0.17 kB
dist/assets/InterviewQuestions-61R362eg.css                      0.33 kB │ gzip:   0.16 kB
dist/assets/InterviewQuestions-B1BlAtl-.css                      0.33 kB │ gzip:   0.16 kB
dist/assets/InterviewQuestions-B3icmJaG.css                      0.33 kB │ gzip:   0.17 kB
dist/assets/InterviewQuestions-B5PRlxdx.css                      0.33 kB │ gzip:   0.17 kB
dist/assets/InterviewQuestions-BP5BuqrI.css                      0.33 kB │ gzip:   0.17 kB
dist/assets/InterviewQuestions-BZdqS6gj.css                      0.33 kB │ gzip:   0.17 kB
dist/assets/InterviewQuestions-DhiIzVse.css                      0.33 kB │ gzip:   0.17 kB
dist/assets/InterviewQuestions-SmSgaQuI.css                      0.33 kB │ gzip:   0.16 kB
dist/assets/InterviewQuestions-bcGrbijs.css                      0.33 kB │ gzip:   0.17 kB
dist/assets/Introduction-Bw_NnpHy.css                            0.33 kB │ gzip:   0.17 kB
dist/assets/Introduction-DLNj8hzL.css                            0.33 kB │ gzip:   0.17 kB
dist/assets/Introduction-DNPZ07Uv.css                            0.33 kB │ gzip:   0.16 kB
dist/assets/Introduction-J1BGv2Mx.css                            0.33 kB │ gzip:   0.17 kB
dist/assets/PracticalGuide-BurS0f-_.css                          0.33 kB │ gzip:   0.16 kB
dist/assets/PracticalGuide-C5nSOIKS.css                          0.33 kB │ gzip:   0.16 kB
dist/assets/PracticalGuide-CXFMJVvO.css                          0.33 kB │ gzip:   0.16 kB
dist/assets/PracticalGuide-DUnPa3Jz.css                          0.33 kB │ gzip:   0.16 kB
dist/assets/PracticalGuide-tvE-com9.css                          0.33 kB │ gzip:   0.17 kB
dist/assets/Architecture-BBOy7EqL.css                            0.33 kB │ gzip:   0.16 kB
dist/assets/BestPractices-COw7PFRy.css                           0.33 kB │ gzip:   0.17 kB
dist/assets/BestPractices-DuAtcmSK.css                           0.33 kB │ gzip:   0.17 kB
dist/assets/CoreConcepts-C3QowmgA.css                            0.33 kB │ gzip:   0.17 kB
dist/assets/CoreConcepts-C6yzXqRu.css                            0.33 kB │ gzip:   0.17 kB
dist/assets/CoreConcepts-DQnW21mN.css                            0.33 kB │ gzip:   0.17 kB
dist/assets/CoreConcepts-DXVch6e9.css                            0.33 kB │ gzip:   0.17 kB
dist/assets/InterviewQuestions-BQOqWxNk.css                      0.33 kB │ gzip:   0.17 kB
dist/assets/InterviewQuestions-C41cCFxu.css                      0.33 kB │ gzip:   0.17 kB
dist/assets/InterviewQuestions-CQ8ZfYOT.css                      0.33 kB │ gzip:   0.16 kB
dist/assets/InterviewQuestions-D-jBBBNc.css                      0.33 kB │ gzip:   0.17 kB
dist/assets/InterviewQuestions-DIY5QE89.css                      0.33 kB │ gzip:   0.17 kB
dist/assets/Introduction-B98LmWnn.css                            0.33 kB │ gzip:   0.16 kB
dist/assets/PracticalGuide-Cmr2s5oG.css                          0.33 kB │ gzip:   0.17 kB
dist/assets/PracticalGuide-nkqJdjuf.css                          0.33 kB │ gzip:   0.17 kB
dist/assets/PracticalGuide-pvEeoetp.css                          0.33 kB │ gzip:   0.17 kB
dist/assets/Architecture-9nOPZK5c.css                            0.33 kB │ gzip:   0.16 kB
dist/assets/Architecture-Cg8Vmbva.css                            0.33 kB │ gzip:   0.16 kB
dist/assets/BestPractices-8NWilFqK.css                           0.33 kB │ gzip:   0.17 kB
dist/assets/BestPractices-BFE7OYC4.css                           0.33 kB │ gzip:   0.17 kB
dist/assets/BestPractices-BYn2pTsK.css                           0.33 kB │ gzip:   0.17 kB
dist/assets/BestPractices-DS4wm4E0.css                           0.33 kB │ gzip:   0.17 kB
dist/assets/CoreConcepts-CWiIiv6D.css                            0.33 kB │ gzip:   0.16 kB
dist/assets/InterviewQuestions-BNP3iwl-.css                      0.33 kB │ gzip:   0.17 kB
dist/assets/InterviewQuestions-C_JKoweO.css                      0.33 kB │ gzip:   0.17 kB
dist/assets/InterviewQuestions-Df1tnbU3.css                      0.33 kB │ gzip:   0.17 kB
dist/assets/Introduction-BeVfmX3U.css                            0.33 kB │ gzip:   0.16 kB
dist/assets/Introduction-Xwh4MYNi.css                            0.33 kB │ gzip:   0.16 kB
dist/assets/PracticalGuide-D1ni32UO.css                          0.33 kB │ gzip:   0.17 kB
dist/assets/PracticalGuide-da3eCP82.css                          0.33 kB │ gzip:   0.17 kB
dist/assets/Architecture-DeZt5Obp.css                            0.34 kB │ gzip:   0.16 kB
dist/assets/BestPractices-k1C2Eq0K.css                           0.34 kB │ gzip:   0.16 kB
dist/assets/CoreConcepts-De335z8a.css                            0.34 kB │ gzip:   0.16 kB
dist/assets/CoreConcepts-vflzsrzA.css                            0.34 kB │ gzip:   0.16 kB
dist/assets/InterviewQuestions-BzhZ7IK8.css                      0.34 kB │ gzip:   0.17 kB
dist/assets/InterviewQuestions-C6jtxJ-Q.css                      0.34 kB │ gzip:   0.17 kB
dist/assets/InterviewQuestions-DCE03MPe.css                      0.34 kB │ gzip:   0.17 kB
dist/assets/Introduction-VCwN-Wms.css                            0.34 kB │ gzip:   0.17 kB
dist/assets/PracticalGuide-CClGPf8n.css                          0.34 kB │ gzip:   0.17 kB
dist/assets/PracticalGuide-CX-aoEaY.css                          0.34 kB │ gzip:   0.17 kB
dist/assets/PracticalGuide-CoajGDsq.css                          0.34 kB │ gzip:   0.17 kB
dist/assets/PracticalGuide-DVwoWpAx.css                          0.34 kB │ gzip:   0.17 kB
dist/assets/BestPractices-D_zQT_bD.css                           0.34 kB │ gzip:   0.16 kB
dist/assets/BestPractices-DtnkpeI4.css                           0.34 kB │ gzip:   0.16 kB
dist/assets/CoreConcepts-CoV46Y7w.css                            0.34 kB │ gzip:   0.16 kB
dist/assets/InterviewQuestions-B180K7o3.css                      0.34 kB │ gzip:   0.17 kB
dist/assets/InterviewQuestions-BMOfJ4fR.css                      0.34 kB │ gzip:   0.16 kB
dist/assets/InterviewQuestions-BVMv7_9y.css                      0.34 kB │ gzip:   0.16 kB
dist/assets/InterviewQuestions-Dm4FR0SA.css                      0.34 kB │ gzip:   0.17 kB
dist/assets/InterviewQuestions-v8tuqlpJ.css                      0.34 kB │ gzip:   0.16 kB
dist/assets/PracticalGuide-Dv_bXGGm.css                          0.34 kB │ gzip:   0.16 kB
dist/assets/Architecture-of8ZBI42.css                            0.34 kB │ gzip:   0.16 kB
dist/assets/BestPractices-09-lLaaj.css                           0.34 kB │ gzip:   0.16 kB
dist/assets/InterviewQuestions-BliAzwYL.css                      0.34 kB │ gzip:   0.17 kB
dist/assets/InterviewQuestions-C8NqqoMZ.css                      0.34 kB │ gzip:   0.17 kB
dist/assets/InterviewQuestions-eBX1EK2p.css                      0.34 kB │ gzip:   0.17 kB
dist/assets/Introduction-DWfMZzO3.css                            0.34 kB │ gzip:   0.16 kB
dist/assets/PracticalGuide-C-pEThZu.css                          0.34 kB │ gzip:   0.16 kB
dist/assets/PracticalGuide-Dwj5jJXN.css                          0.34 kB │ gzip:   0.16 kB
dist/assets/CoreConcepts-BNVa7V6Z.css                            0.35 kB │ gzip:   0.17 kB
dist/assets/InterviewQuestions-BNALK9mZ.css                      0.35 kB │ gzip:   0.17 kB
dist/assets/InterviewQuestions-pI8igYaM.css                      0.35 kB │ gzip:   0.17 kB
dist/assets/PracticalGuide-CBsdlc9D.css                          0.35 kB │ gzip:   0.16 kB
dist/assets/Architecture-Chfopq43.css                            0.35 kB │ gzip:   0.17 kB
dist/assets/Architecture-D8HBx8XC.css                            0.35 kB │ gzip:   0.17 kB
dist/assets/BestPractices-C6ZBR0Eg.css                           0.35 kB │ gzip:   0.17 kB
dist/assets/InterviewQuestions-BFPoXBmY.css                      0.35 kB │ gzip:   0.17 kB
dist/assets/InterviewQuestions-CYX-ZVpW.css                      0.35 kB │ gzip:   0.18 kB
dist/assets/InterviewQuestions-MhfBIoFh.css                      0.35 kB │ gzip:   0.17 kB
dist/assets/InterviewQuestions-mVJHWEMn.css                      0.35 kB │ gzip:   0.17 kB
dist/assets/Introduction-BZpNXSJ8.css                            0.35 kB │ gzip:   0.17 kB
dist/assets/Introduction-GycSH8qd.css                            0.35 kB │ gzip:   0.17 kB
dist/assets/CoreConcepts-BUMGJqj7.css                            0.35 kB │ gzip:   0.17 kB
dist/assets/CoreConcepts-D1Tudgd9.css                            0.35 kB │ gzip:   0.17 kB
dist/assets/InterviewQuestions-Bof1G-H3.css                      0.35 kB │ gzip:   0.16 kB
dist/assets/PracticalGuide-BiLA9KKi.css                          0.35 kB │ gzip:   0.17 kB
dist/assets/BestPractices-BQa-0P4C.css                           0.36 kB │ gzip:   0.17 kB
dist/assets/BestPractices-CcGgd4cw.css                           0.36 kB │ gzip:   0.17 kB
dist/assets/InterviewQuestions-C7it7Bwz.css                      0.36 kB │ gzip:   0.17 kB
dist/assets/InterviewQuestions-CaAMY8Pv.css                      0.36 kB │ gzip:   0.16 kB
dist/assets/Architecture-Bt6JHIxZ.css                            0.36 kB │ gzip:   0.17 kB
dist/assets/InterviewQuestions-DFG7_2uh.css                      0.36 kB │ gzip:   0.17 kB
dist/assets/Introduction-BKSkmG0y.css                            0.36 kB │ gzip:   0.17 kB
dist/assets/PracticalGuide-B-dKWMGg.css                          0.36 kB │ gzip:   0.17 kB
dist/assets/PracticalGuide-CxlQT_UF.css                          0.36 kB │ gzip:   0.17 kB
dist/assets/CoreConcepts-BR6YzDsC.css                            0.36 kB │ gzip:   0.17 kB
dist/assets/BestPractices-IP32cOao.css                           0.36 kB │ gzip:   0.17 kB
dist/assets/InterviewQuestions-DSSo-tZ9.css                      0.36 kB │ gzip:   0.17 kB
dist/assets/PracticalGuide-ek6sbkVz.css                          0.37 kB │ gzip:   0.17 kB
dist/assets/InterviewQuestions-BJYzDzJF.css                      0.37 kB │ gzip:   0.17 kB
dist/assets/InterviewQuestions-D556GTIE.css                      0.37 kB │ gzip:   0.17 kB
dist/assets/InterviewQuestions-Bb3ZSGuC.css                      0.38 kB │ gzip:   0.17 kB
dist/assets/Architecture-B3CMNG3j.css                            0.48 kB │ gzip:   0.28 kB
dist/assets/DatabaseLessonArticle-CKyNgYwI.css                   1.48 kB │ gzip:   0.60 kB
dist/assets/Course-DN2hrz_P.css                                  1.67 kB │ gzip:   0.58 kB
dist/assets/Article-D_a51id1.css                                 1.99 kB │ gzip:   0.62 kB
dist/assets/Article-DLFOEIMQ.css                                 3.75 kB │ gzip:   1.04 kB
dist/assets/ReactLesson-CSXo88UF.css                             3.78 kB │ gzip:   1.16 kB
dist/assets/DsaLessonArticle-YON_DUiy.css                        4.37 kB │ gzip:   1.42 kB
dist/assets/AngularLesson-D8E67o9a.css                           4.42 kB │ gzip:   1.31 kB
dist/assets/Article-DwUdEZvR.css                                 4.55 kB │ gzip:   1.21 kB
dist/assets/NextJsLesson-BywOXWIp.css                            4.69 kB │ gzip:   1.33 kB
dist/assets/webLessonSchema-Xnv1qhMW.css                         5.35 kB │ gzip:   1.48 kB
dist/assets/index-BFiZ29Mr.css                                  41.69 kB │ gzip:   8.36 kB
dist/assets/Article-DHupQZFj2.js                                 0.17 kB │ gzip:   0.16 kB
dist/assets/Article-9n3c1j392.js                                 0.17 kB │ gzip:   0.16 kB
dist/assets/Article-DP05VSGy.js                                  0.17 kB │ gzip:   0.16 kB
dist/assets/Article-oFOrJZba2.js                                 0.17 kB │ gzip:   0.16 kB
dist/assets/Article-B-IUi29n.js                                  0.17 kB │ gzip:   0.16 kB
dist/assets/Article-B-t2kwlM2.js                                 0.17 kB │ gzip:   0.16 kB
dist/assets/Article-BfQ5DfbV.js                                  0.17 kB │ gzip:   0.16 kB
dist/assets/Article-Bh8UOxj42.js                                 0.17 kB │ gzip:   0.16 kB
dist/assets/Article-DZUeLYZf.js                                  0.17 kB │ gzip:   0.16 kB
dist/assets/Article-lQsJ4mSM2.js                                 0.17 kB │ gzip:   0.16 kB
dist/assets/Article-B077iPAi2.js                                 0.17 kB │ gzip:   0.16 kB
dist/assets/Article-BBG5sYzM.js                                  0.17 kB │ gzip:   0.16 kB
dist/assets/Article-BE9ZjlBy2.js                                 0.17 kB │ gzip:   0.16 kB
dist/assets/Article-BsC10SsJ.js                                  0.17 kB │ gzip:   0.16 kB
dist/assets/Article-DRYGWaKg2.js                                 0.17 kB │ gzip:   0.16 kB
dist/assets/Article-Di2A37n72.js                                 0.17 kB │ gzip:   0.16 kB
dist/assets/Article-mA_8ISQf2.js                                 0.17 kB │ gzip:   0.16 kB
dist/assets/Article-rx6ZSmud2.js                                 0.17 kB │ gzip:   0.16 kB
dist/assets/Article-BB_JOGD0.js                                  0.17 kB │ gzip:   0.16 kB
dist/assets/Article-Bxb9y2bM2.js                                 0.17 kB │ gzip:   0.16 kB
dist/assets/Article-C9mUsfR5.js                                  0.17 kB │ gzip:   0.16 kB
dist/assets/Article-CxzUb16S.js                                  0.17 kB │ gzip:   0.16 kB
dist/assets/Article-Ds0UknQq.js                                  0.17 kB │ gzip:   0.16 kB
dist/assets/Article-Xphjtq6M2.js                                 0.17 kB │ gzip:   0.16 kB
dist/assets/Article-B55Qv3Bj2.js                                 0.17 kB │ gzip:   0.16 kB
dist/assets/Article-B64RnVgt.js                                  0.17 kB │ gzip:   0.16 kB
dist/assets/Article-BidCzap5.js                                  0.17 kB │ gzip:   0.16 kB
dist/assets/Article-Cn0SNGir2.js                                 0.17 kB │ gzip:   0.16 kB
dist/assets/Article-CywM695X.js                                  0.17 kB │ gzip:   0.16 kB
dist/assets/Article-DCQ_gDZ3.js                                  0.17 kB │ gzip:   0.16 kB
dist/assets/Article-DQXFmFic.js                                  0.17 kB │ gzip:   0.16 kB
dist/assets/Article-Dl619MiJ2.js                                 0.17 kB │ gzip:   0.16 kB
dist/assets/Article-H9sVJI9R.js                                  0.17 kB │ gzip:   0.16 kB
dist/assets/Article-LUWCSyjv.js                                  0.17 kB │ gzip:   0.16 kB
dist/assets/Article-fpNrKEdn2.js                                 0.17 kB │ gzip:   0.16 kB
dist/assets/Article-B6DMsFAd.js                                  0.17 kB │ gzip:   0.16 kB
dist/assets/Article-BOivbyWC2.js                                 0.17 kB │ gzip:   0.16 kB
dist/assets/Article-BjHhcPN-2.js                                 0.17 kB │ gzip:   0.16 kB
dist/assets/Article-CZV7R9o32.js                                 0.17 kB │ gzip:   0.16 kB
dist/assets/Article-Cs08bXmL.js                                  0.17 kB │ gzip:   0.16 kB
dist/assets/Article-D1nOtfFl.js                                  0.17 kB │ gzip:   0.16 kB
dist/assets/Article-D6f4VMOc.js                                  0.17 kB │ gzip:   0.16 kB
dist/assets/Article-DF8ysW_X.js                                  0.17 kB │ gzip:   0.16 kB
dist/assets/Article-DSc10gXS.js                                  0.17 kB │ gzip:   0.16 kB
dist/assets/Article-DpBaSfZA.js                                  0.17 kB │ gzip:   0.16 kB
dist/assets/Article-LAfRTNan2.js                                 0.17 kB │ gzip:   0.16 kB
dist/assets/Article-vtjh9kxS.js                                  0.17 kB │ gzip:   0.16 kB
dist/assets/Article-B5uta6rg2.js                                 0.18 kB │ gzip:   0.16 kB
dist/assets/Article-B9wZyn1O.js                                  0.18 kB │ gzip:   0.16 kB
dist/assets/Article-BL-BoTDF.js                                  0.18 kB │ gzip:   0.16 kB
dist/assets/Article-CIbWo41e.js                                  0.18 kB │ gzip:   0.16 kB
dist/assets/Article-CxjTHJey.js                                  0.18 kB │ gzip:   0.16 kB
dist/assets/Article-D8JfPHbn.js                                  0.18 kB │ gzip:   0.16 kB
dist/assets/Article-DBYmm1Gx.js                                  0.18 kB │ gzip:   0.16 kB
dist/assets/Article-DLGtdmQe.js                                  0.18 kB │ gzip:   0.16 kB
dist/assets/Article-DSKUeDWX2.js                                 0.18 kB │ gzip:   0.16 kB
dist/assets/Article-DkFOHB9L.js                                  0.18 kB │ gzip:   0.16 kB
dist/assets/Article-DogwI90h2.js                                 0.18 kB │ gzip:   0.16 kB
dist/assets/Article-TemgQDJR.js                                  0.18 kB │ gzip:   0.16 kB
dist/assets/Article-nLaDvqK7.js                                  0.18 kB │ gzip:   0.16 kB
dist/assets/Article-zOdnQFgv.js                                  0.18 kB │ gzip:   0.16 kB
dist/assets/Article-3afDmvVy.js                                  0.18 kB │ gzip:   0.16 kB
dist/assets/Article-BW5gIRML.js                                  0.18 kB │ gzip:   0.16 kB
dist/assets/Article-DI2ZBlWX2.js                                 0.18 kB │ gzip:   0.16 kB
dist/assets/Article-DIT-SSth.js                                  0.18 kB │ gzip:   0.16 kB
dist/assets/Article-DU8t82Ld2.js                                 0.18 kB │ gzip:   0.16 kB
dist/assets/Article-DlQpmPGH2.js                                 0.18 kB │ gzip:   0.16 kB
dist/assets/Article-DlwfVLAo.js                                  0.18 kB │ gzip:   0.16 kB
dist/assets/Article-YjkBrjLV.js                                  0.18 kB │ gzip:   0.16 kB
dist/assets/Article-kBSO9YYB.js                                  0.18 kB │ gzip:   0.16 kB
dist/assets/Article-6lSZqIHb.js                                  0.18 kB │ gzip:   0.17 kB
dist/assets/Article-9wAzoVtX2.js                                 0.18 kB │ gzip:   0.16 kB
dist/assets/Article-BRNUXbZT.js                                  0.18 kB │ gzip:   0.16 kB
dist/assets/Article-BZ5OUa8q2.js                                 0.18 kB │ gzip:   0.16 kB
dist/assets/Article-BoEObfBK.js                                  0.18 kB │ gzip:   0.16 kB
dist/assets/Article-BrZsLarx.js                                  0.18 kB │ gzip:   0.16 kB
dist/assets/Article-Bv7udePR2.js                                 0.18 kB │ gzip:   0.16 kB
dist/assets/Article-BxYDiCpY.js                                  0.18 kB │ gzip:   0.16 kB
dist/assets/Article-C2YjDaHm2.js                                 0.18 kB │ gzip:   0.16 kB
dist/assets/Article-C4MK2zao.js                                  0.18 kB │ gzip:   0.16 kB
dist/assets/Article-DBjbCgG22.js                                 0.18 kB │ gzip:   0.16 kB
dist/assets/Article-DqTio8Sr.js                                  0.18 kB │ gzip:   0.16 kB
dist/assets/Article-Dwm94kkc.js                                  0.18 kB │ gzip:   0.16 kB
dist/assets/Article-O6SrDcOu.js                                  0.18 kB │ gzip:   0.16 kB
dist/assets/Article-QLQqyTX2.js                                  0.18 kB │ gzip:   0.16 kB
dist/assets/Article-QjWHDRjI2.js                                 0.18 kB │ gzip:   0.16 kB
dist/assets/Article-Vo-ic09M.js                                  0.18 kB │ gzip:   0.16 kB
dist/assets/Article-srZg7Y5k.js                                  0.18 kB │ gzip:   0.16 kB
dist/assets/Article-tc5FPtYQ.js                                  0.18 kB │ gzip:   0.16 kB
dist/assets/Article--EJtzGhH.js                                  0.18 kB │ gzip:   0.16 kB
dist/assets/Article-8RzLqAOA.js                                  0.18 kB │ gzip:   0.16 kB
dist/assets/Article-8sikzLo12.js                                 0.18 kB │ gzip:   0.16 kB
dist/assets/Article-B1iz_mv9.js                                  0.18 kB │ gzip:   0.17 kB
dist/assets/Article-B1x2MXtA.js                                  0.18 kB │ gzip:   0.16 kB
dist/assets/Article-B2cLjsXg.js                                  0.18 kB │ gzip:   0.17 kB
dist/assets/Article-BOWb5G4V.js                                  0.18 kB │ gzip:   0.17 kB
dist/assets/Article-BS2AI82e.js                                  0.18 kB │ gzip:   0.17 kB
dist/assets/Article-BbAs4NV-2.js                                 0.18 kB │ gzip:   0.16 kB
dist/assets/Article-CAIrwUPe.js                                  0.18 kB │ gzip:   0.16 kB
dist/assets/Article-CDSOL11n2.js                                 0.18 kB │ gzip:   0.16 kB
dist/assets/Article-D3uVtroT.js                                  0.18 kB │ gzip:   0.16 kB
dist/assets/Article-D6gzwUwO2.js                                 0.18 kB │ gzip:   0.16 kB
dist/assets/Article-D8Rn9MDT.js                                  0.18 kB │ gzip:   0.16 kB
dist/assets/Article-DEMn02_B.js                                  0.18 kB │ gzip:   0.16 kB
dist/assets/Article-DFJNLOAi.js                                  0.18 kB │ gzip:   0.16 kB
dist/assets/Article-DQ5OW_-Y.js                                  0.18 kB │ gzip:   0.16 kB
dist/assets/Article-DYkHFDr_.js                                  0.18 kB │ gzip:   0.16 kB
dist/assets/Article-Dnc4675_.js                                  0.18 kB │ gzip:   0.16 kB
dist/assets/Article-Dx_fk_sS2.js                                 0.18 kB │ gzip:   0.16 kB
dist/assets/Article-GINEuFe1.js                                  0.18 kB │ gzip:   0.16 kB
dist/assets/Article-Yao6X3xx.js                                  0.18 kB │ gzip:   0.16 kB
dist/assets/Article-ZQDuiSQA.js                                  0.18 kB │ gzip:   0.16 kB
dist/assets/Article-ZtYagIyP.js                                  0.18 kB │ gzip:   0.16 kB
dist/assets/Article-bSOU0p0t.js                                  0.18 kB │ gzip:   0.16 kB
dist/assets/Article-cUDWRqaI.js                                  0.18 kB │ gzip:   0.17 kB
dist/assets/Article-nPn6oNcp2.js                                 0.18 kB │ gzip:   0.16 kB
dist/assets/Article--Vcj84on.js                                  0.18 kB │ gzip:   0.16 kB
dist/assets/Article-BQBQxYH5.js                                  0.18 kB │ gzip:   0.17 kB
dist/assets/Article-BwsBZn5a2.js                                 0.18 kB │ gzip:   0.17 kB
dist/assets/Article-CE4hfoyQ2.js                                 0.18 kB │ gzip:   0.16 kB
dist/assets/Article-CI1BafEc2.js                                 0.18 kB │ gzip:   0.16 kB
dist/assets/Article-ChbOaQZX.js                                  0.18 kB │ gzip:   0.16 kB
dist/assets/Article-CkHBrMj3.js                                  0.18 kB │ gzip:   0.16 kB
dist/assets/Article-CsBcOIq2.js                                  0.18 kB │ gzip:   0.17 kB
dist/assets/Article-CsnmKQIC.js                                  0.18 kB │ gzip:   0.16 kB
dist/assets/Article-CtXvcIO8.js                                  0.18 kB │ gzip:   0.16 kB
dist/assets/Article-DFrD0mwX.js                                  0.18 kB │ gzip:   0.16 kB
dist/assets/Article-DSyiNfUp2.js                                 0.18 kB │ gzip:   0.16 kB
dist/assets/Article-DmCErSVA.js                                  0.18 kB │ gzip:   0.17 kB
dist/assets/Article-DqnHIzot2.js                                 0.18 kB │ gzip:   0.16 kB
dist/assets/Article-DufrsMAO2.js                                 0.18 kB │ gzip:   0.17 kB
dist/assets/Article-S1sMnmql.js                                  0.18 kB │ gzip:   0.16 kB
dist/assets/Article-WRQXrefs.js                                  0.18 kB │ gzip:   0.16 kB
dist/assets/Article-zyKd6RlF.js                                  0.18 kB │ gzip:   0.16 kB
dist/assets/Article-B-Ye1KEU.js                                  0.18 kB │ gzip:   0.16 kB
dist/assets/Article-B-sI-4FN.js                                  0.18 kB │ gzip:   0.16 kB
dist/assets/Article-B3Fi9CSS2.js                                 0.18 kB │ gzip:   0.17 kB
dist/assets/Article-B3OARYDv.js                                  0.18 kB │ gzip:   0.16 kB
dist/assets/Article-BHjoVbWo.js                                  0.18 kB │ gzip:   0.17 kB
dist/assets/Article-BVlhlOtt2.js                                 0.18 kB │ gzip:   0.16 kB
dist/assets/Article-Bjf_XIO9.js                                  0.18 kB │ gzip:   0.17 kB
dist/assets/Article-BvIF1z-r.js                                  0.18 kB │ gzip:   0.16 kB
dist/assets/Article-Bwp3rUlN2.js                                 0.18 kB │ gzip:   0.16 kB
dist/assets/Article-CAS1GKcW2.js                                 0.18 kB │ gzip:   0.16 kB
dist/assets/Article-CJ684MFZ.js                                  0.18 kB │ gzip:   0.16 kB
dist/assets/Article-CWlakO7S2.js                                 0.18 kB │ gzip:   0.16 kB
dist/assets/Article-CdVfpbYZ.js                                  0.18 kB │ gzip:   0.16 kB
dist/assets/Article-CvVPRxpS2.js                                 0.18 kB │ gzip:   0.17 kB
dist/assets/Article-D-MyBkdq.js                                  0.18 kB │ gzip:   0.17 kB
dist/assets/Article-D0IYxktr2.js                                 0.18 kB │ gzip:   0.17 kB
dist/assets/Article-D52JP1fz.js                                  0.18 kB │ gzip:   0.16 kB
dist/assets/Article-D8etP46W.js                                  0.18 kB │ gzip:   0.17 kB
dist/assets/Article-DAxiqqKK.js                                  0.18 kB │ gzip:   0.16 kB
dist/assets/Article-DKhmg_el.js                                  0.18 kB │ gzip:   0.16 kB
dist/assets/Article-DLkBO1p32.js                                 0.18 kB │ gzip:   0.17 kB
dist/assets/Article-DPS7w3d4.js                                  0.18 kB │ gzip:   0.16 kB
dist/assets/Article-LlQLrX0y.js                                  0.18 kB │ gzip:   0.16 kB
dist/assets/Article-V3JLZb60.js                                  0.18 kB │ gzip:   0.16 kB
dist/assets/Article-uSs_VC3J2.js                                 0.18 kB │ gzip:   0.16 kB
dist/assets/Article-BEvQW-E52.js                                 0.18 kB │ gzip:   0.16 kB
dist/assets/Article-BnHODJap2.js                                 0.18 kB │ gzip:   0.16 kB
dist/assets/Article-BuLD0dJf.js                                  0.18 kB │ gzip:   0.17 kB
dist/assets/Article-C25P5aHz2.js                                 0.18 kB │ gzip:   0.16 kB
dist/assets/Article-C5YS7qO02.js                                 0.18 kB │ gzip:   0.17 kB
dist/assets/Article-CGwIGokm.js                                  0.18 kB │ gzip:   0.16 kB
dist/assets/Article-CLYMFx26.js                                  0.18 kB │ gzip:   0.16 kB
dist/assets/Article-CM_ZzOZ8.js                                  0.18 kB │ gzip:   0.16 kB
dist/assets/Article-CPI2fPHa.js                                  0.18 kB │ gzip:   0.17 kB
dist/assets/Article-CVM836uS2.js                                 0.18 kB │ gzip:   0.16 kB
dist/assets/Article-CkoAIsv12.js                                 0.18 kB │ gzip:   0.16 kB
dist/assets/Article-DInejwn5.js                                  0.18 kB │ gzip:   0.17 kB
dist/assets/Article-DU2GW8N62.js                                 0.18 kB │ gzip:   0.17 kB
dist/assets/Article-DV8dpVqr.js                                  0.18 kB │ gzip:   0.16 kB
dist/assets/Article-DVNuMh7J.js                                  0.18 kB │ gzip:   0.17 kB
dist/assets/Article-De8kq46e.js                                  0.18 kB │ gzip:   0.16 kB
dist/assets/Article-MMfaz4II.js                                  0.18 kB │ gzip:   0.17 kB
dist/assets/Article-jcRauqWe2.js                                 0.18 kB │ gzip:   0.17 kB
dist/assets/Article-x_ej-3BA.js                                  0.18 kB │ gzip:   0.17 kB
dist/assets/Article-BLVkjql-.js                                  0.18 kB │ gzip:   0.17 kB
dist/assets/Article-BRzXDA9_.js                                  0.18 kB │ gzip:   0.17 kB
dist/assets/Article-BYbK4u9c2.js                                 0.18 kB │ gzip:   0.17 kB
dist/assets/Article-BqJcOJn_.js                                  0.18 kB │ gzip:   0.17 kB
dist/assets/Article-Br6tPl9_.js                                  0.18 kB │ gzip:   0.16 kB
dist/assets/Article-BvtIGt2p2.js                                 0.18 kB │ gzip:   0.16 kB
dist/assets/Article-BwCBiuON.js                                  0.18 kB │ gzip:   0.17 kB
dist/assets/Article-Bwy5TUy3.js                                  0.18 kB │ gzip:   0.17 kB
dist/assets/Article-CW6ShPyV.js                                  0.18 kB │ gzip:   0.17 kB
dist/assets/Article-Cd4uFGqM.js                                  0.18 kB │ gzip:   0.17 kB
dist/assets/Article-CkvDtBXw.js                                  0.18 kB │ gzip:   0.17 kB
dist/assets/Article-CxNMImch2.js                                 0.18 kB │ gzip:   0.17 kB
dist/assets/Article-DkpmCtOE2.js                                 0.18 kB │ gzip:   0.17 kB
dist/assets/Article-Dsm4GKRy2.js                                 0.18 kB │ gzip:   0.16 kB
dist/assets/Article-VYYeMVDW.js                                  0.18 kB │ gzip:   0.17 kB
dist/assets/Article-W8-Umm0e2.js                                 0.18 kB │ gzip:   0.16 kB
dist/assets/Article-d1c_Z-Re.js                                  0.18 kB │ gzip:   0.17 kB
dist/assets/Article-wb5x91Dp.js                                  0.18 kB │ gzip:   0.17 kB
dist/assets/Article-7WY0vEIn2.js                                 0.18 kB │ gzip:   0.17 kB
dist/assets/Article-B8d464gP.js                                  0.18 kB │ gzip:   0.16 kB
dist/assets/Article-BGkeVdpc.js                                  0.18 kB │ gzip:   0.17 kB
dist/assets/Article-BYK2ZVNH.js                                  0.18 kB │ gzip:   0.16 kB
dist/assets/Article-Bkv-OAXf.js                                  0.18 kB │ gzip:   0.17 kB
dist/assets/Article-BtxXudh3.js                                  0.18 kB │ gzip:   0.17 kB
dist/assets/Article-CFrhRIng.js                                  0.18 kB │ gzip:   0.16 kB
dist/assets/Article-CTohLuSW2.js                                 0.18 kB │ gzip:   0.17 kB
dist/assets/Article-CZ2WJI6H.js                                  0.18 kB │ gzip:   0.17 kB
dist/assets/Article-C_-QiRcG.js                                  0.18 kB │ gzip:   0.17 kB
dist/assets/Article-CuY1h3eZ.js                                  0.18 kB │ gzip:   0.17 kB
dist/assets/Article-DCr9oVcQ.js                                  0.18 kB │ gzip:   0.16 kB
dist/assets/Article-DFQNmKbo.js                                  0.18 kB │ gzip:   0.17 kB
dist/assets/Article-DNUzH3k82.js                                 0.18 kB │ gzip:   0.16 kB
dist/assets/Article-DkCSmbAs2.js                                 0.18 kB │ gzip:   0.16 kB
dist/assets/Article-F0kNiCfm.js                                  0.18 kB │ gzip:   0.16 kB
dist/assets/Article-G6gYzBgF2.js                                 0.18 kB │ gzip:   0.17 kB
dist/assets/Article-hY5tU9jG.js                                  0.18 kB │ gzip:   0.17 kB
dist/assets/Article-t0vwU7BL.js                                  0.18 kB │ gzip:   0.16 kB
dist/assets/Article-vrclUOvT.js                                  0.18 kB │ gzip:   0.17 kB
dist/assets/Article-B9Ns0dk1.js                                  0.18 kB │ gzip:   0.17 kB
dist/assets/Article-BCCRovFi.js                                  0.18 kB │ gzip:   0.17 kB
dist/assets/Article-BLhd-hFx.js                                  0.18 kB │ gzip:   0.17 kB
dist/assets/Article-BMPNaNVA.js                                  0.18 kB │ gzip:   0.17 kB
dist/assets/Article-BOkBry8V.js                                  0.18 kB │ gzip:   0.17 kB
dist/assets/Article-BRBv_iwu2.js                                 0.18 kB │ gzip:   0.17 kB
dist/assets/Article-BT4WEvG0.js                                  0.18 kB │ gzip:   0.16 kB
dist/assets/Article-BTRXxwDA.js                                  0.18 kB │ gzip:   0.17 kB
dist/assets/Article-BWjD_mkc.js                                  0.18 kB │ gzip:   0.17 kB
dist/assets/Article-BhqDkN7f2.js                                 0.18 kB │ gzip:   0.17 kB
dist/assets/Article-BpKAjsgJ.js                                  0.18 kB │ gzip:   0.17 kB
dist/assets/Article-BrmgVSRY2.js                                 0.18 kB │ gzip:   0.17 kB
dist/assets/Article-C30PdWbF.js                                  0.18 kB │ gzip:   0.17 kB
dist/assets/Article-C8kKfcji.js                                  0.18 kB │ gzip:   0.17 kB
dist/assets/Article-CaS4gAl4.js                                  0.18 kB │ gzip:   0.17 kB
dist/assets/Article-Cdr86stf2.js                                 0.18 kB │ gzip:   0.17 kB
dist/assets/Article-CenFSjlM.js                                  0.18 kB │ gzip:   0.17 kB
dist/assets/Article-CmG9tOF6.js                                  0.18 kB │ gzip:   0.17 kB
dist/assets/Article-DB2fwyxk2.js                                 0.18 kB │ gzip:   0.16 kB
dist/assets/Article-DJHOgD2a2.js                                 0.18 kB │ gzip:   0.17 kB
dist/assets/Article-DiKVX_fp.js                                  0.18 kB │ gzip:   0.17 kB
dist/assets/Article-IZGS5wSx.js                                  0.18 kB │ gzip:   0.17 kB
dist/assets/Article-LMSGcpM_2.js                                 0.18 kB │ gzip:   0.17 kB
dist/assets/Article-TqzDCLr72.js                                 0.18 kB │ gzip:   0.16 kB
dist/assets/Article-xJnRLPHp.js                                  0.18 kB │ gzip:   0.17 kB
dist/assets/Article-BRTUUOBe.js                                  0.19 kB │ gzip:   0.16 kB
dist/assets/Article-Bn4Ehmu4.js                                  0.19 kB │ gzip:   0.16 kB
dist/assets/Article-CCeYHMAT.js                                  0.19 kB │ gzip:   0.17 kB
dist/assets/Article-C_SuVqdL2.js                                 0.19 kB │ gzip:   0.16 kB
dist/assets/Article-D2pHv2nI.js                                  0.19 kB │ gzip:   0.17 kB
dist/assets/Article-DEQZXVbu2.js                                 0.19 kB │ gzip:   0.17 kB
dist/assets/Article-DPdo-2t5.js                                  0.19 kB │ gzip:   0.17 kB
dist/assets/Article-DWkC8ecj.js                                  0.19 kB │ gzip:   0.17 kB
dist/assets/Article-DgRNTilF2.js                                 0.19 kB │ gzip:   0.17 kB
dist/assets/Article-_rtusg692.js                                 0.19 kB │ gzip:   0.17 kB
dist/assets/Article-biC04v4m.js                                  0.19 kB │ gzip:   0.17 kB
dist/assets/Article-BN04LZWG.js                                  0.19 kB │ gzip:   0.17 kB
dist/assets/Article-BXLU-Yhn.js                                  0.19 kB │ gzip:   0.17 kB
dist/assets/Article-BxkPZoQY.js                                  0.19 kB │ gzip:   0.17 kB
dist/assets/Article-CYvziL6h.js                                  0.19 kB │ gzip:   0.17 kB
dist/assets/Article-CvkxwH7D2.js                                 0.19 kB │ gzip:   0.17 kB
dist/assets/Article-CzydoLtf.js                                  0.19 kB │ gzip:   0.17 kB
dist/assets/Article-DFEf-wOS.js                                  0.19 kB │ gzip:   0.16 kB
dist/assets/Article-DN67Mojh2.js                                 0.19 kB │ gzip:   0.16 kB
dist/assets/Article-DYLVAOhJ.js                                  0.19 kB │ gzip:   0.17 kB
dist/assets/Article-H2gdJxMY.js                                  0.19 kB │ gzip:   0.17 kB
dist/assets/Article-XNi51BWU.js                                  0.19 kB │ gzip:   0.17 kB
dist/assets/Article-fg8fAEdR.js                                  0.19 kB │ gzip:   0.16 kB
dist/assets/Article-nq2tJkpM.js                                  0.19 kB │ gzip:   0.17 kB
dist/assets/Article-1sITxp1g.js                                  0.19 kB │ gzip:   0.17 kB
dist/assets/Article-BrFxdfle2.js                                 0.19 kB │ gzip:   0.17 kB
dist/assets/Article-CYxPuT6t2.js                                 0.19 kB │ gzip:   0.17 kB
dist/assets/Article-CnCCaAgO.js                                  0.19 kB │ gzip:   0.17 kB
dist/assets/Article-D0yUVRSK.js                                  0.19 kB │ gzip:   0.17 kB
dist/assets/Article-D8fjFtBa.js                                  0.19 kB │ gzip:   0.17 kB
dist/assets/Article-DCgFkSes.js                                  0.19 kB │ gzip:   0.17 kB
dist/assets/Article-DER1KRZY.js                                  0.19 kB │ gzip:   0.17 kB
dist/assets/Article-DjjBgFyn.js                                  0.19 kB │ gzip:   0.17 kB
dist/assets/Article-DlJKv29X2.js                                 0.19 kB │ gzip:   0.17 kB
dist/assets/Article-DoQH24yt.js                                  0.19 kB │ gzip:   0.17 kB
dist/assets/Article-eDsWLZGD2.js                                 0.19 kB │ gzip:   0.17 kB
dist/assets/Article-wGllv6Z2.js                                  0.19 kB │ gzip:   0.17 kB
dist/assets/Article-B2QoQpvl.js                                  0.19 kB │ gzip:   0.17 kB
dist/assets/Article-BHpVeJYE.js                                  0.19 kB │ gzip:   0.17 kB
dist/assets/Article-BPd8c8ke.js                                  0.19 kB │ gzip:   0.17 kB
dist/assets/Article-BsH9pqn32.js                                 0.19 kB │ gzip:   0.17 kB
dist/assets/Article-C-nCYkry.js                                  0.19 kB │ gzip:   0.17 kB
dist/assets/Article-CULlJDiL2.js                                 0.19 kB │ gzip:   0.17 kB
dist/assets/Article-DFql28-G.js                                  0.19 kB │ gzip:   0.17 kB
dist/assets/Article-Db3Qtx5F2.js                                 0.19 kB │ gzip:   0.17 kB
dist/assets/Article-XncJjh3w2.js                                 0.19 kB │ gzip:   0.17 kB
dist/assets/Article-5CWACL-y.js                                  0.19 kB │ gzip:   0.17 kB
dist/assets/Article-AsVBO2Vw.js                                  0.19 kB │ gzip:   0.17 kB
dist/assets/Article-CClWecCm.js                                  0.19 kB │ gzip:   0.17 kB
dist/assets/Article-CZJujZVg2.js                                 0.19 kB │ gzip:   0.17 kB
dist/assets/Article-CbcsO6Pt.js                                  0.19 kB │ gzip:   0.17 kB
dist/assets/Article-CjbJj1cN2.js                                 0.19 kB │ gzip:   0.17 kB
dist/assets/Article-DgVIQgif2.js                                 0.19 kB │ gzip:   0.17 kB
dist/assets/Article-DtHxw_99.js                                  0.19 kB │ gzip:   0.17 kB
dist/assets/Article-WoabMCFz.js                                  0.19 kB │ gzip:   0.17 kB
dist/assets/Article-Xuc6ewQX2.js                                 0.19 kB │ gzip:   0.17 kB
dist/assets/Article-1m1gcva-.js                                  0.19 kB │ gzip:   0.17 kB
dist/assets/Article-BH6FotDx2.js                                 0.19 kB │ gzip:   0.17 kB
dist/assets/Article-C8I0brC82.js                                 0.19 kB │ gzip:   0.17 kB
dist/assets/Article-CSxc9TbM.js                                  0.19 kB │ gzip:   0.17 kB
dist/assets/Article-CWBL1hpL.js                                  0.19 kB │ gzip:   0.17 kB
dist/assets/Article-DV5MZ0pi.js                                  0.19 kB │ gzip:   0.17 kB
dist/assets/Article-LiPWdoNq.js                                  0.19 kB │ gzip:   0.17 kB
dist/assets/Article-gwthoNxC2.js                                 0.19 kB │ gzip:   0.17 kB
dist/assets/Article-tC4YhCt92.js                                 0.19 kB │ gzip:   0.17 kB
dist/assets/Article-8-H6WP_l2.js                                 0.19 kB │ gzip:   0.17 kB
dist/assets/Article-BX2t_xGP2.js                                 0.19 kB │ gzip:   0.17 kB
dist/assets/Article-CHSXFofE.js                                  0.19 kB │ gzip:   0.17 kB
dist/assets/Article-CPaPN61I.js                                  0.19 kB │ gzip:   0.17 kB
dist/assets/Article-ClIY4StY.js                                  0.19 kB │ gzip:   0.17 kB
dist/assets/Article-ZwkjQwQK.js                                  0.19 kB │ gzip:   0.17 kB
dist/assets/Article-BkVMHTWM2.js                                 0.19 kB │ gzip:   0.17 kB
dist/assets/Article-BzsgUPSa.js                                  0.19 kB │ gzip:   0.17 kB
dist/assets/Article-C7krotrd2.js                                 0.19 kB │ gzip:   0.17 kB
dist/assets/Article-DKnmMmvr.js                                  0.19 kB │ gzip:   0.17 kB
dist/assets/Article-DL217eEg.js                                  0.19 kB │ gzip:   0.17 kB
dist/assets/Article-DjerOjWC.js                                  0.19 kB │ gzip:   0.17 kB
dist/assets/Article-q1AET2oG2.js                                 0.19 kB │ gzip:   0.17 kB
dist/assets/Article-rOUFqcnJ.js                                  0.19 kB │ gzip:   0.17 kB
dist/assets/Article-BYFbiFYu.js                                  0.19 kB │ gzip:   0.17 kB
dist/assets/Article-CHOQ5R1s2.js                                 0.19 kB │ gzip:   0.17 kB
dist/assets/Article-OMLm6Ovw.js                                  0.19 kB │ gzip:   0.17 kB
dist/assets/Article-CPAf7gzh2.js                                 0.19 kB │ gzip:   0.17 kB
dist/assets/Article-DHTQ7ueR.js                                  0.19 kB │ gzip:   0.17 kB
dist/assets/Article-fyr5KiKN.js                                  0.19 kB │ gzip:   0.17 kB
dist/assets/Article-BH5l1TUP.js                                  0.20 kB │ gzip:   0.17 kB
dist/assets/Article-C4lyO2Q72.js                                 0.20 kB │ gzip:   0.18 kB
dist/assets/Article-d6Fsg_HE.js                                  0.20 kB │ gzip:   0.17 kB
dist/assets/Article-36XfJ7pV2.js                                 0.20 kB │ gzip:   0.17 kB
dist/assets/Article-BMCAqOlN.js                                  0.20 kB │ gzip:   0.17 kB
dist/assets/Article-BWZyPQds2.js                                 0.20 kB │ gzip:   0.17 kB
dist/assets/Article-BoOYdNqp.js                                  0.20 kB │ gzip:   0.18 kB
dist/assets/Article-CASDHl592.js                                 0.20 kB │ gzip:   0.18 kB
dist/assets/Article-CfeENQII2.js                                 0.20 kB │ gzip:   0.17 kB
dist/assets/Article-Co04VgGl.js                                  0.20 kB │ gzip:   0.17 kB
dist/assets/Article-nQoVM-em2.js                                 0.20 kB │ gzip:   0.18 kB
dist/assets/Article-vSuiiYwQ.js                                  0.20 kB │ gzip:   0.17 kB
dist/assets/Article-2alFi4z62.js                                 0.20 kB │ gzip:   0.17 kB
dist/assets/Article-BeeHJrtH.js                                  0.20 kB │ gzip:   0.17 kB
dist/assets/Article-BgVIOHmp.js                                  0.20 kB │ gzip:   0.17 kB
dist/assets/Article-CSsEOOIn.js                                  0.20 kB │ gzip:   0.17 kB
dist/assets/Article-Cjw8EJy9.js                                  0.20 kB │ gzip:   0.17 kB
dist/assets/Article-CkicTZgo.js                                  0.20 kB │ gzip:   0.17 kB
dist/assets/Course-DzfhLx0l.js                                   0.20 kB │ gzip:   0.17 kB
dist/assets/Article-C4QKskX32.js                                 0.20 kB │ gzip:   0.17 kB
dist/assets/Article-CbbERc-8.js                                  0.20 kB │ gzip:   0.17 kB
dist/assets/Article-CzJs9YPK.js                                  0.20 kB │ gzip:   0.17 kB
dist/assets/Article-DJ_nxXOR2.js                                 0.20 kB │ gzip:   0.18 kB
dist/assets/Article-U5ylfm-T2.js                                 0.20 kB │ gzip:   0.17 kB
dist/assets/Article-BMsSOgUW2.js                                 0.20 kB │ gzip:   0.17 kB
dist/assets/Article-BoiUYi-J.js                                  0.20 kB │ gzip:   0.17 kB
dist/assets/Article-C9VGqPM4.js                                  0.20 kB │ gzip:   0.18 kB
dist/assets/Article-CPyZjH3M.js                                  0.20 kB │ gzip:   0.17 kB
dist/assets/Article-Di4hSQ_w2.js                                 0.20 kB │ gzip:   0.17 kB
dist/assets/Article-Do7TPYz6.js                                  0.20 kB │ gzip:   0.18 kB
dist/assets/Course-Bn1aEXGt.js                                   0.20 kB │ gzip:   0.17 kB
dist/assets/Course-DIzwKyv3.js                                   0.20 kB │ gzip:   0.17 kB
dist/assets/Article-C0LAOZTq.js                                  0.20 kB │ gzip:   0.18 kB
dist/assets/Article-D3YooYnP.js                                  0.20 kB │ gzip:   0.17 kB
dist/assets/Article-DIYLPhgn2.js                                 0.20 kB │ gzip:   0.18 kB
dist/assets/Course-PJuhGNBl.js                                   0.20 kB │ gzip:   0.17 kB
dist/assets/Course-RhF1_ncC.js                                   0.20 kB │ gzip:   0.17 kB
dist/assets/Course-zDBFGVDA.js                                   0.20 kB │ gzip:   0.17 kB
dist/assets/Article-19R1QUoh2.js                                 0.20 kB │ gzip:   0.18 kB
dist/assets/Article-CYKyPsYO.js                                  0.20 kB │ gzip:   0.18 kB
dist/assets/Article-DGgGiAiv2.js                                 0.20 kB │ gzip:   0.18 kB
dist/assets/Article-DTjygBhH.js                                  0.20 kB │ gzip:   0.18 kB
dist/assets/Article-JEY58yv4.js                                  0.20 kB │ gzip:   0.18 kB
dist/assets/Course-B16unRu1.js                                   0.20 kB │ gzip:   0.17 kB
dist/assets/Course-BFlRGnOc.js                                   0.20 kB │ gzip:   0.17 kB
dist/assets/Course-lKDc0_ME.js                                   0.20 kB │ gzip:   0.17 kB
dist/assets/Article-CL8TPyOR.js                                  0.20 kB │ gzip:   0.17 kB
dist/assets/Article-CNlbD3h9.js                                  0.20 kB │ gzip:   0.17 kB
dist/assets/Course-1dW_4WsP.js                                   0.20 kB │ gzip:   0.17 kB
dist/assets/Course-D-COj0du.js                                   0.20 kB │ gzip:   0.17 kB
dist/assets/Course-TYeBZWTo.js                                   0.20 kB │ gzip:   0.17 kB
dist/assets/Course-0IM2ccgq.js                                   0.20 kB │ gzip:   0.17 kB
dist/assets/Course-UC3FmXJR.js                                   0.20 kB │ gzip:   0.17 kB
dist/assets/Article-BMfCtGiO.js                                  0.21 kB │ gzip:   0.18 kB
dist/assets/Article-CJHjRwdO.js                                  0.21 kB │ gzip:   0.18 kB
dist/assets/Course-ChgbwDQ-.js                                   0.21 kB │ gzip:   0.17 kB
dist/assets/Article-Gnmc93Ru2.js                                 0.21 kB │ gzip:   0.18 kB
dist/assets/Course-D0DBNsNZ.js                                   0.21 kB │ gzip:   0.18 kB
dist/assets/Course-vKbsdumo.js                                   0.21 kB │ gzip:   0.18 kB
dist/assets/Article-DmH4SdJ42.js                                 0.21 kB │ gzip:   0.18 kB
dist/assets/Course-Ckur0bVo.js                                   0.21 kB │ gzip:   0.17 kB
dist/assets/Article-CnNYCbwZ4.js                                 0.21 kB │ gzip:   0.18 kB
dist/assets/Course-C2YqF8cP.js                                   0.21 kB │ gzip:   0.18 kB
dist/assets/Article-T75X2tJ7.js                                  0.21 kB │ gzip:   0.19 kB
dist/assets/Course-B2pYS625.js                                   0.21 kB │ gzip:   0.18 kB
dist/assets/Article-CTAcNOhE3.js                                 0.21 kB │ gzip:   0.18 kB
dist/assets/Article-CUjPKgFc4.js                                 0.21 kB │ gzip:   0.18 kB
dist/assets/Article-CnU8RtSz4.js                                 0.21 kB │ gzip:   0.18 kB
dist/assets/Article-CIj9B6gG3.js                                 0.21 kB │ gzip:   0.18 kB
dist/assets/Article-Cp8uqEHM3.js                                 0.21 kB │ gzip:   0.18 kB
dist/assets/Article-Cv0yUXt_3.js                                 0.21 kB │ gzip:   0.18 kB
dist/assets/Article-DzhMH7FW3.js                                 0.21 kB │ gzip:   0.19 kB
dist/assets/Article-jwEYX0j94.js                                 0.21 kB │ gzip:   0.18 kB
dist/assets/Article-B4YAq_vt2.js                                 0.21 kB │ gzip:   0.18 kB
dist/assets/Article-C4onZ3gB3.js                                 0.21 kB │ gzip:   0.18 kB
dist/assets/Article-C5CrHQxn2.js                                 0.21 kB │ gzip:   0.18 kB
dist/assets/Article-CAFaTZnW4.js                                 0.21 kB │ gzip:   0.18 kB
dist/assets/Article-D2o159uj4.js                                 0.21 kB │ gzip:   0.18 kB
dist/assets/Article-AoBKYtEJ2.js                                 0.21 kB │ gzip:   0.18 kB
dist/assets/Article-BCUf_23W4.js                                 0.21 kB │ gzip:   0.18 kB
dist/assets/Article-BbVPvlO-3.js                                 0.21 kB │ gzip:   0.18 kB
dist/assets/Article-CThSuKlM4.js                                 0.21 kB │ gzip:   0.18 kB
dist/assets/Article-Cdorc7ZQ4.js                                 0.21 kB │ gzip:   0.18 kB
dist/assets/Article-CoWMKwFG4.js                                 0.21 kB │ gzip:   0.18 kB
dist/assets/Article-CpG1AudY4.js                                 0.21 kB │ gzip:   0.19 kB
dist/assets/Article-CpYYo-ij3.js                                 0.21 kB │ gzip:   0.18 kB
dist/assets/Article-DAUSyIVN2.js                                 0.21 kB │ gzip:   0.18 kB
dist/assets/Article-DTf5Zo0I.js                                  0.21 kB │ gzip:   0.18 kB
dist/assets/Article-DatRw3u04.js                                 0.21 kB │ gzip:   0.19 kB
dist/assets/Article-DbmgPSvW3.js                                 0.21 kB │ gzip:   0.18 kB
dist/assets/Article-GVn5bDkW2.js                                 0.21 kB │ gzip:   0.18 kB
dist/assets/Article-_ueUTDct2.js                                 0.21 kB │ gzip:   0.18 kB
dist/assets/PracticalGuide-_ueUTDct.js                           0.21 kB │ gzip:   0.18 kB
dist/assets/Article-B9tx17Fz3.js                                 0.21 kB │ gzip:   0.18 kB
dist/assets/Article-BEzjFpFA4.js                                 0.21 kB │ gzip:   0.18 kB
dist/assets/Article-BN8-LQIJ3.js                                 0.21 kB │ gzip:   0.18 kB
dist/assets/Article-BZ1GcMiu3.js                                 0.21 kB │ gzip:   0.19 kB
dist/assets/Article-CNybXM5T.js                                  0.21 kB │ gzip:   0.18 kB
dist/assets/Article-DlZqYG9Y2.js                                 0.21 kB │ gzip:   0.18 kB
dist/assets/Article-DmxBOmEK.js                                  0.21 kB │ gzip:   0.18 kB
dist/assets/Article-DnsJGK4x4.js                                 0.21 kB │ gzip:   0.19 kB
dist/assets/Article-DoeUzb522.js                                 0.21 kB │ gzip:   0.18 kB
dist/assets/Article-RtwmHjQq.js                                  0.21 kB │ gzip:   0.18 kB
dist/assets/Article-243bmKvv3.js                                 0.22 kB │ gzip:   0.19 kB
dist/assets/Article-7RQTx4jW2.js                                 0.22 kB │ gzip:   0.18 kB
dist/assets/Article-B-P6-0m43.js                                 0.22 kB │ gzip:   0.18 kB
dist/assets/Article-B1T1_pGR4.js                                 0.22 kB │ gzip:   0.18 kB
dist/assets/Article-BZImgNXI4.js                                 0.22 kB │ gzip:   0.19 kB
dist/assets/Article-BbcZYvuO2.js                                 0.22 kB │ gzip:   0.18 kB
dist/assets/Article-Bc8aFZBy3.js                                 0.22 kB │ gzip:   0.19 kB
dist/assets/Article-Blh_TtAH4.js                                 0.22 kB │ gzip:   0.18 kB
dist/assets/Article-BouvFdZs3.js                                 0.22 kB │ gzip:   0.18 kB
dist/assets/Article-BqGA_77O3.js                                 0.22 kB │ gzip:   0.18 kB
dist/assets/Article-C8FzNIRX4.js                                 0.22 kB │ gzip:   0.18 kB
dist/assets/Article-CXMUO2Lh3.js                                 0.22 kB │ gzip:   0.18 kB
dist/assets/Article-CiNQFfec4.js                                 0.22 kB │ gzip:   0.18 kB
dist/assets/Article-CxlY4KlN4.js                                 0.22 kB │ gzip:   0.19 kB
dist/assets/Article-DeSPIYZk4.js                                 0.22 kB │ gzip:   0.19 kB
dist/assets/Article-DuWo3nZH3.js                                 0.22 kB │ gzip:   0.18 kB
dist/assets/Article-DwFF-f9w3.js                                 0.22 kB │ gzip:   0.19 kB
dist/assets/Article-Z4rTKYSH4.js                                 0.22 kB │ gzip:   0.18 kB
dist/assets/Article-aD16hKra3.js                                 0.22 kB │ gzip:   0.18 kB
dist/assets/Article-qb5Xr7oV2.js                                 0.22 kB │ gzip:   0.19 kB
dist/assets/CoreConcepts-DwFF-f9w.js                             0.22 kB │ gzip:   0.19 kB
dist/assets/PracticalGuide-243bmKvv.js                           0.22 kB │ gzip:   0.19 kB
dist/assets/PracticalGuide-C8FzNIRX.js                           0.22 kB │ gzip:   0.18 kB
dist/assets/Article-3PBfIS1H3.js                                 0.22 kB │ gzip:   0.18 kB
dist/assets/Article-8AauT2GK4.js                                 0.22 kB │ gzip:   0.19 kB
dist/assets/Article-B0C8kqWI3.js                                 0.22 kB │ gzip:   0.18 kB
dist/assets/Article-B39PQMQs2.js                                 0.22 kB │ gzip:   0.19 kB
dist/assets/Article-BT7LEaAR3.js                                 0.22 kB │ gzip:   0.19 kB
dist/assets/Article-BU_50c2B4.js                                 0.22 kB │ gzip:   0.19 kB
dist/assets/Article-Bgp_KO5P4.js                                 0.22 kB │ gzip:   0.19 kB
dist/assets/Article-ByTY27LM3.js                                 0.22 kB │ gzip:   0.18 kB
dist/assets/Article-C6QsEpBg4.js                                 0.22 kB │ gzip:   0.18 kB
dist/assets/Article-CHCZk8Vu4.js                                 0.22 kB │ gzip:   0.19 kB
dist/assets/Article-CQ3vAW_h3.js                                 0.22 kB │ gzip:   0.18 kB
dist/assets/Article-CRrGorL93.js                                 0.22 kB │ gzip:   0.19 kB
dist/assets/Article-CTAm-yFF4.js                                 0.22 kB │ gzip:   0.18 kB
dist/assets/Article-Ct97CXd34.js                                 0.22 kB │ gzip:   0.19 kB
dist/assets/Article-D-hcn8Nr2.js                                 0.22 kB │ gzip:   0.19 kB
dist/assets/Article-D3YFR5wr2.js                                 0.22 kB │ gzip:   0.19 kB
dist/assets/Article-DOmb35Bd3.js                                 0.22 kB │ gzip:   0.18 kB
dist/assets/Article-DZEDcklK3.js                                 0.22 kB │ gzip:   0.18 kB
dist/assets/Article-DjxB6foc2.js                                 0.22 kB │ gzip:   0.18 kB
dist/assets/Article-DzPbCNy03.js                                 0.22 kB │ gzip:   0.18 kB
dist/assets/Article-QP7psE-r4.js                                 0.22 kB │ gzip:   0.18 kB
dist/assets/PracticalGuide-B0C8kqWI.js                           0.22 kB │ gzip:   0.18 kB
dist/assets/PracticalGuide-Ct97CXd3.js                           0.22 kB │ gzip:   0.19 kB
dist/assets/PracticalGuide-D-hcn8Nr.js                           0.22 kB │ gzip:   0.19 kB
dist/assets/Architecture--HR-7TYR.js                             0.22 kB │ gzip:   0.19 kB
dist/assets/Article--HR-7TYR3.js                                 0.22 kB │ gzip:   0.19 kB
dist/assets/Article-6nHkqhK7.js                                  0.22 kB │ gzip:   0.18 kB
dist/assets/Article-B3j1Zu7P2.js                                 0.22 kB │ gzip:   0.19 kB
dist/assets/Article-B4fpi18X2.js                                 0.22 kB │ gzip:   0.18 kB
dist/assets/Article-BGCKkmUL4.js                                 0.22 kB │ gzip:   0.18 kB
dist/assets/Article-BJXeL-Xk2.js                                 0.22 kB │ gzip:   0.19 kB
dist/assets/Article-BQaDpljY4.js                                 0.22 kB │ gzip:   0.19 kB
dist/assets/Article-BY8u6UZf3.js                                 0.22 kB │ gzip:   0.19 kB
dist/assets/Article-B_18UARo2.js                                 0.22 kB │ gzip:   0.18 kB
dist/assets/Article-Bbw-ZjVt3.js                                 0.22 kB │ gzip:   0.19 kB
dist/assets/Article-Be5dFU1c2.js                                 0.22 kB │ gzip:   0.19 kB
dist/assets/Article-CF-ZBnzM2.js                                 0.22 kB │ gzip:   0.18 kB
dist/assets/Article-CZ7aPOXV4.js                                 0.22 kB │ gzip:   0.19 kB
dist/assets/Article-CfkzkD4p3.js                                 0.22 kB │ gzip:   0.19 kB
dist/assets/Article-D6-TdefU4.js                                 0.22 kB │ gzip:   0.19 kB
dist/assets/Article-DSbYFA1f3.js                                 0.22 kB │ gzip:   0.18 kB
dist/assets/Article-Drc45Ibw4.js                                 0.22 kB │ gzip:   0.19 kB
dist/assets/Article-M_BOdNFV2.js                                 0.22 kB │ gzip:   0.19 kB
dist/assets/Article-ONZxOYzG3.js                                 0.22 kB │ gzip:   0.19 kB
dist/assets/Article-dohPs8Ob4.js                                 0.22 kB │ gzip:   0.18 kB
dist/assets/Article-lgv8Ve5e2.js                                 0.22 kB │ gzip:   0.19 kB
dist/assets/PracticalGuide-BQaDpljY.js                           0.22 kB │ gzip:   0.19 kB
dist/assets/Article-6U3n2l3j4.js                                 0.22 kB │ gzip:   0.19 kB
dist/assets/Article-7sAcHjS-4.js                                 0.22 kB │ gzip:   0.19 kB
dist/assets/Article-ARkSszqL2.js                                 0.22 kB │ gzip:   0.19 kB
dist/assets/Article-B0A0_JGw3.js                                 0.22 kB │ gzip:   0.19 kB
dist/assets/Article-B5yZ-q8d3.js                                 0.22 kB │ gzip:   0.19 kB
dist/assets/Article-BEOMM2_c4.js                                 0.22 kB │ gzip:   0.19 kB
dist/assets/Article-BPcg7Xix4.js                                 0.22 kB │ gzip:   0.19 kB
dist/assets/Article-BPhEjHne4.js                                 0.22 kB │ gzip:   0.18 kB
dist/assets/Article-BfdX5A6Y3.js                                 0.22 kB │ gzip:   0.18 kB
dist/assets/Article-Bh1l55TQ4.js                                 0.22 kB │ gzip:   0.18 kB
dist/assets/Article-BrJ2yZkI3.js                                 0.22 kB │ gzip:   0.19 kB
dist/assets/Article-Bte1etkX4.js                                 0.22 kB │ gzip:   0.19 kB
dist/assets/Article-BzJ5lVAq2.js                                 0.22 kB │ gzip:   0.19 kB
dist/assets/Article-C0PCxgLN3.js                                 0.22 kB │ gzip:   0.19 kB
dist/assets/Article-C8jlBb5G3.js                                 0.22 kB │ gzip:   0.19 kB
dist/assets/Article-CB2GVgLX3.js                                 0.22 kB │ gzip:   0.19 kB
dist/assets/Article-CZEQYHbv2.js                                 0.22 kB │ gzip:   0.19 kB
dist/assets/Article-Ca6BwsjC3.js                                 0.22 kB │ gzip:   0.19 kB
dist/assets/Article-Cbuu3VLU3.js                                 0.22 kB │ gzip:   0.19 kB
dist/assets/Article-Cyr5v-uM2.js                                 0.22 kB │ gzip:   0.18 kB
dist/assets/Article-DBLWi5Lf.js                                  0.22 kB │ gzip:   0.19 kB
dist/assets/Article-DIZ_4PhF4.js                                 0.22 kB │ gzip:   0.19 kB
dist/assets/Article-DZ-MVPY6.js                                  0.22 kB │ gzip:   0.18 kB
dist/assets/Article-Dj28vT3u2.js                                 0.22 kB │ gzip:   0.19 kB
dist/assets/Article-Dv8BAr4U4.js                                 0.22 kB │ gzip:   0.19 kB
dist/assets/Article-FJqxHNhE2.js                                 0.22 kB │ gzip:   0.19 kB
dist/assets/Article-b2r1DmxV3.js                                 0.22 kB │ gzip:   0.18 kB
dist/assets/PracticalGuide-6U3n2l3j.js                           0.22 kB │ gzip:   0.19 kB
dist/assets/PracticalGuide-ARkSszqL.js                           0.22 kB │ gzip:   0.19 kB
dist/assets/PracticalGuide-BEOMM2_c.js                           0.22 kB │ gzip:   0.19 kB
dist/assets/PracticalGuide-CZEQYHbv.js                           0.22 kB │ gzip:   0.19 kB
dist/assets/PracticalGuide-DBLWi5Lf.js                           0.22 kB │ gzip:   0.19 kB
dist/assets/Article--rzQWNxN3.js                                 0.22 kB │ gzip:   0.18 kB
dist/assets/Article-31XJmdld2.js                                 0.22 kB │ gzip:   0.19 kB
dist/assets/Article-82TnlrSx3.js                                 0.22 kB │ gzip:   0.19 kB
dist/assets/Article-BAysbicx3.js                                 0.22 kB │ gzip:   0.19 kB
dist/assets/Article-BGoTL-5m4.js                                 0.22 kB │ gzip:   0.18 kB
dist/assets/Article-BNZOM-Rn3.js                                 0.22 kB │ gzip:   0.18 kB
dist/assets/Article-BPYG7GAT2.js                                 0.22 kB │ gzip:   0.19 kB
dist/assets/Article-BjkKhf6r3.js                                 0.22 kB │ gzip:   0.19 kB
dist/assets/Article-CAQuxrpD4.js                                 0.22 kB │ gzip:   0.19 kB
dist/assets/Article-CO5RlxtV2.js                                 0.22 kB │ gzip:   0.19 kB
dist/assets/Article-CRalSYJv4.js                                 0.22 kB │ gzip:   0.18 kB
dist/assets/Article-Cip3p3g64.js                                 0.22 kB │ gzip:   0.19 kB
dist/assets/Article-CpbZP2NZ4.js                                 0.22 kB │ gzip:   0.19 kB
dist/assets/Article-CtH1E3N73.js                                 0.22 kB │ gzip:   0.19 kB
dist/assets/Article-CtxCJ6qY3.js                                 0.22 kB │ gzip:   0.18 kB
dist/assets/Article-DQ9V6ChW.js                                  0.22 kB │ gzip:   0.19 kB
dist/assets/Article-kAJM7ClB3.js                                 0.22 kB │ gzip:   0.18 kB
dist/assets/Article-l-AHfqwU3.js                                 0.22 kB │ gzip:   0.19 kB
dist/assets/Article-oFyOBPsU2.js                                 0.22 kB │ gzip:   0.19 kB
dist/assets/Article-pTwaL5hz3.js                                 0.22 kB │ gzip:   0.19 kB
dist/assets/CoreConcepts-CAQuxrpD.js                             0.22 kB │ gzip:   0.19 kB
dist/assets/CoreConcepts-CtH1E3N7.js                             0.22 kB │ gzip:   0.19 kB
dist/assets/PracticalGuide-DQ9V6ChW.js                           0.22 kB │ gzip:   0.19 kB
dist/assets/Article--FY50SdQ2.js                                 0.22 kB │ gzip:   0.19 kB
dist/assets/Article-B5bD4h5k3.js                                 0.22 kB │ gzip:   0.19 kB
dist/assets/Article-B6N99WSI2.js                                 0.22 kB │ gzip:   0.19 kB
dist/assets/Article-B7X2MNbd4.js                                 0.22 kB │ gzip:   0.19 kB
dist/assets/Article-BAb-Zyhs3.js                                 0.22 kB │ gzip:   0.19 kB
dist/assets/Article-BJ4a2stx4.js                                 0.22 kB │ gzip:   0.19 kB
dist/assets/Article-BKRtY1hC2.js                                 0.22 kB │ gzip:   0.19 kB
dist/assets/Article-BeDoVUIC2.js                                 0.22 kB │ gzip:   0.19 kB
dist/assets/Article-BfI8wm-E2.js                                 0.22 kB │ gzip:   0.19 kB
dist/assets/Article-Bs6l7ni_2.js                                 0.22 kB │ gzip:   0.18 kB
dist/assets/Article-Bzo_ujcQ4.js                                 0.22 kB │ gzip:   0.19 kB
dist/assets/Article-C4o-Z1p02.js                                 0.22 kB │ gzip:   0.19 kB
dist/assets/Article-CFMGXWwj3.js                                 0.22 kB │ gzip:   0.19 kB
dist/assets/Article-CSYFGiKL2.js                                 0.22 kB │ gzip:   0.19 kB
dist/assets/Article-CSnPrxyy2.js                                 0.22 kB │ gzip:   0.18 kB
dist/assets/Article-CXanwEqY3.js                                 0.22 kB │ gzip:   0.19 kB
dist/assets/Article-C_C4lZMF3.js                                 0.22 kB │ gzip:   0.19 kB
dist/assets/Article-CbNREace4.js                                 0.22 kB │ gzip:   0.19 kB
dist/assets/Article-CpgnxhWq3.js                                 0.22 kB │ gzip:   0.19 kB
dist/assets/Article-CyZ_nHhS4.js                                 0.22 kB │ gzip:   0.19 kB
dist/assets/Article-DDIlg5AX.js                                  0.22 kB │ gzip:   0.19 kB
dist/assets/Article-DEeBUrQA3.js                                 0.22 kB │ gzip:   0.19 kB
dist/assets/Article-DGUDjbco4.js                                 0.22 kB │ gzip:   0.19 kB
dist/assets/Article-DGi7S_NA2.js                                 0.22 kB │ gzip:   0.19 kB
dist/assets/Article-DPZ7Goz14.js                                 0.22 kB │ gzip:   0.18 kB
dist/assets/Article-DfOryrvy3.js                                 0.22 kB │ gzip:   0.18 kB
dist/assets/Article-Dp5E5ZwI2.js                                 0.22 kB │ gzip:   0.19 kB
dist/assets/Article-DpBUMSLb2.js                                 0.22 kB │ gzip:   0.19 kB
dist/assets/Article-DsTKHwRP2.js                                 0.22 kB │ gzip:   0.19 kB
dist/assets/Article-DwqKs3Ga3.js                                 0.22 kB │ gzip:   0.19 kB
dist/assets/Article-FrprugVB4.js                                 0.22 kB │ gzip:   0.19 kB
dist/assets/Article-NOo0DAEE3.js                                 0.22 kB │ gzip:   0.19 kB
dist/assets/Article-Nsg7cL3x3.js                                 0.22 kB │ gzip:   0.18 kB
dist/assets/Article-Ugoc1rle3.js                                 0.22 kB │ gzip:   0.19 kB
dist/assets/Article-_s7HMgMB3.js                                 0.22 kB │ gzip:   0.19 kB
dist/assets/Article-n2egQEWc2.js                                 0.22 kB │ gzip:   0.19 kB
dist/assets/Article-tvkiAyKn2.js                                 0.22 kB │ gzip:   0.18 kB
dist/assets/Introduction-DfOryrvy.js                             0.22 kB │ gzip:   0.18 kB
dist/assets/PracticalGuide-B6N99WSI.js                           0.22 kB │ gzip:   0.19 kB
dist/assets/Architecture-B-62DnB6.js                             0.22 kB │ gzip:   0.19 kB
dist/assets/Architecture-JCP5d-lA.js                             0.22 kB │ gzip:   0.19 kB
dist/assets/Article-1Ywkq30A2.js                                 0.22 kB │ gzip:   0.19 kB
dist/assets/Article-B-62DnB63.js                                 0.22 kB │ gzip:   0.19 kB
dist/assets/Article-BDQei0Su2.js                                 0.22 kB │ gzip:   0.19 kB
dist/assets/Article-BJ-2BcGV3.js                                 0.22 kB │ gzip:   0.19 kB
dist/assets/Article-BStHiSZZ3.js                                 0.22 kB │ gzip:   0.19 kB
dist/assets/Article-BTlLfVBo3.js                                 0.22 kB │ gzip:   0.19 kB
dist/assets/Article-BbMLU-rJ2.js                                 0.22 kB │ gzip:   0.19 kB
dist/assets/Article-BrFOmdIO3.js                                 0.22 kB │ gzip:   0.19 kB
dist/assets/Article-BvDr8Dx24.js                                 0.22 kB │ gzip:   0.19 kB
dist/assets/Article-C0pl_fJb3.js                                 0.22 kB │ gzip:   0.19 kB
dist/assets/Article-CZVH9YSO2.js                                 0.22 kB │ gzip:   0.19 kB
dist/assets/Article-Cdg_oXk93.js                                 0.22 kB │ gzip:   0.19 kB
dist/assets/Article-Ci3fOPmG.js                                  0.22 kB │ gzip:   0.18 kB
dist/assets/Article-Ct1m6Pu02.js                                 0.22 kB │ gzip:   0.19 kB
dist/assets/Article-D5ESbUiF3.js                                 0.22 kB │ gzip:   0.19 kB
dist/assets/Article-DFQnWurf3.js                                 0.22 kB │ gzip:   0.19 kB
dist/assets/Article-DKNkCWR92.js                                 0.22 kB │ gzip:   0.19 kB
dist/assets/Article-DMEvEtEm2.js                                 0.22 kB │ gzip:   0.19 kB
dist/assets/Article-DUyvLfHe2.js                                 0.22 kB │ gzip:   0.19 kB
dist/assets/Article-D_WW_gvr4.js                                 0.22 kB │ gzip:   0.18 kB
dist/assets/Article-DdeoRzyV2.js                                 0.22 kB │ gzip:   0.19 kB
dist/assets/Article-DyrUbDtq3.js                                 0.22 kB │ gzip:   0.19 kB
dist/assets/Article-JCP5d-lA4.js                                 0.22 kB │ gzip:   0.19 kB
dist/assets/Article-NG93bdXK2.js                                 0.22 kB │ gzip:   0.19 kB
dist/assets/Article-Uu-7eIRu3.js                                 0.22 kB │ gzip:   0.19 kB
dist/assets/CoreConcepts-1Ywkq30A.js                             0.22 kB │ gzip:   0.19 kB
dist/assets/CoreConcepts-BvDr8Dx2.js                             0.22 kB │ gzip:   0.19 kB
dist/assets/PracticalGuide-NG93bdXK.js                           0.22 kB │ gzip:   0.19 kB
dist/assets/Article-9rMMvRWx3.js                                 0.22 kB │ gzip:   0.19 kB
dist/assets/Article-BCyISa-P2.js                                 0.22 kB │ gzip:   0.19 kB
dist/assets/Article-BDX2JZMU3.js                                 0.22 kB │ gzip:   0.18 kB
dist/assets/Article-BKDHzLJZ2.js                                 0.22 kB │ gzip:   0.19 kB
dist/assets/Article-BQgzagWx2.js                                 0.22 kB │ gzip:   0.19 kB
dist/assets/Article-BeQsO_xT3.js                                 0.22 kB │ gzip:   0.19 kB
dist/assets/Article-Blit06sY3.js                                 0.22 kB │ gzip:   0.19 kB
dist/assets/Article-BnYkrIRb4.js                                 0.22 kB │ gzip:   0.19 kB
dist/assets/Article-BqmpO8lV2.js                                 0.22 kB │ gzip:   0.19 kB
dist/assets/Article-BvLrUrTl2.js                                 0.22 kB │ gzip:   0.19 kB
dist/assets/Article-BvtLuzPu2.js                                 0.22 kB │ gzip:   0.19 kB
dist/assets/Article-C6FyYwtc2.js                                 0.22 kB │ gzip:   0.19 kB
dist/assets/Article-C70_PMXP3.js                                 0.22 kB │ gzip:   0.19 kB
dist/assets/Article-CGXg-pJy4.js                                 0.22 kB │ gzip:   0.19 kB
dist/assets/Article-CHHotgyb4.js                                 0.22 kB │ gzip:   0.19 kB
dist/assets/Article-CK7BBbNb3.js                                 0.22 kB │ gzip:   0.19 kB
dist/assets/Article-CK8iHVwO2.js                                 0.22 kB │ gzip:   0.19 kB
dist/assets/Article-CS7tWXRS4.js                                 0.22 kB │ gzip:   0.19 kB
dist/assets/Article-CScNss4z3.js                                 0.22 kB │ gzip:   0.19 kB
dist/assets/Article-CUUDq81y2.js                                 0.22 kB │ gzip:   0.19 kB
dist/assets/Article-C_2bU9Kz3.js                                 0.22 kB │ gzip:   0.19 kB
dist/assets/Article-CjJs-8ND4.js                                 0.22 kB │ gzip:   0.18 kB
dist/assets/Article-D2RsgSuc2.js                                 0.22 kB │ gzip:   0.19 kB
dist/assets/Article-DMT9KnkH3.js                                 0.22 kB │ gzip:   0.19 kB
dist/assets/Article-DcZe-b194.js                                 0.22 kB │ gzip:   0.19 kB
dist/assets/Article-Dja6BeDp2.js                                 0.22 kB │ gzip:   0.19 kB
dist/assets/Article-DjbyUjc62.js                                 0.22 kB │ gzip:   0.19 kB
dist/assets/Article-Dr9dRiM93.js                                 0.22 kB │ gzip:   0.19 kB
dist/assets/Article-DtjqXFAz3.js                                 0.22 kB │ gzip:   0.19 kB
dist/assets/Article-DvcFEyAZ4.js                                 0.22 kB │ gzip:   0.19 kB
dist/assets/Article-GwfqcfVR4.js                                 0.22 kB │ gzip:   0.19 kB
dist/assets/Article-NdlehHL84.js                                 0.22 kB │ gzip:   0.19 kB
dist/assets/Article-RoPACHXU4.js                                 0.22 kB │ gzip:   0.19 kB
dist/assets/Article-ZH2uEZBs2.js                                 0.22 kB │ gzip:   0.19 kB
dist/assets/Article-hjFZwaAq.js                                  0.22 kB │ gzip:   0.19 kB
dist/assets/PracticalGuide-BCyISa-P.js                           0.22 kB │ gzip:   0.19 kB
dist/assets/PracticalGuide-CK8iHVwO.js                           0.22 kB │ gzip:   0.19 kB
dist/assets/Architecture-0UgTfEQU.js                             0.22 kB │ gzip:   0.19 kB
dist/assets/Architecture-nwNNXp2f.js                             0.22 kB │ gzip:   0.19 kB
dist/assets/Article-0UgTfEQU3.js                                 0.22 kB │ gzip:   0.19 kB
dist/assets/Article-5Mm6zgFu3.js                                 0.22 kB │ gzip:   0.19 kB
dist/assets/Article-AgzKL1Nb2.js                                 0.22 kB │ gzip:   0.19 kB
dist/assets/Article-BB0QdbMO2.js                                 0.22 kB │ gzip:   0.19 kB
dist/assets/Article-BCqA258f2.js                                 0.22 kB │ gzip:   0.19 kB
dist/assets/Article-BNt5iWip3.js                                 0.22 kB │ gzip:   0.19 kB
dist/assets/Article-Bbl7Z_9d3.js                                 0.22 kB │ gzip:   0.19 kB
dist/assets/Article-BhLF6Z6R3.js                                 0.22 kB │ gzip:   0.19 kB
dist/assets/Article-BldBQNao2.js                                 0.22 kB │ gzip:   0.19 kB
dist/assets/Article-BmDFdWAA4.js                                 0.22 kB │ gzip:   0.19 kB
dist/assets/Article-Bs93O3Kx3.js                                 0.22 kB │ gzip:   0.19 kB
dist/assets/Article-Btnp4csy2.js                                 0.22 kB │ gzip:   0.19 kB
dist/assets/Article-CFTk0stK3.js                                 0.22 kB │ gzip:   0.19 kB
dist/assets/Article-CPBf1t6s4.js                                 0.22 kB │ gzip:   0.19 kB
dist/assets/Article-CafSmJIn3.js                                 0.22 kB │ gzip:   0.19 kB
dist/assets/Article-Chk4ORXQ2.js                                 0.22 kB │ gzip:   0.19 kB
dist/assets/Article-CqsvsNa82.js                                 0.22 kB │ gzip:   0.19 kB
dist/assets/Article-CrPoCHPS.js                                  0.22 kB │ gzip:   0.19 kB
dist/assets/Article-Cx0yEBSp2.js                                 0.22 kB │ gzip:   0.19 kB
dist/assets/Article-DGYCigvS2.js                                 0.22 kB │ gzip:   0.19 kB
dist/assets/Article-DGjacH693.js                                 0.22 kB │ gzip:   0.19 kB
dist/assets/Article-DKOy6QML3.js                                 0.22 kB │ gzip:   0.19 kB
dist/assets/Article-DMT_8GnO3.js                                 0.22 kB │ gzip:   0.19 kB
dist/assets/Article-DNulIPhq4.js                                 0.22 kB │ gzip:   0.19 kB
dist/assets/Article-DTJW0wHV2.js                                 0.22 kB │ gzip:   0.19 kB
dist/assets/Article-DVNTdFU34.js                                 0.22 kB │ gzip:   0.19 kB
dist/assets/Article-Da8TzifW2.js                                 0.22 kB │ gzip:   0.19 kB
dist/assets/Article-DmIlWcCP3.js                                 0.22 kB │ gzip:   0.19 kB
dist/assets/Article-DoyO32WK2.js                                 0.22 kB │ gzip:   0.19 kB
dist/assets/Article-DzKLm2813.js                                 0.22 kB │ gzip:   0.19 kB
dist/assets/Article-eF9vbGi93.js                                 0.22 kB │ gzip:   0.19 kB
dist/assets/Article-nwNNXp2f4.js                                 0.22 kB │ gzip:   0.19 kB
dist/assets/CoreConcepts-BCqA258f.js                             0.22 kB │ gzip:   0.19 kB
dist/assets/Article-5u_i8Ueq3.js                                 0.22 kB │ gzip:   0.19 kB
dist/assets/Article-B1kcMsTQ3.js                                 0.22 kB │ gzip:   0.19 kB
dist/assets/Article-B2cQb78c3.js                                 0.22 kB │ gzip:   0.19 kB
dist/assets/Article-B6DflTIg2.js                                 0.22 kB │ gzip:   0.19 kB
dist/assets/Article-BFcT8KLZ3.js                                 0.22 kB │ gzip:   0.19 kB
dist/assets/Article-BJ_zTCLT3.js                                 0.22 kB │ gzip:   0.19 kB
dist/assets/Article-BP9QGqeo2.js                                 0.22 kB │ gzip:   0.19 kB
dist/assets/Article-Bj4XAR7l3.js                                 0.22 kB │ gzip:   0.19 kB
dist/assets/Article-Bs5rIw2U2.js                                 0.22 kB │ gzip:   0.19 kB
dist/assets/Article-C6YEmGSS2.js                                 0.22 kB │ gzip:   0.19 kB
dist/assets/Article-C6uctJLG4.js                                 0.22 kB │ gzip:   0.19 kB
dist/assets/Article-CDC5HrkS4.js                                 0.22 kB │ gzip:   0.19 kB
dist/assets/Article-CEzT5U742.js                                 0.22 kB │ gzip:   0.19 kB
dist/assets/Article-CJB-AZth4.js                                 0.22 kB │ gzip:   0.19 kB
dist/assets/Article-CL_GknyK3.js                                 0.22 kB │ gzip:   0.20 kB
dist/assets/Article-CMF2FNl83.js                                 0.22 kB │ gzip:   0.19 kB
dist/assets/Article-CcPH6y4G3.js                                 0.22 kB │ gzip:   0.19 kB
dist/assets/Article-Cy5iExKl3.js                                 0.22 kB │ gzip:   0.19 kB
dist/assets/Article-D0J-OH5I2.js                                 0.22 kB │ gzip:   0.19 kB
dist/assets/Article-D15WPbCf3.js                                 0.22 kB │ gzip:   0.19 kB
dist/assets/Article-D3vxecV_2.js                                 0.22 kB │ gzip:   0.19 kB
dist/assets/Article-D7jq4VMp2.js                                 0.22 kB │ gzip:   0.19 kB
dist/assets/Article-DGy-sH0E2.js                                 0.22 kB │ gzip:   0.19 kB
dist/assets/Article-DIX-Uz_Z3.js                                 0.22 kB │ gzip:   0.19 kB
dist/assets/Article-DWRBFKs24.js                                 0.22 kB │ gzip:   0.19 kB
dist/assets/Article-DZtLWyBc4.js                                 0.22 kB │ gzip:   0.19 kB
dist/assets/Article-DqtvU75w2.js                                 0.22 kB │ gzip:   0.19 kB
dist/assets/Article-DvbIg1G94.js                                 0.22 kB │ gzip:   0.19 kB
dist/assets/Article-DzM4OQwp2.js                                 0.22 kB │ gzip:   0.19 kB
dist/assets/Article-soyXjvds4.js                                 0.22 kB │ gzip:   0.19 kB
dist/assets/Introduction-B1kcMsTQ.js                             0.22 kB │ gzip:   0.19 kB
dist/assets/Introduction-CDC5HrkS.js                             0.22 kB │ gzip:   0.19 kB
dist/assets/PracticalGuide-5u_i8Ueq.js                           0.22 kB │ gzip:   0.19 kB
dist/assets/Architecture-8bdpd9ql.js                             0.23 kB │ gzip:   0.19 kB
dist/assets/Article-8bdpd9ql2.js                                 0.23 kB │ gzip:   0.19 kB
dist/assets/Article-B-Xnd3r24.js                                 0.23 kB │ gzip:   0.19 kB
dist/assets/Article-B0GvPRTY3.js                                 0.23 kB │ gzip:   0.19 kB
dist/assets/Article-BFSXqFy03.js                                 0.23 kB │ gzip:   0.19 kB
dist/assets/Article-BG4WFInD3.js                                 0.23 kB │ gzip:   0.19 kB
dist/assets/Article-B_63ItZ73.js                                 0.23 kB │ gzip:   0.19 kB
dist/assets/Article-BfXbzZfY3.js                                 0.23 kB │ gzip:   0.19 kB
dist/assets/Article-BhZbp8wZ3.js                                 0.23 kB │ gzip:   0.19 kB
dist/assets/Article-BrW066XZ3.js                                 0.23 kB │ gzip:   0.19 kB
dist/assets/Article-Bzu-tyiy.js                                  0.23 kB │ gzip:   0.19 kB
dist/assets/Article-C2ye-A9-3.js                                 0.23 kB │ gzip:   0.19 kB
dist/assets/Article-CJcIuvhF2.js                                 0.23 kB │ gzip:   0.20 kB
dist/assets/Article-CNajslHW3.js                                 0.23 kB │ gzip:   0.19 kB
dist/assets/Article-CNfpN9Em2.js                                 0.23 kB │ gzip:   0.19 kB
dist/assets/Article-CUXXhpg04.js                                 0.23 kB │ gzip:   0.19 kB
dist/assets/Article-CVKDZKq83.js                                 0.23 kB │ gzip:   0.19 kB
dist/assets/Article-CVz1FuSF3.js                                 0.23 kB │ gzip:   0.20 kB
dist/assets/Article-C_4Buev53.js                                 0.23 kB │ gzip:   0.19 kB
dist/assets/Article-D0Ot5C1V2.js                                 0.23 kB │ gzip:   0.19 kB
dist/assets/Article-D1rvGbyd3.js                                 0.23 kB │ gzip:   0.19 kB
dist/assets/Article-DMWNJN9V2.js                                 0.23 kB │ gzip:   0.20 kB
dist/assets/Article-DRmOR2sl2.js                                 0.23 kB │ gzip:   0.19 kB
dist/assets/Article-DklgmYUU2.js                                 0.23 kB │ gzip:   0.19 kB
dist/assets/Article-WSMG-LCp2.js                                 0.23 kB │ gzip:   0.19 kB
dist/assets/Article-dmje0H553.js                                 0.23 kB │ gzip:   0.19 kB
dist/assets/Article-fQOKA91M3.js                                 0.23 kB │ gzip:   0.20 kB
dist/assets/Article-lDz64Grr3.js                                 0.23 kB │ gzip:   0.19 kB
dist/assets/Article-lTzvPIEn3.js                                 0.23 kB │ gzip:   0.19 kB
dist/assets/Article-o58W1maz2.js                                 0.23 kB │ gzip:   0.19 kB
dist/assets/CoreConcepts-BfXbzZfY.js                             0.23 kB │ gzip:   0.19 kB
dist/assets/CoreConcepts-C_4Buev5.js                             0.23 kB │ gzip:   0.19 kB
dist/assets/CoreConcepts-D0Ot5C1V.js                             0.23 kB │ gzip:   0.19 kB
dist/assets/PracticalGuide-C2ye-A9-.js                           0.23 kB │ gzip:   0.19 kB
dist/assets/Article-1hqROKT43.js                                 0.23 kB │ gzip:   0.19 kB
dist/assets/Article-B9eg9GtB2.js                                 0.23 kB │ gzip:   0.19 kB
dist/assets/Article-BZeTvNci4.js                                 0.23 kB │ gzip:   0.19 kB
dist/assets/Article-BbWL3cqJ2.js                                 0.23 kB │ gzip:   0.19 kB
dist/assets/Article-BhebXRx62.js                                 0.23 kB │ gzip:   0.19 kB
dist/assets/Article-Bqb5A_7m4.js                                 0.23 kB │ gzip:   0.19 kB
dist/assets/Article-C3q6D63a2.js                                 0.23 kB │ gzip:   0.19 kB
dist/assets/Article-CE1ouFoy3.js                                 0.23 kB │ gzip:   0.19 kB
dist/assets/Article-CXfbHh7P4.js                                 0.23 kB │ gzip:   0.19 kB
dist/assets/Article-C_x4ikT53.js                                 0.23 kB │ gzip:   0.19 kB
dist/assets/Article-Ca63xnEn4.js                                 0.23 kB │ gzip:   0.18 kB
dist/assets/Article-CeLk4eia3.js                                 0.23 kB │ gzip:   0.19 kB
dist/assets/Article-Cj5-uBcp3.js                                 0.23 kB │ gzip:   0.19 kB
dist/assets/Article-D4cKkg0c2.js                                 0.23 kB │ gzip:   0.19 kB
dist/assets/Article-DBK0lzVr2.js                                 0.23 kB │ gzip:   0.19 kB
dist/assets/Article-DE7ADZ6i4.js                                 0.23 kB │ gzip:   0.19 kB
dist/assets/Article-DFXl2fsD3.js                                 0.23 kB │ gzip:   0.19 kB
dist/assets/Article-DaIXFZzZ4.js                                 0.23 kB │ gzip:   0.19 kB
dist/assets/Article-De0MeVkQ3.js                                 0.23 kB │ gzip:   0.19 kB
dist/assets/Article-Dgqbdrrm4.js                                 0.23 kB │ gzip:   0.19 kB
dist/assets/Article-DlIULl-63.js                                 0.23 kB │ gzip:   0.19 kB
dist/assets/Article-IVxAAbAS3.js                                 0.23 kB │ gzip:   0.20 kB
dist/assets/Article-OG_qyDW52.js                                 0.23 kB │ gzip:   0.19 kB
dist/assets/Article-Qwkm5d-r3.js                                 0.23 kB │ gzip:   0.19 kB
dist/assets/BestPractices-DaIXFZzZ.js                            0.23 kB │ gzip:   0.19 kB
dist/assets/Introduction-DBK0lzVr.js                             0.23 kB │ gzip:   0.19 kB
dist/assets/Introduction-Dgqbdrrm.js                             0.23 kB │ gzip:   0.19 kB
dist/assets/Architecture-B0cXrPFz.js                             0.23 kB │ gzip:   0.19 kB
dist/assets/Architecture-DsT3WKyP.js                             0.23 kB │ gzip:   0.19 kB
dist/assets/Architecture-nTN087Tf.js                             0.23 kB │ gzip:   0.19 kB
dist/assets/Article-8XVZCcGC4.js                                 0.23 kB │ gzip:   0.20 kB
dist/assets/Article-B0cXrPFz3.js                                 0.23 kB │ gzip:   0.19 kB
dist/assets/Article-BDcdKWwR3.js                                 0.23 kB │ gzip:   0.19 kB
dist/assets/Article-BGR-URHQ3.js                                 0.23 kB │ gzip:   0.19 kB
dist/assets/Article-BYKPXerc.js                                  0.23 kB │ gzip:   0.19 kB
dist/assets/Article-BYP8PxT02.js                                 0.23 kB │ gzip:   0.19 kB
dist/assets/Article-C5ogS9L83.js                                 0.23 kB │ gzip:   0.20 kB
dist/assets/Article-CGzI-ILq2.js                                 0.23 kB │ gzip:   0.19 kB
dist/assets/Article-COSr9iZd3.js                                 0.23 kB │ gzip:   0.19 kB
dist/assets/Article-ChfvVGYy3.js                                 0.23 kB │ gzip:   0.19 kB
dist/assets/Article-CuhMiymC3.js                                 0.23 kB │ gzip:   0.20 kB
dist/assets/Article-D5Yle0xp2.js                                 0.23 kB │ gzip:   0.19 kB
dist/assets/Article-DBD9dUWM3.js                                 0.23 kB │ gzip:   0.19 kB
dist/assets/Article-DQJ5PrNx.js                                  0.23 kB │ gzip:   0.19 kB
dist/assets/Article-DjMTZ-Ou4.js                                 0.23 kB │ gzip:   0.19 kB
dist/assets/Article-DsT3WKyP2.js                                 0.23 kB │ gzip:   0.19 kB
dist/assets/Article-IY_5D6Hh4.js                                 0.23 kB │ gzip:   0.19 kB
dist/assets/Article-J6Q2fhUA3.js                                 0.23 kB │ gzip:   0.20 kB
dist/assets/Article-UDS1WB4p2.js                                 0.23 kB │ gzip:   0.19 kB
dist/assets/Article-ZSmmeAw_3.js                                 0.23 kB │ gzip:   0.19 kB
dist/assets/Article-_LVroGjn3.js                                 0.23 kB │ gzip:   0.19 kB
dist/assets/Article-arHDYiHh2.js                                 0.23 kB │ gzip:   0.19 kB
dist/assets/Article-cPEjcfPY2.js                                 0.23 kB │ gzip:   0.19 kB
dist/assets/Article-nTN087Tf3.js                                 0.23 kB │ gzip:   0.19 kB
dist/assets/CoreConcepts-_LVroGjn.js                             0.23 kB │ gzip:   0.19 kB
dist/assets/Article-BHrljPMM3.js                                 0.23 kB │ gzip:   0.19 kB
dist/assets/Article-BtAT4JrL2.js                                 0.23 kB │ gzip:   0.19 kB
dist/assets/Article-CGdoa30d4.js                                 0.23 kB │ gzip:   0.19 kB
dist/assets/Article-CKqhdP2t3.js                                 0.23 kB │ gzip:   0.19 kB
dist/assets/Article-Ceu5OjZF2.js                                 0.23 kB │ gzip:   0.19 kB
dist/assets/Article-CevbGP2S2.js                                 0.23 kB │ gzip:   0.20 kB
dist/assets/Article-CjX20Z_N2.js                                 0.23 kB │ gzip:   0.19 kB
dist/assets/Article-D2a1IRLy3.js                                 0.23 kB │ gzip:   0.19 kB
dist/assets/Article-DIrFyYhV4.js                                 0.23 kB │ gzip:   0.19 kB
dist/assets/Article-Dgv_C59C3.js                                 0.23 kB │ gzip:   0.19 kB
dist/assets/Article-DtfsiI7j3.js                                 0.23 kB │ gzip:   0.19 kB
dist/assets/Article-G_Lh6LVd4.js                                 0.23 kB │ gzip:   0.19 kB
dist/assets/Article-Sn2oMqkM3.js                                 0.23 kB │ gzip:   0.19 kB
dist/assets/Article-T5ejSQ_O3.js                                 0.23 kB │ gzip:   0.19 kB
dist/assets/Article-n05fxs0L2.js                                 0.23 kB │ gzip:   0.19 kB
dist/assets/Article-zVCTBv7V2.js                                 0.23 kB │ gzip:   0.19 kB
dist/assets/BestPractices-DIrFyYhV.js                            0.23 kB │ gzip:   0.19 kB
dist/assets/BestPractices-n05fxs0L.js                            0.23 kB │ gzip:   0.19 kB
dist/assets/Introduction-Ceu5OjZF.js                             0.23 kB │ gzip:   0.19 kB
dist/assets/Architecture-DVbd2JpR.js                             0.23 kB │ gzip:   0.19 kB
dist/assets/Article-B3ij_hOZ3.js                                 0.23 kB │ gzip:   0.19 kB
dist/assets/Article-B6uAom-M4.js                                 0.23 kB │ gzip:   0.19 kB
dist/assets/Article-BAkUY7Rj3.js                                 0.23 kB │ gzip:   0.19 kB
dist/assets/Article-BFV7SbgA3.js                                 0.23 kB │ gzip:   0.19 kB
dist/assets/Article-BGfWCdnM2.js                                 0.23 kB │ gzip:   0.19 kB
dist/assets/Article-BJVc0HDS3.js                                 0.23 kB │ gzip:   0.19 kB
dist/assets/Article-BRGEVSIU2.js                                 0.23 kB │ gzip:   0.19 kB
dist/assets/Article-BibfqI8E2.js                                 0.23 kB │ gzip:   0.19 kB
dist/assets/Article-Bu8WMtL03.js                                 0.23 kB │ gzip:   0.19 kB
dist/assets/Article-BvIsC9_a2.js                                 0.23 kB │ gzip:   0.19 kB
dist/assets/Article-BzaxHWI83.js                                 0.23 kB │ gzip:   0.20 kB
dist/assets/Article-C6IC1qJn4.js                                 0.23 kB │ gzip:   0.19 kB
dist/assets/Article-CXUpSIF23.js                                 0.23 kB │ gzip:   0.20 kB
dist/assets/Article-C_1bbxKq2.js                                 0.23 kB │ gzip:   0.20 kB
dist/assets/Article-C_99c9Fg3.js                                 0.23 kB │ gzip:   0.19 kB
dist/assets/Article-Cj-mKaGT3.js                                 0.23 kB │ gzip:   0.20 kB
dist/assets/Article-CtSJ79dg2.js                                 0.23 kB │ gzip:   0.20 kB
dist/assets/Article-Cw9t_Wq44.js                                 0.23 kB │ gzip:   0.20 kB
dist/assets/Article-DA29pFot4.js                                 0.23 kB │ gzip:   0.20 kB
dist/assets/Article-DAU7ZUuS3.js                                 0.23 kB │ gzip:   0.19 kB
dist/assets/Article-DT9ms7Nm2.js                                 0.23 kB │ gzip:   0.19 kB
dist/assets/Article-DVbd2JpR4.js                                 0.23 kB │ gzip:   0.19 kB
dist/assets/Article-Dhifw64f4.js                                 0.23 kB │ gzip:   0.19 kB
dist/assets/Article-Dv0QuHME2.js                                 0.23 kB │ gzip:   0.19 kB
dist/assets/Article-DzvHVlE_2.js                                 0.23 kB │ gzip:   0.19 kB
dist/assets/Article-MW9Ke76o3.js                                 0.23 kB │ gzip:   0.19 kB
dist/assets/Article-VOC7eaBc2.js                                 0.23 kB │ gzip:   0.19 kB
dist/assets/BestPractices-BAkUY7Rj.js                            0.23 kB │ gzip:   0.19 kB
dist/assets/BestPractices-C_99c9Fg.js                            0.23 kB │ gzip:   0.19 kB
dist/assets/BestPractices-DAU7ZUuS.js                            0.23 kB │ gzip:   0.19 kB
dist/assets/CoreConcepts-C6IC1qJn.js                             0.23 kB │ gzip:   0.19 kB
dist/assets/InterviewQuestions-BRGEVSIU.js                       0.23 kB │ gzip:   0.19 kB
dist/assets/Article-3IQGeoJV2.js                                 0.23 kB │ gzip:   0.19 kB
dist/assets/Article-B3k8tRKZ2.js                                 0.23 kB │ gzip:   0.19 kB
dist/assets/Article-B7nvv2wu3.js                                 0.23 kB │ gzip:   0.19 kB
dist/assets/Article-BZEzwYAU4.js                                 0.23 kB │ gzip:   0.19 kB
dist/assets/Article-B_y-dkb43.js                                 0.23 kB │ gzip:   0.19 kB
dist/assets/Article-Bb431R0T2.js                                 0.23 kB │ gzip:   0.19 kB
dist/assets/Article-C-kc1meL3.js                                 0.23 kB │ gzip:   0.19 kB
dist/assets/Article-C2eCB5Mr3.js                                 0.23 kB │ gzip:   0.19 kB
dist/assets/Article-CNU2qIlK3.js                                 0.23 kB │ gzip:   0.19 kB
dist/assets/Article-CZH229zc2.js                                 0.23 kB │ gzip:   0.19 kB
dist/assets/Article-Cdf8t1aG.js                                  0.23 kB │ gzip:   0.20 kB
dist/assets/Article-ChgaSNyS2.js                                 0.23 kB │ gzip:   0.19 kB
dist/assets/Article-CjW8SmMJ2.js                                 0.23 kB │ gzip:   0.20 kB
dist/assets/Article-DRsXZsBD2.js                                 0.23 kB │ gzip:   0.19 kB
dist/assets/Article-NQuHRdGi3.js                                 0.23 kB │ gzip:   0.20 kB
dist/assets/Article-VV7fC0ZA4.js                                 0.23 kB │ gzip:   0.20 kB
dist/assets/Article-ksUC4llP2.js                                 0.23 kB │ gzip:   0.19 kB
dist/assets/Article-mx2_PF-K2.js                                 0.23 kB │ gzip:   0.19 kB
dist/assets/Article-nSd4Fr2Z3.js                                 0.23 kB │ gzip:   0.19 kB
dist/assets/Article-pa0jGqmW2.js                                 0.23 kB │ gzip:   0.19 kB
dist/assets/Article-zwXuUTtD3.js                                 0.23 kB │ gzip:   0.20 kB
dist/assets/BestPractices-NQuHRdGi.js                            0.23 kB │ gzip:   0.20 kB
dist/assets/CoreConcepts-pa0jGqmW.js                             0.23 kB │ gzip:   0.19 kB
dist/assets/Introduction-C-kc1meL.js                             0.23 kB │ gzip:   0.19 kB
dist/assets/Introduction-ksUC4llP.js                             0.23 kB │ gzip:   0.19 kB
dist/assets/Introduction-nSd4Fr2Z.js                             0.23 kB │ gzip:   0.19 kB
dist/assets/Architecture-D0u9K8Si.js                             0.23 kB │ gzip:   0.19 kB
dist/assets/Article-8MRfkccX4.js                                 0.23 kB │ gzip:   0.20 kB
dist/assets/Article-9rej0udm2.js                                 0.23 kB │ gzip:   0.20 kB
dist/assets/Article-BFABHQdW4.js                                 0.23 kB │ gzip:   0.20 kB
dist/assets/Article-BFrRSYqu2.js                                 0.23 kB │ gzip:   0.20 kB
dist/assets/Article-BJGGSogH4.js                                 0.23 kB │ gzip:   0.20 kB
dist/assets/Article-BKia7_Jw2.js                                 0.23 kB │ gzip:   0.20 kB
dist/assets/Article-BS9h8UVT2.js                                 0.23 kB │ gzip:   0.20 kB
dist/assets/Article-CC30lTEZ3.js                                 0.23 kB │ gzip:   0.19 kB
dist/assets/Article-Ckhqy4-U2.js                                 0.23 kB │ gzip:   0.19 kB
dist/assets/Article-ClSRflNO3.js                                 0.23 kB │ gzip:   0.19 kB
dist/assets/Article-CsyNU5UF3.js                                 0.23 kB │ gzip:   0.20 kB
dist/assets/Article-D0u9K8Si3.js                                 0.23 kB │ gzip:   0.19 kB
dist/assets/Article-DEVEwW8Y2.js                                 0.23 kB │ gzip:   0.19 kB
dist/assets/Article-DG4fvl-I4.js                                 0.23 kB │ gzip:   0.19 kB
dist/assets/Article-DLRwP2Bq3.js                                 0.23 kB │ gzip:   0.20 kB
dist/assets/Article-DW4DKQt82.js                                 0.23 kB │ gzip:   0.19 kB
dist/assets/Article-DYcdZgKT.js                                  0.23 kB │ gzip:   0.20 kB
dist/assets/Article-DcU2_UDy3.js                                 0.23 kB │ gzip:   0.19 kB
dist/assets/Article-DhSNtudS2.js                                 0.23 kB │ gzip:   0.19 kB
dist/assets/Article-DouP8KVY3.js                                 0.23 kB │ gzip:   0.19 kB
dist/assets/Article-Dv1L6wXQ3.js                                 0.23 kB │ gzip:   0.19 kB
dist/assets/Article-DzPGskIN3.js                                 0.23 kB │ gzip:   0.20 kB
dist/assets/Article-TY3kOCRR2.js                                 0.23 kB │ gzip:   0.19 kB
dist/assets/Article-agY-SoHL4.js                                 0.23 kB │ gzip:   0.19 kB
dist/assets/Article-ln0rYU3j4.js                                 0.23 kB │ gzip:   0.19 kB
dist/assets/Article-sWWy0Zbm4.js                                 0.23 kB │ gzip:   0.20 kB
dist/assets/BestPractices-BFABHQdW.js                            0.23 kB │ gzip:   0.20 kB
dist/assets/BestPractices-BKia7_Jw.js                            0.23 kB │ gzip:   0.20 kB
dist/assets/BestPractices-CsyNU5UF.js                            0.23 kB │ gzip:   0.20 kB
dist/assets/BestPractices-TY3kOCRR.js                            0.23 kB │ gzip:   0.19 kB
dist/assets/BestPractices-ln0rYU3j.js                            0.23 kB │ gzip:   0.19 kB
dist/assets/CoreConcepts-DYcdZgKT.js                             0.23 kB │ gzip:   0.20 kB
dist/assets/InterviewQuestions-DEVEwW8Y.js                       0.23 kB │ gzip:   0.19 kB
dist/assets/InterviewQuestions-DzPGskIN.js                       0.23 kB │ gzip:   0.20 kB
dist/assets/PracticalGuide-DcU2_UDy.js                           0.23 kB │ gzip:   0.19 kB
dist/assets/Architecture-CjWE8gIh.js                             0.23 kB │ gzip:   0.19 kB
dist/assets/Article-B2OhKNN7.js                                  0.23 kB │ gzip:   0.19 kB
dist/assets/Article-BKK6nTH14.js                                 0.23 kB │ gzip:   0.20 kB
dist/assets/Article-C337ztXI3.js                                 0.23 kB │ gzip:   0.20 kB
dist/assets/Article-C3K_rkgo3.js                                 0.23 kB │ gzip:   0.20 kB
dist/assets/Article-CBE0DS2t4.js                                 0.23 kB │ gzip:   0.20 kB
dist/assets/Article-CCC-L90E4.js                                 0.23 kB │ gzip:   0.20 kB
dist/assets/Article-CjWE8gIh2.js                                 0.23 kB │ gzip:   0.19 kB
dist/assets/Article-Cl3-RUE73.js                                 0.23 kB │ gzip:   0.20 kB
dist/assets/Article-CoMwh8rI2.js                                 0.23 kB │ gzip:   0.19 kB
dist/assets/Article-Crv2TymV4.js                                 0.23 kB │ gzip:   0.20 kB
dist/assets/Article-D3OR0B8X3.js                                 0.23 kB │ gzip:   0.20 kB
dist/assets/Article-DEikz5lf3.js                                 0.23 kB │ gzip:   0.20 kB
dist/assets/Article-DNKTZDuN2.js                                 0.23 kB │ gzip:   0.19 kB
dist/assets/Article-DP26V1XP3.js                                 0.23 kB │ gzip:   0.20 kB
dist/assets/Article-DX_ogOth3.js                                 0.23 kB │ gzip:   0.20 kB
dist/assets/Article-DZdDHspb3.js                                 0.23 kB │ gzip:   0.20 kB
dist/assets/Article-Dgq6GieD.js                                  0.23 kB │ gzip:   0.20 kB
dist/assets/Article-DoyJO7uz2.js                                 0.23 kB │ gzip:   0.20 kB
dist/assets/Article-IZ2v_5Qd2.js                                 0.23 kB │ gzip:   0.20 kB
dist/assets/Article-W0dJlxyM2.js                                 0.23 kB │ gzip:   0.20 kB
dist/assets/Article-aY3foJJh2.js                                 0.23 kB │ gzip:   0.20 kB
dist/assets/Article-qoKzg0G43.js                                 0.23 kB │ gzip:   0.20 kB
dist/assets/Article-wo7UE0gc2.js                                 0.23 kB │ gzip:   0.19 kB
dist/assets/Article-x5OEX0Fe4.js                                 0.23 kB │ gzip:   0.20 kB
dist/assets/BestPractices-C3K_rkgo.js                            0.23 kB │ gzip:   0.20 kB
dist/assets/InterviewQuestions-DP26V1XP.js                       0.23 kB │ gzip:   0.20 kB
dist/assets/InterviewQuestions-IZ2v_5Qd.js                       0.23 kB │ gzip:   0.20 kB
dist/assets/InterviewQuestions-qoKzg0G4.js                       0.23 kB │ gzip:   0.20 kB
dist/assets/Introduction-DNKTZDuN.js                             0.23 kB │ gzip:   0.19 kB
dist/assets/Introduction-Dgq6GieD.js                             0.23 kB │ gzip:   0.20 kB
dist/assets/Article-7tCCVo-p3.js                                 0.23 kB │ gzip:   0.19 kB
dist/assets/Article-BGgFzmP72.js                                 0.23 kB │ gzip:   0.20 kB
dist/assets/Article-Baq-t0-V3.js                                 0.23 kB │ gzip:   0.20 kB
dist/assets/Article-BeLGMKq03.js                                 0.23 kB │ gzip:   0.20 kB
dist/assets/Article-C2gfQ8P83.js                                 0.23 kB │ gzip:   0.19 kB
dist/assets/Article-C96MGC3l3.js                                 0.23 kB │ gzip:   0.19 kB
dist/assets/Article-CETnXnQA3.js                                 0.23 kB │ gzip:   0.19 kB
dist/assets/Article-CNi3Xb882.js                                 0.23 kB │ gzip:   0.20 kB
dist/assets/Article-CtYD9ADN2.js                                 0.23 kB │ gzip:   0.20 kB
dist/assets/Article-D91jh0_A4.js                                 0.23 kB │ gzip:   0.20 kB
dist/assets/Article-DENpiudF3.js                                 0.23 kB │ gzip:   0.20 kB
dist/assets/Article-Du6K1gYm3.js                                 0.23 kB │ gzip:   0.20 kB
dist/assets/Article-Im-z9LeH2.js                                 0.23 kB │ gzip:   0.20 kB
dist/assets/BestPractices-C2gfQ8P8.js                            0.23 kB │ gzip:   0.19 kB
dist/assets/InterviewQuestions-Im-z9LeH.js                       0.23 kB │ gzip:   0.20 kB
dist/assets/Article--K8Es0N22.js                                 0.23 kB │ gzip:   0.20 kB
dist/assets/Article-5J9jQoqi3.js                                 0.23 kB │ gzip:   0.20 kB
dist/assets/Article-BpZ8F2PM2.js                                 0.23 kB │ gzip:   0.20 kB
dist/assets/Article-CHqDRbUL3.js                                 0.23 kB │ gzip:   0.19 kB
dist/assets/Article-CLCFensr4.js                                 0.23 kB │ gzip:   0.19 kB
dist/assets/Article-CTV0J5fZ3.js                                 0.23 kB │ gzip:   0.19 kB
dist/assets/Article-CqpysGyt3.js                                 0.23 kB │ gzip:   0.20 kB
dist/assets/Article-CsZnnBVA4.js                                 0.23 kB │ gzip:   0.19 kB
dist/assets/Article-D-zU25Xm2.js                                 0.23 kB │ gzip:   0.20 kB
dist/assets/Article-DA9HdgzQ3.js                                 0.23 kB │ gzip:   0.20 kB
dist/assets/Article-DNMRtPZl3.js                                 0.23 kB │ gzip:   0.19 kB
dist/assets/Article-Dtno403q3.js                                 0.23 kB │ gzip:   0.19 kB
dist/assets/Article-Dz5zsD1T3.js                                 0.23 kB │ gzip:   0.20 kB
dist/assets/Article-W-EGZaT34.js                                 0.23 kB │ gzip:   0.19 kB
dist/assets/Article-kDr6Nfms2.js                                 0.23 kB │ gzip:   0.20 kB
dist/assets/Article-rbPKL6D-3.js                                 0.23 kB │ gzip:   0.20 kB
dist/assets/BestPractices-CHqDRbUL.js                            0.23 kB │ gzip:   0.19 kB
dist/assets/CoreConcepts-DNMRtPZl.js                             0.23 kB │ gzip:   0.19 kB
dist/assets/CoreConcepts-W-EGZaT3.js                             0.23 kB │ gzip:   0.19 kB
dist/assets/InterviewQuestions-BpZ8F2PM.js                       0.23 kB │ gzip:   0.20 kB
dist/assets/InterviewQuestions-CqpysGyt.js                       0.23 kB │ gzip:   0.20 kB
dist/assets/InterviewQuestions-D-zU25Xm.js                       0.23 kB │ gzip:   0.20 kB
dist/assets/InterviewQuestions-DA9HdgzQ.js                       0.23 kB │ gzip:   0.20 kB
dist/assets/InterviewQuestions-Dz5zsD1T.js                       0.23 kB │ gzip:   0.20 kB
dist/assets/Introduction-Dtno403q.js                             0.23 kB │ gzip:   0.19 kB
dist/assets/Article-2PayqrOg2.js                                 0.24 kB │ gzip:   0.20 kB
dist/assets/Article-BOiRMzQq4.js                                 0.24 kB │ gzip:   0.20 kB
dist/assets/Article-BfRQGHmV3.js                                 0.24 kB │ gzip:   0.19 kB
dist/assets/Article-By-Tf9cF2.js                                 0.24 kB │ gzip:   0.20 kB
dist/assets/Article-Cs4kAzrF2.js                                 0.24 kB │ gzip:   0.19 kB
dist/assets/Article-CuBlMQgM3.js                                 0.24 kB │ gzip:   0.20 kB
dist/assets/Article-Dsl0kB1l3.js                                 0.24 kB │ gzip:   0.20 kB
dist/assets/Article-MBDuw6wT2.js                                 0.24 kB │ gzip:   0.19 kB
dist/assets/Article-MYarBE6v3.js                                 0.24 kB │ gzip:   0.20 kB
dist/assets/Article-RoAKtI1x3.js                                 0.24 kB │ gzip:   0.20 kB
dist/assets/Article-rpC1EhbN3.js                                 0.24 kB │ gzip:   0.20 kB
dist/assets/Article-uqdgJuXt3.js                                 0.24 kB │ gzip:   0.20 kB
dist/assets/BestPractices-BfRQGHmV.js                            0.24 kB │ gzip:   0.19 kB
dist/assets/BestPractices-uqdgJuXt.js                            0.24 kB │ gzip:   0.20 kB
dist/assets/InterviewQuestions-Dsl0kB1l.js                       0.24 kB │ gzip:   0.20 kB
dist/assets/Introduction-Cs4kAzrF.js                             0.24 kB │ gzip:   0.19 kB
dist/assets/Architecture-DIpmejTV.js                             0.24 kB │ gzip:   0.19 kB
dist/assets/Architecture-E6Jp4bGD.js                             0.24 kB │ gzip:   0.20 kB
dist/assets/Architecture-dIqLMfm5.js                             0.24 kB │ gzip:   0.19 kB
dist/assets/Article-4fWxyi2J3.js                                 0.24 kB │ gzip:   0.20 kB
dist/assets/Article-B52Z1oXY2.js                                 0.24 kB │ gzip:   0.19 kB
dist/assets/Article-BIkK8uNx3.js                                 0.24 kB │ gzip:   0.19 kB
dist/assets/Article-BNqPZKZC2.js                                 0.24 kB │ gzip:   0.20 kB
dist/assets/Article-BaQN478d3.js                                 0.24 kB │ gzip:   0.20 kB
dist/assets/Article-BbvijQsF4.js                                 0.24 kB │ gzip:   0.20 kB
dist/assets/Article-Bhx9nZOY2.js                                 0.24 kB │ gzip:   0.20 kB
dist/assets/Article-BqozErrs3.js                                 0.24 kB │ gzip:   0.20 kB
dist/assets/Article-Breh4fqI2.js                                 0.24 kB │ gzip:   0.20 kB
dist/assets/Article-BuFcivG32.js                                 0.24 kB │ gzip:   0.20 kB
dist/assets/Article-CXLjxRj92.js                                 0.24 kB │ gzip:   0.20 kB
dist/assets/Article-Ch9V_WDO3.js                                 0.24 kB │ gzip:   0.20 kB
dist/assets/Article-DIpmejTV2.js                                 0.24 kB │ gzip:   0.19 kB
dist/assets/Article-DL1d0FtN3.js                                 0.24 kB │ gzip:   0.20 kB
dist/assets/Article-DbmzErS73.js                                 0.24 kB │ gzip:   0.19 kB
dist/assets/Article-Dx2nzV6Z2.js                                 0.24 kB │ gzip:   0.20 kB
dist/assets/Article-E6Jp4bGD2.js                                 0.24 kB │ gzip:   0.20 kB
dist/assets/Article-FnKuqVyE3.js                                 0.24 kB │ gzip:   0.20 kB
dist/assets/Article-YtDEYK3D4.js                                 0.24 kB │ gzip:   0.19 kB
dist/assets/Article-cxqEj7D32.js                                 0.24 kB │ gzip:   0.20 kB
dist/assets/Article-dIqLMfm53.js                                 0.24 kB │ gzip:   0.19 kB
dist/assets/InterviewQuestions-BqozErrs.js                       0.24 kB │ gzip:   0.20 kB
dist/assets/Article-BTNPbzqT2.js                                 0.24 kB │ gzip:   0.19 kB
dist/assets/Article-C90R-DRJ4.js                                 0.24 kB │ gzip:   0.19 kB
dist/assets/Article-CABkK6il2.js                                 0.24 kB │ gzip:   0.19 kB
dist/assets/Article-Cj9mRltD3.js                                 0.24 kB │ gzip:   0.20 kB
dist/assets/Article-ClTe0hTh2.js                                 0.24 kB │ gzip:   0.19 kB
dist/assets/Article-Co4PeD632.js                                 0.24 kB │ gzip:   0.20 kB
dist/assets/Article-CwyQHnCi4.js                                 0.24 kB │ gzip:   0.19 kB
dist/assets/Article-D4t0zCZ02.js                                 0.24 kB │ gzip:   0.20 kB
dist/assets/Article-qSdLxWDq3.js                                 0.24 kB │ gzip:   0.19 kB
dist/assets/BestPractices-CABkK6il.js                            0.24 kB │ gzip:   0.19 kB
dist/assets/CoreConcepts-ClTe0hTh.js                             0.24 kB │ gzip:   0.19 kB
dist/assets/InterviewQuestions-D4t0zCZ0.js                       0.24 kB │ gzip:   0.20 kB
dist/assets/Article-BFmjxNBl3.js                                 0.24 kB │ gzip:   0.20 kB
dist/assets/Article-BLkSWNPU2.js                                 0.24 kB │ gzip:   0.20 kB
dist/assets/Article-BneTG0QK3.js                                 0.24 kB │ gzip:   0.20 kB
dist/assets/Article-CJdguGAu3.js                                 0.24 kB │ gzip:   0.20 kB
dist/assets/Article-CO6fSsbj2.js                                 0.24 kB │ gzip:   0.20 kB
dist/assets/Article-CmeGt3V62.js                                 0.24 kB │ gzip:   0.20 kB
dist/assets/Article-CwKt9feu4.js                                 0.24 kB │ gzip:   0.20 kB
dist/assets/Article-DkFj9BdC4.js                                 0.24 kB │ gzip:   0.20 kB
dist/assets/Article-KqmacEAo3.js                                 0.24 kB │ gzip:   0.20 kB
dist/assets/Article-SbfLVkye3.js                                 0.24 kB │ gzip:   0.19 kB
dist/assets/Article-ohi4L0gG3.js                                 0.24 kB │ gzip:   0.20 kB
dist/assets/Article-vzlYWBOL3.js                                 0.24 kB │ gzip:   0.20 kB
dist/assets/BestPractices-BFmjxNBl.js                            0.24 kB │ gzip:   0.20 kB
dist/assets/InterviewQuestions-CJdguGAu.js                       0.24 kB │ gzip:   0.20 kB
dist/assets/InterviewQuestions-vzlYWBOL.js                       0.24 kB │ gzip:   0.20 kB
dist/assets/PracticalGuide-BneTG0QK.js                           0.24 kB │ gzip:   0.20 kB
dist/assets/PracticalGuide-DkFj9BdC.js                           0.24 kB │ gzip:   0.20 kB
dist/assets/Architecture-CqwNoith.js                             0.24 kB │ gzip:   0.19 kB
dist/assets/Article-BBvtiitS2.js                                 0.24 kB │ gzip:   0.19 kB
dist/assets/Article-BufqjEZ44.js                                 0.24 kB │ gzip:   0.19 kB
dist/assets/Article-CBaMtGge2.js                                 0.24 kB │ gzip:   0.20 kB
dist/assets/Article-CMOUGIXK3.js                                 0.24 kB │ gzip:   0.19 kB
dist/assets/Article-CqwNoith2.js                                 0.24 kB │ gzip:   0.19 kB
dist/assets/Article-DD168Odd3.js                                 0.24 kB │ gzip:   0.20 kB
dist/assets/Article-DUgA40Cs3.js                                 0.24 kB │ gzip:   0.20 kB
dist/assets/Article-DcbwCjKI3.js                                 0.24 kB │ gzip:   0.20 kB
dist/assets/Article-FOUkxwUv.js                                  0.24 kB │ gzip:   0.20 kB
dist/assets/Article-Nglh8OQp4.js                                 0.24 kB │ gzip:   0.19 kB
dist/assets/Article-WfemXRqU4.js                                 0.24 kB │ gzip:   0.19 kB
dist/assets/CoreConcepts-CBaMtGge.js                             0.24 kB │ gzip:   0.20 kB
dist/assets/Introduction-BufqjEZ4.js                             0.24 kB │ gzip:   0.19 kB
dist/assets/Introduction-WfemXRqU.js                             0.24 kB │ gzip:   0.19 kB
dist/assets/Architecture-BSv_oECX.js                             0.24 kB │ gzip:   0.20 kB
dist/assets/Article-B-bWRbOu.js                                  0.24 kB │ gzip:   0.20 kB
dist/assets/Article-BBDGFxwc3.js                                 0.24 kB │ gzip:   0.20 kB
dist/assets/Article-BCrCj39Y.js                                  0.24 kB │ gzip:   0.20 kB
dist/assets/Article-BOyYW3wI.js                                  0.24 kB │ gzip:   0.20 kB
dist/assets/Article-BSv_oECX.js                                  0.24 kB │ gzip:   0.20 kB
dist/assets/Article-BSv_oECX2.js                                 0.24 kB │ gzip:   0.20 kB
dist/assets/Article-BXkCE8oy2.js                                 0.24 kB │ gzip:   0.20 kB
dist/assets/Article-BcEB5-fu.js                                  0.24 kB │ gzip:   0.20 kB
dist/assets/Article-C-B9FrF4.js                                  0.24 kB │ gzip:   0.20 kB
dist/assets/Article-CEEgU9Xz3.js                                 0.24 kB │ gzip:   0.20 kB
dist/assets/Article-CrM6WgOn.js                                  0.24 kB │ gzip:   0.20 kB
dist/assets/Article-CxEf07re.js                                  0.24 kB │ gzip:   0.20 kB
dist/assets/Article-D3jO-M5U2.js                                 0.24 kB │ gzip:   0.19 kB
dist/assets/Article-DJ_v1sUw3.js                                 0.24 kB │ gzip:   0.20 kB
dist/assets/Article-DRUfL9-t4.js                                 0.24 kB │ gzip:   0.20 kB
dist/assets/Article-DcGfG49N2.js                                 0.24 kB │ gzip:   0.19 kB
dist/assets/Article-DiqXWLYy4.js                                 0.24 kB │ gzip:   0.20 kB
dist/assets/Article-Du3zF7gL.js                                  0.24 kB │ gzip:   0.20 kB
dist/assets/Article-DywcvflK4.js                                 0.24 kB │ gzip:   0.20 kB
dist/assets/Article-EGcV_ckA.js                                  0.24 kB │ gzip:   0.20 kB
dist/assets/Article-HgfSgaEW.js                                  0.24 kB │ gzip:   0.20 kB
dist/assets/Article-LUeAvZDl3.js                                 0.24 kB │ gzip:   0.20 kB
dist/assets/Article-b9C3i6he.js                                  0.24 kB │ gzip:   0.20 kB
dist/assets/CoreConcepts-DcGfG49N.js                             0.24 kB │ gzip:   0.19 kB
dist/assets/CoreConcepts-b9C3i6he.js                             0.24 kB │ gzip:   0.20 kB
dist/assets/InterviewQuestions-BXkCE8oy.js                       0.24 kB │ gzip:   0.20 kB
dist/assets/Introduction-CxEf07re.js                             0.24 kB │ gzip:   0.20 kB
dist/assets/Architecture-B48H1ucJ.js                             0.24 kB │ gzip:   0.20 kB
dist/assets/Article-B48H1ucJ3.js                                 0.24 kB │ gzip:   0.20 kB
dist/assets/Article-BB82pSLi.js                                  0.24 kB │ gzip:   0.20 kB
dist/assets/Article-BHx_0p9B.js                                  0.24 kB │ gzip:   0.20 kB
dist/assets/Article-BdqqjHnk.js                                  0.24 kB │ gzip:   0.20 kB
dist/assets/Article-C08gJnqJ.js                                  0.24 kB │ gzip:   0.20 kB
dist/assets/Article-DEr8ck0G.js                                  0.24 kB │ gzip:   0.20 kB
dist/assets/Article-DQfIjNHa2.js                                 0.24 kB │ gzip:   0.20 kB
dist/assets/Article-DRXnPgHb.js                                  0.24 kB │ gzip:   0.20 kB
dist/assets/InterviewQuestions-DQfIjNHa.js                       0.24 kB │ gzip:   0.20 kB
dist/assets/Introduction-DEr8ck0G.js                             0.24 kB │ gzip:   0.20 kB
dist/assets/Architecture-BE4Na7VL.js                             0.24 kB │ gzip:   0.20 kB
dist/assets/Article-B4UCnS_z2.js                                 0.24 kB │ gzip:   0.20 kB
dist/assets/Article-BE4Na7VL2.js                                 0.24 kB │ gzip:   0.20 kB
dist/assets/Article-Bs3lCW134.js                                 0.24 kB │ gzip:   0.20 kB
dist/assets/Article-C8-tGsU54.js                                 0.24 kB │ gzip:   0.19 kB
dist/assets/Article-CDCrQq1U4.js                                 0.24 kB │ gzip:   0.20 kB
dist/assets/Article-CSPX2lhX3.js                                 0.24 kB │ gzip:   0.19 kB
dist/assets/Article-ClLWyxIM4.js                                 0.24 kB │ gzip:   0.19 kB
dist/assets/Article-CzkJ4sWv2.js                                 0.24 kB │ gzip:   0.20 kB
dist/assets/Article-DGilXgZ33.js                                 0.24 kB │ gzip:   0.20 kB
dist/assets/Article-DHR7yotj3.js                                 0.24 kB │ gzip:   0.19 kB
dist/assets/CoreConcepts-C8-tGsU5.js                             0.24 kB │ gzip:   0.19 kB
dist/assets/CoreConcepts-CSPX2lhX.js                             0.24 kB │ gzip:   0.19 kB
dist/assets/Introduction-ClLWyxIM.js                             0.24 kB │ gzip:   0.19 kB
dist/assets/Architecture-2n4DEU7C.js                             0.24 kB │ gzip:   0.20 kB
dist/assets/Article-2n4DEU7C.js                                  0.24 kB │ gzip:   0.20 kB
dist/assets/Article-2qpchJa6.js                                  0.24 kB │ gzip:   0.20 kB
dist/assets/Article-9eU6tZl-.js                                  0.24 kB │ gzip:   0.20 kB
dist/assets/Article-B4kCVx2U.js                                  0.24 kB │ gzip:   0.20 kB
dist/assets/Article-BiPGMTVZ.js                                  0.24 kB │ gzip:   0.20 kB
dist/assets/Article-Bji-2CO1.js                                  0.24 kB │ gzip:   0.20 kB
dist/assets/Article-Br4MqaK6.js                                  0.24 kB │ gzip:   0.20 kB
dist/assets/Article-C24aTam3.js                                  0.24 kB │ gzip:   0.20 kB
dist/assets/Article-CJZn4auy.js                                  0.24 kB │ gzip:   0.20 kB
dist/assets/Article-COPYor1t.js                                  0.24 kB │ gzip:   0.20 kB
dist/assets/Article-CQ8BFnAt2.js                                 0.24 kB │ gzip:   0.20 kB
dist/assets/Article-Ciml1QK63.js                                 0.24 kB │ gzip:   0.20 kB
dist/assets/Article-CnmamL2b.js                                  0.24 kB │ gzip:   0.20 kB
dist/assets/Article-DKl-33bZ.js                                  0.24 kB │ gzip:   0.20 kB
dist/assets/Article-DKl-33bZ2.js                                 0.24 kB │ gzip:   0.20 kB
dist/assets/Article-DhnJdsya.js                                  0.24 kB │ gzip:   0.20 kB
dist/assets/Article-DiTFc0E14.js                                 0.24 kB │ gzip:   0.20 kB
dist/assets/Article-cT3JPN2j3.js                                 0.24 kB │ gzip:   0.20 kB
dist/assets/CoreConcepts-CJZn4auy.js                             0.24 kB │ gzip:   0.20 kB
dist/assets/CoreConcepts-DKl-33bZ.js                             0.24 kB │ gzip:   0.20 kB
dist/assets/Introduction-BiPGMTVZ.js                             0.24 kB │ gzip:   0.20 kB
dist/assets/Architecture-0HBoRi2h.js                             0.24 kB │ gzip:   0.19 kB
dist/assets/Architecture-B8yvro9m.js                             0.24 kB │ gzip:   0.20 kB
dist/assets/Article-0HBoRi2h2.js                                 0.24 kB │ gzip:   0.19 kB
dist/assets/Article-B8yvro9m3.js                                 0.24 kB │ gzip:   0.20 kB
dist/assets/Article-BEstbhEu2.js                                 0.24 kB │ gzip:   0.20 kB
dist/assets/Article-CKwL4DN12.js                                 0.24 kB │ gzip:   0.20 kB
dist/assets/Article-CSA-cDrF3.js                                 0.24 kB │ gzip:   0.20 kB
dist/assets/Article-ChGWfPF-3.js                                 0.24 kB │ gzip:   0.20 kB
dist/assets/Article-DkwA88yE4.js                                 0.24 kB │ gzip:   0.20 kB
dist/assets/BestPractices-BEstbhEu.js                            0.24 kB │ gzip:   0.20 kB
dist/assets/Introduction-CKwL4DN1.js                             0.24 kB │ gzip:   0.20 kB
dist/assets/Article-BHl90_513.js                                 0.25 kB │ gzip:   0.20 kB
dist/assets/Article-BIQ1z11D3.js                                 0.25 kB │ gzip:   0.19 kB
dist/assets/Article-BLwpPJM02.js                                 0.25 kB │ gzip:   0.20 kB
dist/assets/Article-BO55LQRa2.js                                 0.25 kB │ gzip:   0.20 kB
dist/assets/Article-BW4JoQJV3.js                                 0.25 kB │ gzip:   0.20 kB
dist/assets/Article-BivgwSN62.js                                 0.25 kB │ gzip:   0.20 kB
dist/assets/Article-C8aKVJKX3.js                                 0.25 kB │ gzip:   0.20 kB
dist/assets/Article-DOnmSmLW2.js                                 0.25 kB │ gzip:   0.20 kB
dist/assets/Article-DpbdO3E_.js                                  0.25 kB │ gzip:   0.20 kB
dist/assets/BestPractices-DpbdO3E_.js                            0.25 kB │ gzip:   0.20 kB
dist/assets/InterviewQuestions-DpbdO3E_.js                       0.25 kB │ gzip:   0.20 kB
dist/assets/Introduction-BLwpPJM0.js                             0.25 kB │ gzip:   0.20 kB
dist/assets/PracticalGuide-DpbdO3E_.js                           0.25 kB │ gzip:   0.20 kB
dist/assets/Article-BPjzwMLS3.js                                 0.25 kB │ gzip:   0.20 kB
dist/assets/Article-BSBu-kkN4.js                                 0.25 kB │ gzip:   0.20 kB
dist/assets/Article-BgdYl2F42.js                                 0.25 kB │ gzip:   0.20 kB
dist/assets/Article-CGh_p0UQ3.js                                 0.25 kB │ gzip:   0.20 kB
dist/assets/Introduction-BgdYl2F4.js                             0.25 kB │ gzip:   0.20 kB
dist/assets/Article-B2LhYOP63.js                                 0.25 kB │ gzip:   0.20 kB
dist/assets/Article-BFV9D2e-2.js                                 0.25 kB │ gzip:   0.20 kB
dist/assets/Article-CYuMvkYQ4.js                                 0.25 kB │ gzip:   0.20 kB
dist/assets/Article-C_kmxAPL4.js                                 0.25 kB │ gzip:   0.20 kB
dist/assets/Article-JAqbo2nz4.js                                 0.25 kB │ gzip:   0.19 kB
dist/assets/InterviewQuestions-BFV9D2e-.js                       0.25 kB │ gzip:   0.20 kB
dist/assets/Introduction-CYuMvkYQ.js                             0.25 kB │ gzip:   0.20 kB
dist/assets/Introduction-JAqbo2nz.js                             0.25 kB │ gzip:   0.19 kB
dist/assets/Article-BLcPU277.js                                  0.25 kB │ gzip:   0.20 kB
dist/assets/Article-BsOPYb3C.js                                  0.25 kB │ gzip:   0.21 kB
dist/assets/Article-BsOPYb3C2.js                                 0.25 kB │ gzip:   0.21 kB
dist/assets/Article-CZirf29G2.js                                 0.25 kB │ gzip:   0.19 kB
dist/assets/Article-Chi9nSHf2.js                                 0.25 kB │ gzip:   0.21 kB
dist/assets/Article-DSCWKHqu3.js                                 0.25 kB │ gzip:   0.20 kB
dist/assets/Article-DYxedmIE2.js                                 0.25 kB │ gzip:   0.21 kB
dist/assets/Article-D_0Bgmyp.js                                  0.25 kB │ gzip:   0.21 kB
dist/assets/Article-DlwBot2M.js                                  0.25 kB │ gzip:   0.21 kB
dist/assets/Article-DlwBot2M2.js                                 0.25 kB │ gzip:   0.21 kB
dist/assets/BestPractices-BLcPU277.js                            0.25 kB │ gzip:   0.20 kB
dist/assets/CoreConcepts-D_0Bgmyp.js                             0.25 kB │ gzip:   0.21 kB
dist/assets/CoreConcepts-DlwBot2M.js                             0.25 kB │ gzip:   0.21 kB
dist/assets/InterviewQuestions-BLcPU277.js                       0.25 kB │ gzip:   0.20 kB
dist/assets/PracticalGuide-BLcPU277.js                           0.25 kB │ gzip:   0.20 kB
dist/assets/Article-BB3Mr1CI.js                                  0.25 kB │ gzip:   0.20 kB
dist/assets/Article-BDoh44Uw.js                                  0.25 kB │ gzip:   0.20 kB
dist/assets/Article-BLrF-NgG.js                                  0.25 kB │ gzip:   0.20 kB
dist/assets/Article-Be94FYJc.js                                  0.25 kB │ gzip:   0.20 kB
dist/assets/Article-BlUhR8mC.js                                  0.25 kB │ gzip:   0.21 kB
dist/assets/Article-C2nCYGzT.js                                  0.25 kB │ gzip:   0.20 kB
dist/assets/Article-CJGOH2nb.js                                  0.25 kB │ gzip:   0.20 kB
dist/assets/Article-Ckl8M_J6.js                                  0.25 kB │ gzip:   0.20 kB
dist/assets/Article-Ckl8M_J62.js                                 0.25 kB │ gzip:   0.20 kB
dist/assets/Article-CuYRyLtI.js                                  0.25 kB │ gzip:   0.21 kB
dist/assets/Article-Cutpg7d2.js                                  0.25 kB │ gzip:   0.20 kB
dist/assets/Article-Cutpg7d22.js                                 0.25 kB │ gzip:   0.20 kB
dist/assets/Article-D290MB3e.js                                  0.25 kB │ gzip:   0.21 kB
dist/assets/Article-D_ubK9-h.js                                  0.25 kB │ gzip:   0.21 kB
dist/assets/Article-Df5asf3l.js                                  0.25 kB │ gzip:   0.20 kB
dist/assets/Article-DmdSAUqY.js                                  0.25 kB │ gzip:   0.20 kB
dist/assets/Article-DtgYo2Yt3.js                                 0.25 kB │ gzip:   0.20 kB
dist/assets/Article-JODT1Pxg.js                                  0.25 kB │ gzip:   0.21 kB
dist/assets/Article-qy3Fio2V.js                                  0.25 kB │ gzip:   0.20 kB
dist/assets/Article-z9cJsZ7v.js                                  0.25 kB │ gzip:   0.21 kB
dist/assets/CoreConcepts-Ckl8M_J6.js                             0.25 kB │ gzip:   0.20 kB
dist/assets/CoreConcepts-qy3Fio2V.js                             0.25 kB │ gzip:   0.20 kB
dist/assets/Introduction-Cutpg7d2.js                             0.25 kB │ gzip:   0.20 kB
dist/assets/PracticalGuide-D290MB3e.js                           0.25 kB │ gzip:   0.21 kB
dist/assets/Architecture-B_uSHwCS.js                             0.25 kB │ gzip:   0.21 kB
dist/assets/Architecture-BpPw9m9a.js                             0.25 kB │ gzip:   0.21 kB
dist/assets/Article-B7lLvtVc2.js                                 0.25 kB │ gzip:   0.20 kB
dist/assets/Article-BHmZ1_G52.js                                 0.25 kB │ gzip:   0.20 kB
dist/assets/Article-B_uSHwCS.js                                  0.25 kB │ gzip:   0.21 kB
dist/assets/Article-BpPw9m9a.js                                  0.25 kB │ gzip:   0.21 kB
dist/assets/CoreConcepts-BHmZ1_G5.js                             0.25 kB │ gzip:   0.20 kB
dist/assets/Introduction-B7lLvtVc.js                             0.25 kB │ gzip:   0.20 kB
dist/assets/Article-BSBJSCX1.js                                  0.25 kB │ gzip:   0.21 kB
dist/assets/Article-BjFBp4GY.js                                  0.25 kB │ gzip:   0.21 kB
dist/assets/Article-BjFBp4GY2.js                                 0.25 kB │ gzip:   0.21 kB
dist/assets/Article-BoiZoBzA.js                                  0.25 kB │ gzip:   0.20 kB
dist/assets/Article-C2DUWMJi2.js                                 0.25 kB │ gzip:   0.20 kB
dist/assets/Article-C3kqHx-B4.js                                 0.25 kB │ gzip:   0.20 kB
dist/assets/Article-CVTWMzW1.js                                  0.25 kB │ gzip:   0.21 kB
dist/assets/Article-CkNqolm_.js                                  0.25 kB │ gzip:   0.20 kB
dist/assets/Article-ClDjtOeq2.js                                 0.25 kB │ gzip:   0.19 kB
dist/assets/Article-CsG7XLN7.js                                  0.25 kB │ gzip:   0.21 kB
dist/assets/Article-Cw987YDi3.js                                 0.25 kB │ gzip:   0.21 kB
dist/assets/Article-CzizNxMG.js                                  0.25 kB │ gzip:   0.20 kB
dist/assets/Article-D760AtrZ3.js                                 0.25 kB │ gzip:   0.21 kB
dist/assets/Article-DSyEr9-9.js                                  0.25 kB │ gzip:   0.20 kB
dist/assets/Article-Du0vebF-.js                                  0.25 kB │ gzip:   0.21 kB
dist/assets/Article-VYpIV98H.js                                  0.25 kB │ gzip:   0.20 kB
dist/assets/Article-VYpIV98H2.js                                 0.25 kB │ gzip:   0.20 kB
dist/assets/Article-sj8h10yw4.js                                 0.25 kB │ gzip:   0.20 kB
dist/assets/BestPractices-C3kqHx-B.js                            0.25 kB │ gzip:   0.20 kB
dist/assets/BestPractices-D760AtrZ.js                            0.25 kB │ gzip:   0.21 kB
dist/assets/CoreConcepts-ClDjtOeq.js                             0.25 kB │ gzip:   0.19 kB
dist/assets/CoreConcepts-VYpIV98H.js                             0.25 kB │ gzip:   0.20 kB
dist/assets/Introduction-BjFBp4GY.js                             0.25 kB │ gzip:   0.21 kB
dist/assets/Article-BT80CWBu3.js                                 0.25 kB │ gzip:   0.21 kB
dist/assets/Article-DCrbiNrn2.js                                 0.25 kB │ gzip:   0.21 kB
dist/assets/Article-DUoMwWhk4.js                                 0.25 kB │ gzip:   0.21 kB
dist/assets/Article-vxBj4Wdt3.js                                 0.25 kB │ gzip:   0.21 kB
dist/assets/Architecture-BqdpZ7F-.js                             0.25 kB │ gzip:   0.20 kB
dist/assets/Article-BMwSwTV_.js                                  0.25 kB │ gzip:   0.20 kB
dist/assets/Article-BMwSwTV_2.js                                 0.25 kB │ gzip:   0.20 kB
dist/assets/Article-BqdpZ7F-2.js                                 0.25 kB │ gzip:   0.20 kB
dist/assets/Article-C3uVo5NY.js                                  0.25 kB │ gzip:   0.20 kB
dist/assets/Article-C3uVo5NY2.js                                 0.25 kB │ gzip:   0.20 kB
dist/assets/Article-C5Jr9J1F.js                                  0.25 kB │ gzip:   0.21 kB
dist/assets/Article-CoT-NU_m.js                                  0.25 kB │ gzip:   0.20 kB
dist/assets/Article-CoT-NU_m2.js                                 0.25 kB │ gzip:   0.20 kB
dist/assets/Introduction-BMwSwTV_.js                             0.25 kB │ gzip:   0.20 kB
dist/assets/Introduction-C5Jr9J1F.js                             0.25 kB │ gzip:   0.21 kB
dist/assets/Article-BQZEXOaA.js                                  0.25 kB │ gzip:   0.21 kB
dist/assets/Article-BxSBZB3d.js                                  0.25 kB │ gzip:   0.21 kB
dist/assets/Article-BzC31BVj.js                                  0.25 kB │ gzip:   0.21 kB
dist/assets/Article-CKRz9TzQ.js                                  0.25 kB │ gzip:   0.21 kB
dist/assets/Article-CKRz9TzQ2.js                                 0.25 kB │ gzip:   0.21 kB
dist/assets/Article-D56HwYlR.js                                  0.25 kB │ gzip:   0.21 kB
dist/assets/Article-D56HwYlR2.js                                 0.25 kB │ gzip:   0.21 kB
dist/assets/Article-DVshzXCM3.js                                 0.25 kB │ gzip:   0.21 kB
dist/assets/Article-GtMSpJF4.js                                  0.25 kB │ gzip:   0.21 kB
dist/assets/Article-GtMSpJF42.js                                 0.25 kB │ gzip:   0.21 kB
dist/assets/Article-lSShBmFr2.js                                 0.25 kB │ gzip:   0.21 kB
dist/assets/Article-pzUjtwG4.js                                  0.25 kB │ gzip:   0.21 kB
dist/assets/Article-pzUjtwG42.js                                 0.25 kB │ gzip:   0.21 kB
dist/assets/BestPractices-CKRz9TzQ.js                            0.25 kB │ gzip:   0.21 kB
dist/assets/InterviewQuestions-CKRz9TzQ.js                       0.25 kB │ gzip:   0.21 kB
dist/assets/InterviewQuestions-DVshzXCM.js                       0.25 kB │ gzip:   0.21 kB
dist/assets/InterviewQuestions-lSShBmFr.js                       0.25 kB │ gzip:   0.21 kB
dist/assets/Architecture-C6-u6b52.js                             0.26 kB │ gzip:   0.21 kB
dist/assets/Architecture-epq0J3VO.js                             0.26 kB │ gzip:   0.21 kB
dist/assets/Article-5ET89qiU.js                                  0.26 kB │ gzip:   0.21 kB
dist/assets/Article-BkB8sZEa.js                                  0.26 kB │ gzip:   0.21 kB
dist/assets/Article-C6-u6b52.js                                  0.26 kB │ gzip:   0.21 kB
dist/assets/Article-D50FjC8Y.js                                  0.26 kB │ gzip:   0.21 kB
dist/assets/Article-XCGOvn9p.js                                  0.26 kB │ gzip:   0.21 kB
dist/assets/Article-epq0J3VO2.js                                 0.26 kB │ gzip:   0.21 kB
dist/assets/Article-vrokCp0o.js                                  0.26 kB │ gzip:   0.21 kB
dist/assets/Architecture-P-3eIu9k.js                             0.26 kB │ gzip:   0.21 kB
dist/assets/Article-BLrMwStj.js                                  0.26 kB │ gzip:   0.21 kB
dist/assets/Article-C9Oc6-Vk2.js                                 0.26 kB │ gzip:   0.21 kB
dist/assets/Article-CajNBMlt2.js                                 0.26 kB │ gzip:   0.21 kB
dist/assets/Article-D1tBSV9-.js                                  0.26 kB │ gzip:   0.21 kB
dist/assets/Article-DPzsBMcV.js                                  0.26 kB │ gzip:   0.21 kB
dist/assets/Article-DlZYHVZl2.js                                 0.26 kB │ gzip:   0.20 kB
dist/assets/Article-LgAxNoj7.js                                  0.26 kB │ gzip:   0.21 kB
dist/assets/Article-NDheFN_M2.js                                 0.26 kB │ gzip:   0.21 kB
dist/assets/Article-P-3eIu9k.js                                  0.26 kB │ gzip:   0.21 kB
dist/assets/Article-P-3eIu9k2.js                                 0.26 kB │ gzip:   0.21 kB
dist/assets/Article-XXF0Mv5X4.js                                 0.26 kB │ gzip:   0.21 kB
dist/assets/Article-mlc4b0wQ.js                                  0.26 kB │ gzip:   0.21 kB
dist/assets/Article-zHz9Lcpb.js                                  0.26 kB │ gzip:   0.21 kB
dist/assets/Article-zQphHItu2.js                                 0.26 kB │ gzip:   0.21 kB
dist/assets/CoreConcepts-mlc4b0wQ.js                             0.26 kB │ gzip:   0.21 kB
dist/assets/Introduction-DlZYHVZl.js                             0.26 kB │ gzip:   0.20 kB
dist/assets/Architecture-CjTf2X-D.js                             0.26 kB │ gzip:   0.21 kB
dist/assets/Architecture-DvdZCzom.js                             0.26 kB │ gzip:   0.21 kB
dist/assets/Article-4B2ec-S-.js                                  0.26 kB │ gzip:   0.21 kB
dist/assets/Article-4B2ec-S-2.js                                 0.26 kB │ gzip:   0.21 kB
dist/assets/Article-B-0Cdh5A.js                                  0.26 kB │ gzip:   0.21 kB
dist/assets/Article-B9k0knBB.js                                  0.26 kB │ gzip:   0.21 kB
dist/assets/Article-B_18vyqF.js                                  0.26 kB │ gzip:   0.21 kB
dist/assets/Article-Bgnl5D13.js                                  0.26 kB │ gzip:   0.21 kB
dist/assets/Article-CY6pJGNY.js                                  0.26 kB │ gzip:   0.21 kB
dist/assets/Article-ChwOSY6_2.js                                 0.26 kB │ gzip:   0.21 kB
dist/assets/Article-CiJcvCLr.js                                  0.26 kB │ gzip:   0.21 kB
dist/assets/Article-CjTf2X-D.js                                  0.26 kB │ gzip:   0.21 kB
dist/assets/Article-CmtnipPW.js                                  0.26 kB │ gzip:   0.21 kB
dist/assets/Article-Cw9epec8.js                                  0.26 kB │ gzip:   0.21 kB
dist/assets/Article-DZRNgTgz2.js                                 0.26 kB │ gzip:   0.21 kB
dist/assets/Article-Db_OvHDu2.js                                 0.26 kB │ gzip:   0.21 kB
dist/assets/Article-DskoiBeG2.js                                 0.26 kB │ gzip:   0.21 kB
dist/assets/Article-DvdZCzom.js                                  0.26 kB │ gzip:   0.21 kB
dist/assets/Article-tgFdIRvf.js                                  0.26 kB │ gzip:   0.21 kB
dist/assets/Article-tlhEtDpv.js                                  0.26 kB │ gzip:   0.21 kB
dist/assets/BestPractices-4B2ec-S-.js                            0.26 kB │ gzip:   0.21 kB
dist/assets/Article-BrcUsBGN2.js                                 0.26 kB │ gzip:   0.21 kB
dist/assets/Article-CzF5BWfx.js                                  0.26 kB │ gzip:   0.21 kB
dist/assets/Article-CzF5BWfx2.js                                 0.26 kB │ gzip:   0.21 kB
dist/assets/Article-DGbRjIQn.js                                  0.26 kB │ gzip:   0.21 kB
dist/assets/Article-DGbRjIQn2.js                                 0.26 kB │ gzip:   0.21 kB
dist/assets/Article-VidpEmgS2.js                                 0.26 kB │ gzip:   0.21 kB
dist/assets/CoreConcepts-DGbRjIQn.js                             0.26 kB │ gzip:   0.21 kB
dist/assets/Article-B61oJSN4.js                                  0.26 kB │ gzip:   0.21 kB
dist/assets/Article-BJ23BGGz.js                                  0.26 kB │ gzip:   0.21 kB
dist/assets/Article-BXIT0TMy.js                                  0.26 kB │ gzip:   0.21 kB
dist/assets/Article-BXIT0TMy2.js                                 0.26 kB │ gzip:   0.21 kB
dist/assets/Article-BceKkr0Y.js                                  0.26 kB │ gzip:   0.21 kB
dist/assets/Article-CaCxjsQ1.js                                  0.26 kB │ gzip:   0.21 kB
dist/assets/Article-Cb-C7lMq.js                                  0.26 kB │ gzip:   0.21 kB
dist/assets/Article-CdWNnLTO2.js                                 0.26 kB │ gzip:   0.21 kB
dist/assets/Article-CoRDpC5Z2.js                                 0.26 kB │ gzip:   0.21 kB
dist/assets/Article-DIutxYae2.js                                 0.26 kB │ gzip:   0.21 kB
dist/assets/Article-DbmbJar72.js                                 0.26 kB │ gzip:   0.21 kB
dist/assets/Article-DebXOxES2.js                                 0.26 kB │ gzip:   0.21 kB
dist/assets/Article-DifIKTbs.js                                  0.26 kB │ gzip:   0.21 kB
dist/assets/Introduction-BJ23BGGz.js                             0.26 kB │ gzip:   0.21 kB
dist/assets/PracticalGuide-BXIT0TMy.js                           0.26 kB │ gzip:   0.21 kB
dist/assets/Architecture-CpyLzwUg.js                             0.26 kB │ gzip:   0.21 kB
dist/assets/Article-BUrNUTfl.js                                  0.26 kB │ gzip:   0.21 kB
dist/assets/Article-BXOnU94W2.js                                 0.26 kB │ gzip:   0.21 kB
dist/assets/Article-BbFcQQRK.js                                  0.26 kB │ gzip:   0.21 kB
dist/assets/Article-BsBfUV5f.js                                  0.26 kB │ gzip:   0.21 kB
dist/assets/Article-ByfiWizr.js                                  0.26 kB │ gzip:   0.21 kB
dist/assets/Article-CjbMCQES.js                                  0.26 kB │ gzip:   0.21 kB
dist/assets/Article-CpyLzwUg.js                                  0.26 kB │ gzip:   0.21 kB
dist/assets/Article-DxKZI_3o.js                                  0.26 kB │ gzip:   0.21 kB
dist/assets/Article-Wps0vMKt.js                                  0.26 kB │ gzip:   0.21 kB
dist/assets/Article-Wps0vMKt2.js                                 0.26 kB │ gzip:   0.21 kB
dist/assets/BestPractices-BXOnU94W.js                            0.26 kB │ gzip:   0.21 kB
dist/assets/CoreConcepts-BbFcQQRK.js                             0.26 kB │ gzip:   0.21 kB
dist/assets/InterviewQuestions-BXOnU94W2.js                      0.26 kB │ gzip:   0.21 kB
dist/assets/InterviewQuestions-Wps0vMKt.js                       0.26 kB │ gzip:   0.21 kB
dist/assets/Introduction-BsBfUV5f2.js                            0.26 kB │ gzip:   0.21 kB
dist/assets/PracticalGuide-BXOnU94W2.js                          0.26 kB │ gzip:   0.21 kB
dist/assets/Article-BFk6LNpT2.js                                 0.26 kB │ gzip:   0.21 kB
dist/assets/Article-C7jGI_1b.js                                  0.26 kB │ gzip:   0.21 kB
dist/assets/Article-C7jGI_1b2.js                                 0.26 kB │ gzip:   0.21 kB
dist/assets/Article-CPCmmcjh2.js                                 0.26 kB │ gzip:   0.21 kB
dist/assets/Article-CPfNFQBv.js                                  0.26 kB │ gzip:   0.21 kB
dist/assets/Article-CPfNFQBv2.js                                 0.26 kB │ gzip:   0.21 kB
dist/assets/Article-CSOftIWp2.js                                 0.26 kB │ gzip:   0.21 kB
dist/assets/Article-CanqPWsG.js                                  0.26 kB │ gzip:   0.21 kB
dist/assets/Article-D9SCYBI6.js                                  0.26 kB │ gzip:   0.21 kB
dist/assets/Article-DWC6l7vC2.js                                 0.26 kB │ gzip:   0.21 kB
dist/assets/Article-Dc7X6e4c2.js                                 0.26 kB │ gzip:   0.21 kB
dist/assets/Article-Dc8-Leyi.js                                  0.26 kB │ gzip:   0.21 kB
dist/assets/Article-Dd5NM9vh2.js                                 0.26 kB │ gzip:   0.21 kB
dist/assets/Article-Dgf-5pgd.js                                  0.26 kB │ gzip:   0.21 kB
dist/assets/Article-Dgf-5pgd2.js                                 0.26 kB │ gzip:   0.21 kB
dist/assets/Article-DptNCMOP2.js                                 0.26 kB │ gzip:   0.21 kB
dist/assets/Article-TlQDfqcA2.js                                 0.26 kB │ gzip:   0.21 kB
dist/assets/Article-UDoBVDqQ.js                                  0.26 kB │ gzip:   0.21 kB
dist/assets/Course-CKoIxpp0.js                                   0.26 kB │ gzip:   0.20 kB
dist/assets/Course-Fb4m7UtY.js                                   0.26 kB │ gzip:   0.20 kB
dist/assets/InterviewQuestions-CPfNFQBv.js                       0.26 kB │ gzip:   0.21 kB
dist/assets/Introduction-Dgf-5pgd.js                             0.26 kB │ gzip:   0.21 kB
dist/assets/PracticalGuide-C7jGI_1b.js                           0.26 kB │ gzip:   0.21 kB
dist/assets/Article-Bb1IppIv.js                                  0.26 kB │ gzip:   0.21 kB
dist/assets/Article-BcJ1EtfL3.js                                 0.26 kB │ gzip:   0.20 kB
dist/assets/Article-BlX4KYi62.js                                 0.26 kB │ gzip:   0.20 kB
dist/assets/Article-Fl-uQFDt2.js                                 0.26 kB │ gzip:   0.21 kB
dist/assets/Article-YZOa0yIf.js                                  0.26 kB │ gzip:   0.21 kB
dist/assets/CoreConcepts-Fl-uQFDt.js                             0.26 kB │ gzip:   0.21 kB
dist/assets/Course-CNqfZBbV.js                                   0.26 kB │ gzip:   0.20 kB
dist/assets/Course-CY3rdfVw.js                                   0.26 kB │ gzip:   0.21 kB
dist/assets/Course-Da_Tma50.js                                   0.26 kB │ gzip:   0.20 kB
dist/assets/Course-MeV48i3t.js                                   0.26 kB │ gzip:   0.20 kB
dist/assets/Introduction-Bb1IppIv.js                             0.26 kB │ gzip:   0.21 kB
dist/assets/Introduction-YZOa0yIf.js                             0.26 kB │ gzip:   0.21 kB
dist/assets/Architecture-28uM5hWt.js                             0.26 kB │ gzip:   0.21 kB
dist/assets/Architecture-DfXC8cQp.js                             0.26 kB │ gzip:   0.21 kB
dist/assets/Article-28uM5hWt.js                                  0.26 kB │ gzip:   0.21 kB
dist/assets/Article-BDYHPF5J.js                                  0.26 kB │ gzip:   0.21 kB
dist/assets/Article-BJGAU_s5.js                                  0.26 kB │ gzip:   0.21 kB
dist/assets/Article-Bz4Vuf8p.js                                  0.26 kB │ gzip:   0.21 kB
dist/assets/Article-C8xebUfh2.js                                 0.26 kB │ gzip:   0.21 kB
dist/assets/Article-CVD10Ghv.js                                  0.26 kB │ gzip:   0.21 kB
dist/assets/Article-CtBcFW4V.js                                  0.26 kB │ gzip:   0.21 kB
dist/assets/Article-DfXC8cQp.js                                  0.26 kB │ gzip:   0.21 kB
dist/assets/Article-DqKlIkiv.js                                  0.26 kB │ gzip:   0.21 kB
dist/assets/CoreConcepts-C8xebUfh.js                             0.26 kB │ gzip:   0.21 kB
dist/assets/PracticalGuide-BJGAU_s5.js                           0.26 kB │ gzip:   0.21 kB
dist/assets/Article-B4eADv2P.js                                  0.26 kB │ gzip:   0.21 kB
dist/assets/Article-B4eADv2P2.js                                 0.26 kB │ gzip:   0.21 kB
dist/assets/Article-CD2_6nb0.js                                  0.26 kB │ gzip:   0.22 kB
dist/assets/Article-CHNAvkJL2.js                                 0.26 kB │ gzip:   0.21 kB
dist/assets/Article-CMdlmi46.js                                  0.26 kB │ gzip:   0.21 kB
dist/assets/Article-CMdlmi462.js                                 0.26 kB │ gzip:   0.21 kB
dist/assets/Article-DCWVgPDO2.js                                 0.26 kB │ gzip:   0.21 kB
dist/assets/Article-DIKGwmQp.js                                  0.26 kB │ gzip:   0.21 kB
dist/assets/Article-DIKGwmQp2.js                                 0.26 kB │ gzip:   0.21 kB
dist/assets/Article-Dg2JO2Aa.js                                  0.26 kB │ gzip:   0.21 kB
dist/assets/Article-Dg2JO2Aa2.js                                 0.26 kB │ gzip:   0.21 kB
dist/assets/Article-E-6d1hNe2.js                                 0.26 kB │ gzip:   0.21 kB
dist/assets/Article-iaW_u39Z2.js                                 0.26 kB │ gzip:   0.21 kB
dist/assets/Article-wOnFxA13.js                                  0.26 kB │ gzip:   0.21 kB
dist/assets/Article-wOnFxA132.js                                 0.26 kB │ gzip:   0.21 kB
dist/assets/Article-zWX3_jgv.js                                  0.26 kB │ gzip:   0.21 kB
dist/assets/Article-zWX3_jgv2.js                                 0.26 kB │ gzip:   0.21 kB
dist/assets/BestPractices-Dg2JO2Aa.js                            0.26 kB │ gzip:   0.21 kB
dist/assets/CoreConcepts-CD2_6nb0.js                             0.26 kB │ gzip:   0.22 kB
dist/assets/InterviewQuestions-Dg2JO2Aa.js                       0.26 kB │ gzip:   0.21 kB
dist/assets/PracticalGuide-Dg2JO2Aa.js                           0.26 kB │ gzip:   0.21 kB
dist/assets/Architecture--1tNJ5qs.js                             0.27 kB │ gzip:   0.21 kB
dist/assets/Architecture-DhECPt_S.js                             0.27 kB │ gzip:   0.21 kB
dist/assets/Article--1LVWhsW.js                                  0.27 kB │ gzip:   0.21 kB
dist/assets/Article--1tNJ5qs2.js                                 0.27 kB │ gzip:   0.21 kB
dist/assets/Article-22YRtr1S.js                                  0.27 kB │ gzip:   0.21 kB
dist/assets/Article-6MGsdBrE2.js                                 0.27 kB │ gzip:   0.20 kB
dist/assets/Article-6umnJ7Tg.js                                  0.27 kB │ gzip:   0.21 kB
dist/assets/Article-Br7RR34J.js                                  0.27 kB │ gzip:   0.21 kB
dist/assets/Article-Bx5XYqtQ.js                                  0.27 kB │ gzip:   0.21 kB
dist/assets/Article-CuiolxqL.js                                  0.27 kB │ gzip:   0.21 kB
dist/assets/Article-CxiWvyLp.js                                  0.27 kB │ gzip:   0.21 kB
dist/assets/Article-CzmqlyEd3.js                                 0.27 kB │ gzip:   0.20 kB
dist/assets/Article-CzvWSb_k3.js                                 0.27 kB │ gzip:   0.20 kB
dist/assets/Article-D7pPOW4T.js                                  0.27 kB │ gzip:   0.21 kB
dist/assets/Article-DWtkxteL.js                                  0.27 kB │ gzip:   0.21 kB
dist/assets/Article-DhECPt_S2.js                                 0.27 kB │ gzip:   0.21 kB
dist/assets/Article-DjXgmX2C.js                                  0.27 kB │ gzip:   0.21 kB
dist/assets/Article-IrAi8VwZ.js                                  0.27 kB │ gzip:   0.21 kB
dist/assets/Article-JOz2_3Jm2.js                                 0.27 kB │ gzip:   0.20 kB
dist/assets/BestPractices-22YRtr1S.js                            0.27 kB │ gzip:   0.21 kB
dist/assets/CoreConcepts-CzmqlyEd.js                             0.27 kB │ gzip:   0.20 kB
dist/assets/CoreConcepts-JOz2_3Jm.js                             0.27 kB │ gzip:   0.20 kB
dist/assets/Course-C2afAHuj.js                                   0.27 kB │ gzip:   0.21 kB
dist/assets/InterviewQuestions-22YRtr1S.js                       0.27 kB │ gzip:   0.21 kB
dist/assets/Article-0J4XLGiY.js                                  0.27 kB │ gzip:   0.21 kB
dist/assets/Article-2WmlFW20.js                                  0.27 kB │ gzip:   0.21 kB
dist/assets/Article-5dP_Pda3.js                                  0.27 kB │ gzip:   0.21 kB
dist/assets/Article-Bom5fMfu.js                                  0.27 kB │ gzip:   0.21 kB
dist/assets/Article-CPnEQFCE2.js                                 0.27 kB │ gzip:   0.21 kB
dist/assets/Article-CUxlxx6t.js                                  0.27 kB │ gzip:   0.21 kB
dist/assets/Article-CzlkiLaP.js                                  0.27 kB │ gzip:   0.21 kB
dist/assets/Article-D0rYsVJs.js                                  0.27 kB │ gzip:   0.21 kB
dist/assets/Article-D4O4r-pe.js                                  0.27 kB │ gzip:   0.21 kB
dist/assets/Article-D5zeQS9L.js                                  0.27 kB │ gzip:   0.21 kB
dist/assets/Article-DCsQRUIL.js                                  0.27 kB │ gzip:   0.21 kB
dist/assets/Article-DHVP_K9W.js                                  0.27 kB │ gzip:   0.22 kB
dist/assets/Article-DP2HUXyC.js                                  0.27 kB │ gzip:   0.21 kB
dist/assets/Article-Dw2qbP4g.js                                  0.27 kB │ gzip:   0.21 kB
dist/assets/Article-E9DXxHb_.js                                  0.27 kB │ gzip:   0.21 kB
dist/assets/Article-Vv9s-7i-.js                                  0.27 kB │ gzip:   0.21 kB
dist/assets/Article-dkfPAZhS.js                                  0.27 kB │ gzip:   0.21 kB
dist/assets/Article-tBfre1AP.js                                  0.27 kB │ gzip:   0.21 kB
dist/assets/BestPractices-CPnEQFCE.js                            0.27 kB │ gzip:   0.21 kB
dist/assets/BestPractices-DHVP_K9W.js                            0.27 kB │ gzip:   0.22 kB
dist/assets/BestPractices-Vv9s-7i-.js                            0.27 kB │ gzip:   0.21 kB
dist/assets/InterviewQuestions-CPnEQFCE.js                       0.27 kB │ gzip:   0.21 kB
dist/assets/InterviewQuestions-DHVP_K9W.js                       0.27 kB │ gzip:   0.22 kB
dist/assets/InterviewQuestions-Vv9s-7i-.js                       0.27 kB │ gzip:   0.21 kB
dist/assets/PracticalGuide-CPnEQFCE.js                           0.27 kB │ gzip:   0.21 kB
dist/assets/PracticalGuide-DHVP_K9W.js                           0.27 kB │ gzip:   0.22 kB
dist/assets/PracticalGuide-Vv9s-7i-.js                           0.27 kB │ gzip:   0.21 kB
dist/assets/Architecture-DfCettCJ.js                             0.27 kB │ gzip:   0.20 kB
dist/assets/Architecture-lDbFzv8F.js                             0.27 kB │ gzip:   0.21 kB
dist/assets/Architecture-yNxgIve3.js                             0.27 kB │ gzip:   0.20 kB
dist/assets/Article-7p-ha0QI2.js                                 0.27 kB │ gzip:   0.22 kB
dist/assets/Article-B-S7xfsA2.js                                 0.27 kB │ gzip:   0.21 kB
dist/assets/Article-C7amgLY12.js                                 0.27 kB │ gzip:   0.22 kB
dist/assets/Article-CI4vAQVD2.js                                 0.27 kB │ gzip:   0.22 kB
dist/assets/Article-CSNFx5ZT2.js                                 0.27 kB │ gzip:   0.21 kB
dist/assets/Article-C_TCEfo_2.js                                 0.27 kB │ gzip:   0.22 kB
dist/assets/Article-Cr45XPI_.js                                  0.27 kB │ gzip:   0.21 kB
dist/assets/Article-DUz593h82.js                                 0.27 kB │ gzip:   0.21 kB
dist/assets/Article-DfCettCJ2.js                                 0.27 kB │ gzip:   0.20 kB
dist/assets/Article-aCeTgr_P2.js                                 0.27 kB │ gzip:   0.22 kB
dist/assets/Article-bFqFMqkh2.js                                 0.27 kB │ gzip:   0.22 kB
dist/assets/Article-inpVOt6x2.js                                 0.27 kB │ gzip:   0.21 kB
dist/assets/Article-lDbFzv8F.js                                  0.27 kB │ gzip:   0.21 kB
dist/assets/Article-lDbFzv8F2.js                                 0.27 kB │ gzip:   0.21 kB
dist/assets/Article-yNxgIve33.js                                 0.27 kB │ gzip:   0.20 kB
dist/assets/BestPractices-Cr45XPI_.js                            0.27 kB │ gzip:   0.21 kB
dist/assets/BestPractices-bFqFMqkh.js                            0.27 kB │ gzip:   0.22 kB
dist/assets/Course-5sxw16D9.js                                   0.27 kB │ gzip:   0.21 kB
dist/assets/InterviewQuestions-Cr45XPI_.js                       0.27 kB │ gzip:   0.21 kB
dist/assets/PracticalGuide-Cr45XPI_.js                           0.27 kB │ gzip:   0.21 kB
dist/assets/Article-B50kSEik.js                                  0.27 kB │ gzip:   0.22 kB
dist/assets/Article-BM1GbmIJ.js                                  0.27 kB │ gzip:   0.22 kB
dist/assets/Article-Bl6yPHJK.js                                  0.27 kB │ gzip:   0.22 kB
dist/assets/Article-CJ5B_TWi.js                                  0.27 kB │ gzip:   0.22 kB
dist/assets/Article-Cri-bQXg.js                                  0.27 kB │ gzip:   0.22 kB
dist/assets/Article-D-lR1GZK.js                                  0.27 kB │ gzip:   0.21 kB
dist/assets/Article-DS9-y4kx.js                                  0.27 kB │ gzip:   0.22 kB
dist/assets/Article-Dltfavcu.js                                  0.27 kB │ gzip:   0.22 kB
dist/assets/Course-cix09Mwy.js                                   0.27 kB │ gzip:   0.21 kB
dist/assets/Course-o_gnsHi1.js                                   0.27 kB │ gzip:   0.21 kB
dist/assets/Introduction-Cri-bQXg.js                             0.27 kB │ gzip:   0.22 kB
dist/assets/Introduction-DS9-y4kx.js                             0.27 kB │ gzip:   0.22 kB
dist/assets/PracticalGuide-D-lR1GZK.js                           0.27 kB │ gzip:   0.21 kB
dist/assets/Architecture-oWSSrqQY.js                             0.27 kB │ gzip:   0.21 kB
dist/assets/Article-7pPE9A3-2.js                                 0.27 kB │ gzip:   0.22 kB
dist/assets/Article-B-cHtNZ9.js                                  0.27 kB │ gzip:   0.21 kB
dist/assets/Article-BY0Se7-A.js                                  0.27 kB │ gzip:   0.21 kB
dist/assets/Article-CtmqoSGm.js                                  0.27 kB │ gzip:   0.21 kB
dist/assets/Article-DRA-gwD2.js                                  0.27 kB │ gzip:   0.21 kB
dist/assets/Article-DRA-gwD22.js                                 0.27 kB │ gzip:   0.21 kB
dist/assets/Article-oWSSrqQY.js                                  0.27 kB │ gzip:   0.21 kB
dist/assets/Article-oWSSrqQY2.js                                 0.27 kB │ gzip:   0.21 kB
dist/assets/CoreConcepts-BY0Se7-A.js                             0.27 kB │ gzip:   0.21 kB
dist/assets/Course-DlHXY0B_.js                                   0.27 kB │ gzip:   0.21 kB
dist/assets/Course-rh3wNrNf.js                                   0.27 kB │ gzip:   0.21 kB
dist/assets/InterviewQuestions-7pPE9A3-.js                       0.27 kB │ gzip:   0.22 kB
dist/assets/Article-AvSRrkgM.js                                  0.27 kB │ gzip:   0.22 kB
dist/assets/Article-B9B7O0yB.js                                  0.27 kB │ gzip:   0.22 kB
dist/assets/Article-BthJky592.js                                 0.27 kB │ gzip:   0.22 kB
dist/assets/Article-BwmN7thb.js                                  0.27 kB │ gzip:   0.22 kB
dist/assets/Article-CLMSS5Wt3.js                                 0.27 kB │ gzip:   0.20 kB
dist/assets/Article-CX_WwlFC2.js                                 0.27 kB │ gzip:   0.22 kB
dist/assets/Article-DCDXbBVA2.js                                 0.27 kB │ gzip:   0.20 kB
dist/assets/Article-DfHIHwuI.js                                  0.27 kB │ gzip:   0.22 kB
dist/assets/Article-Dh9g4Dxx.js                                  0.27 kB │ gzip:   0.22 kB
dist/assets/Article-lD1fM9pz.js                                  0.27 kB │ gzip:   0.22 kB
dist/assets/BestPractices-CX_WwlFC.js                            0.27 kB │ gzip:   0.22 kB
dist/assets/CoreConcepts-lD1fM9pz.js                             0.27 kB │ gzip:   0.22 kB
dist/assets/InterviewQuestions-CX_WwlFC.js                       0.27 kB │ gzip:   0.22 kB
dist/assets/Introduction-BthJky59.js                             0.27 kB │ gzip:   0.22 kB
dist/assets/Introduction-CLMSS5Wt.js                             0.27 kB │ gzip:   0.20 kB
dist/assets/Introduction-DCDXbBVA.js                             0.27 kB │ gzip:   0.20 kB
dist/assets/PracticalGuide-CX_WwlFC.js                           0.27 kB │ gzip:   0.22 kB
dist/assets/Architecture-f5HWxwDC.js                             0.27 kB │ gzip:   0.21 kB
dist/assets/Article--LpC5564.js                                  0.27 kB │ gzip:   0.21 kB
dist/assets/Article-0SBB6TJT.js                                  0.27 kB │ gzip:   0.21 kB
dist/assets/Article-B-najeSX.js                                  0.27 kB │ gzip:   0.21 kB
dist/assets/Article-B0UdcJ0x.js                                  0.27 kB │ gzip:   0.21 kB
dist/assets/Article-BXWU-4Sb.js                                  0.27 kB │ gzip:   0.21 kB
dist/assets/Article-BfVwrFs0.js                                  0.27 kB │ gzip:   0.21 kB
dist/assets/Article-BfVwrFs02.js                                 0.27 kB │ gzip:   0.21 kB
dist/assets/Article-Bzaj5sP2.js                                  0.27 kB │ gzip:   0.21 kB
dist/assets/Article-CDaytcnG.js                                  0.27 kB │ gzip:   0.21 kB
dist/assets/Article-CE1zI9-u.js                                  0.27 kB │ gzip:   0.21 kB
dist/assets/Article-CHeHnkn5.js                                  0.27 kB │ gzip:   0.21 kB
dist/assets/Article-CLbLEU1J.js                                  0.27 kB │ gzip:   0.21 kB
dist/assets/Article-CwUn32St.js                                  0.27 kB │ gzip:   0.21 kB
dist/assets/Article-DMyACOnJ.js                                  0.27 kB │ gzip:   0.21 kB
dist/assets/Article-DdfcN38J.js                                  0.27 kB │ gzip:   0.22 kB
dist/assets/Article-Dq0KkWdJ.js                                  0.27 kB │ gzip:   0.21 kB
dist/assets/Article-DqXEjBNH.js                                  0.27 kB │ gzip:   0.21 kB
dist/assets/Article-f5HWxwDC.js                                  0.27 kB │ gzip:   0.21 kB
dist/assets/BestPractices-BfVwrFs0.js                            0.27 kB │ gzip:   0.21 kB
dist/assets/BestPractices-DdfcN38J.js                            0.27 kB │ gzip:   0.22 kB
dist/assets/Course-eiPU0_sj.js                                   0.27 kB │ gzip:   0.21 kB
dist/assets/InterviewQuestions-BfVwrFs0.js                       0.27 kB │ gzip:   0.21 kB
dist/assets/InterviewQuestions-DdfcN38J.js                       0.27 kB │ gzip:   0.22 kB
dist/assets/PracticalGuide-BfVwrFs0.js                           0.27 kB │ gzip:   0.21 kB
dist/assets/PracticalGuide-DdfcN38J.js                           0.27 kB │ gzip:   0.22 kB
dist/assets/Article-CEDp74q62.js                                 0.27 kB │ gzip:   0.22 kB
dist/assets/Article-D--5ZVI8.js                                  0.27 kB │ gzip:   0.21 kB
dist/assets/Article-P35PF5Ja.js                                  0.27 kB │ gzip:   0.22 kB
dist/assets/CoreConcepts-P35PF5Ja.js                             0.27 kB │ gzip:   0.22 kB
dist/assets/InterviewQuestions-D--5ZVI8.js                       0.27 kB │ gzip:   0.21 kB
dist/assets/PracticalGuide-CEDp74q6.js                           0.27 kB │ gzip:   0.22 kB
dist/assets/Article-0_JY8Z5t.js                                  0.27 kB │ gzip:   0.22 kB
dist/assets/Article-0_JY8Z5t2.js                                 0.27 kB │ gzip:   0.22 kB
dist/assets/Article-BqXxlSJb.js                                  0.27 kB │ gzip:   0.22 kB
dist/assets/Article-BqXxlSJb2.js                                 0.27 kB │ gzip:   0.22 kB
dist/assets/Article-BuUxyC3a2.js                                 0.27 kB │ gzip:   0.22 kB
dist/assets/Article-Bw_WAQsT.js                                  0.27 kB │ gzip:   0.22 kB
dist/assets/Article-Bw_WAQsT2.js                                 0.27 kB │ gzip:   0.22 kB
dist/assets/Article-C7gnb8An.js                                  0.27 kB │ gzip:   0.22 kB
dist/assets/Article-C7gnb8An2.js                                 0.27 kB │ gzip:   0.22 kB
dist/assets/Article-CyZKtxtm.js                                  0.27 kB │ gzip:   0.22 kB
dist/assets/Article-Didj8iYR.js                                  0.27 kB │ gzip:   0.22 kB
dist/assets/Article-Didj8iYR2.js                                 0.27 kB │ gzip:   0.22 kB
dist/assets/BestPractices-C7gnb8An.js                            0.27 kB │ gzip:   0.22 kB
dist/assets/Course-_Fb643LO.js                                   0.27 kB │ gzip:   0.21 kB
dist/assets/InterviewQuestions-C7gnb8An.js                       0.27 kB │ gzip:   0.22 kB
dist/assets/Introduction-CyZKtxtm.js                             0.27 kB │ gzip:   0.22 kB
dist/assets/Course-BivIgrvO.js                                   0.27 kB │ gzip:   0.21 kB
dist/assets/Course-DejrM3gr.js                                   0.27 kB │ gzip:   0.21 kB
dist/assets/Course-D9KUByG_.js                                   0.28 kB │ gzip:   0.21 kB
dist/assets/AIMLAndDataScience-DnntNzcW.js                       0.28 kB │ gzip:   0.21 kB
dist/assets/Article-Cxxo7ft82.js                                 0.28 kB │ gzip:   0.22 kB
dist/assets/BestPractices-Cxxo7ft8.js                            0.28 kB │ gzip:   0.22 kB
dist/assets/Architecture-Dq8BQ_QG.js                             0.28 kB │ gzip:   0.22 kB
dist/assets/Article-B2Xad4vP.js                                  0.28 kB │ gzip:   0.22 kB
dist/assets/Article-CqFlEngY.js                                  0.28 kB │ gzip:   0.22 kB
dist/assets/Article-CtsclFXv.js                                  0.28 kB │ gzip:   0.22 kB
dist/assets/Article-CtsclFXv2.js                                 0.28 kB │ gzip:   0.22 kB
dist/assets/Article-DX_1X4Wr.js                                  0.28 kB │ gzip:   0.22 kB
dist/assets/Article-Dq8BQ_QG2.js                                 0.28 kB │ gzip:   0.22 kB
dist/assets/Article-oSw97mAn.js                                  0.28 kB │ gzip:   0.22 kB
dist/assets/PracticalGuide-CtsclFXv.js                           0.28 kB │ gzip:   0.22 kB
dist/assets/DataStructuresAndAlgorithms-ZvgmrK5o.js              0.28 kB │ gzip:   0.21 kB
dist/assets/Article-B-WkM4Gk.js                                  0.28 kB │ gzip:   0.22 kB
dist/assets/Article-XQxIf3RO.js                                  0.28 kB │ gzip:   0.22 kB
dist/assets/BestPractices-B-WkM4Gk.js                            0.28 kB │ gzip:   0.22 kB
dist/assets/BestPractices-XQxIf3RO.js                            0.28 kB │ gzip:   0.22 kB
dist/assets/InterviewQuestions-B-WkM4Gk.js                       0.28 kB │ gzip:   0.22 kB
dist/assets/PracticalGuide-B-WkM4Gk.js                           0.28 kB │ gzip:   0.22 kB
dist/assets/Article-BA-d-pV92.js                                 0.28 kB │ gzip:   0.22 kB
dist/assets/Course-2ISdljTE.js                                   0.28 kB │ gzip:   0.21 kB
dist/assets/Course-_PjJKnBH.js                                   0.28 kB │ gzip:   0.22 kB
dist/assets/CloudEngineering-DfLsKXtQ.js                         0.28 kB │ gzip:   0.21 kB
dist/assets/TechnicalBloggingAndContent-CVrZZNXC.js              0.28 kB │ gzip:   0.21 kB
dist/assets/VideoEditingAndContent-CArgoFfR.js                   0.28 kB │ gzip:   0.21 kB
dist/assets/CareerGrowth-DAYEyMsE.js                             0.28 kB │ gzip:   0.21 kB
dist/assets/DevOpsAndPlatformEngineering-ChncQUAo.js             0.28 kB │ gzip:   0.21 kB
dist/assets/Backend-BfBqgDD-.js                                  0.29 kB │ gzip:   0.21 kB
dist/assets/BackendEngineering-CP8A4xiq.js                       0.29 kB │ gzip:   0.21 kB
dist/assets/TestingAndQualityEngineering-DG2IyiVJ.js             0.29 kB │ gzip:   0.21 kB
dist/assets/Frontend-CZJzGlcm.js                                 0.29 kB │ gzip:   0.21 kB
dist/assets/CareerRoadmaps-CXKwNWFG.js                           0.29 kB │ gzip:   0.21 kB
dist/assets/FrontendEngineering-Ws1TlDY5.js                      0.29 kB │ gzip:   0.21 kB
dist/assets/DatabaseEngineering-3Ej-EJET.js                      0.29 kB │ gzip:   0.21 kB
dist/assets/DeveloperWellbeing-CIeACrr4.js                       0.29 kB │ gzip:   0.21 kB
dist/assets/DigitalMarketingAndSEO-xjUzcYj0.js                   0.29 kB │ gzip:   0.21 kB
dist/assets/MessagingAndEventStreaming-DjKemQOs.js               0.29 kB │ gzip:   0.21 kB
dist/assets/CollaborationAndMiscellaneousTools-BJwfshbP.js       0.29 kB │ gzip:   0.21 kB
dist/assets/EngineeringLeadershipAndManagement-CTGwKDjh.js       0.29 kB │ gzip:   0.21 kB
dist/assets/InterviewPreparation-B-JDjCAe.js                     0.29 kB │ gzip:   0.21 kB
dist/assets/SystemDesignAndArchitecture-BhHRLKeK.js              0.30 kB │ gzip:   0.21 kB
dist/assets/EngineeringCommunication-B2a-0vFP.js                 0.30 kB │ gzip:   0.22 kB
dist/assets/BackendToolsAndLibraries-BgQJcDdo.js                 0.30 kB │ gzip:   0.22 kB
dist/assets/CodingPatternsAndProblemSolving-Bt1xL_Hh.js          0.30 kB │ gzip:   0.22 kB
dist/assets/DeveloperProductivityTools-DUroOP-q.js               0.30 kB │ gzip:   0.22 kB
dist/assets/MockInterviews-nCGdYNoU.js                           0.30 kB │ gzip:   0.22 kB
dist/assets/FrontendToolsAndLibraries-BsAXfSjI.js                0.30 kB │ gzip:   0.22 kB
dist/assets/Course-CPmQl7zc.js                                   0.31 kB │ gzip:   0.23 kB
dist/assets/Course-VWT0b6Jh.js                                   0.31 kB │ gzip:   0.23 kB
dist/assets/Course-B6N-e5qE.js                                   0.32 kB │ gzip:   0.23 kB
dist/assets/Course-CVE_t3Xa.js                                   0.32 kB │ gzip:   0.24 kB
dist/assets/Course-tDkwMHZw.js                                   0.32 kB │ gzip:   0.23 kB
dist/assets/Course-Bra7iHPD.js                                   0.32 kB │ gzip:   0.23 kB
dist/assets/Course-CULIiTnW.js                                   0.32 kB │ gzip:   0.24 kB
dist/assets/Course-DSitZZaa.js                                   0.32 kB │ gzip:   0.24 kB
dist/assets/Course-DiUhd4HW.js                                   0.32 kB │ gzip:   0.24 kB
dist/assets/Course-TtF5wcKj.js                                   0.32 kB │ gzip:   0.23 kB
dist/assets/Course-CIWcI8eH.js                                   0.32 kB │ gzip:   0.24 kB
dist/assets/Course-CKF-WV3V.js                                   0.32 kB │ gzip:   0.24 kB
dist/assets/Course-DUWqaQV7.js                                   0.33 kB │ gzip:   0.24 kB
dist/assets/Course-BJqNrz_G.js                                   0.33 kB │ gzip:   0.24 kB
dist/assets/Course-CdCIc8eh.js                                   0.33 kB │ gzip:   0.24 kB
dist/assets/Course-Comn--gT.js                                   0.33 kB │ gzip:   0.24 kB
dist/assets/Course-BNgaogrD.js                                   0.33 kB │ gzip:   0.24 kB
dist/assets/Course-BUdLB5Tc.js                                   0.33 kB │ gzip:   0.24 kB
dist/assets/Course-CcrSGXfZ.js                                   0.33 kB │ gzip:   0.24 kB
dist/assets/Course-QTepl8gH.js                                   0.33 kB │ gzip:   0.24 kB
dist/assets/Course-ChqrCfik.js                                   0.33 kB │ gzip:   0.24 kB
dist/assets/Course-DwW6GSdV.js                                   0.33 kB │ gzip:   0.24 kB
dist/assets/Course-4vSoZpaA.js                                   0.33 kB │ gzip:   0.24 kB
dist/assets/Course-B2QmY3sv.js                                   0.33 kB │ gzip:   0.24 kB
dist/assets/Course-CBsVI7Jl.js                                   0.33 kB │ gzip:   0.24 kB
dist/assets/Course-DI-O6tn2.js                                   0.33 kB │ gzip:   0.24 kB
dist/assets/Course-DgQYnYev.js                                   0.33 kB │ gzip:   0.24 kB
dist/assets/Course-B8-fBFHR.js                                   0.33 kB │ gzip:   0.24 kB
dist/assets/Course-BF4PH2l8.js                                   0.33 kB │ gzip:   0.24 kB
dist/assets/Course-BGnzCh1W.js                                   0.33 kB │ gzip:   0.24 kB
dist/assets/Course-BNKpfwN1.js                                   0.33 kB │ gzip:   0.24 kB
dist/assets/Course-Bjk6vLLR.js                                   0.33 kB │ gzip:   0.24 kB
dist/assets/Course-BoCqVQR5.js                                   0.33 kB │ gzip:   0.24 kB
dist/assets/Course-CaQ6PorY.js                                   0.33 kB │ gzip:   0.24 kB
dist/assets/Course-CeVer3Wo.js                                   0.33 kB │ gzip:   0.24 kB
dist/assets/Course-D5ZHT32p.js                                   0.33 kB │ gzip:   0.24 kB
dist/assets/Course-DW8BC2V0.js                                   0.33 kB │ gzip:   0.24 kB
dist/assets/Course-WnniCWy4.js                                   0.33 kB │ gzip:   0.24 kB
dist/assets/Course-cSFJDvU9.js                                   0.33 kB │ gzip:   0.24 kB
dist/assets/Course-fp3sIuuz.js                                   0.33 kB │ gzip:   0.24 kB
dist/assets/Course-mJV4S44e.js                                   0.33 kB │ gzip:   0.24 kB
dist/assets/StructuredBackendCourse-Bmpwt0cI.js                  0.33 kB │ gzip:   0.24 kB
dist/assets/Course-B8cwI7yS.js                                   0.33 kB │ gzip:   0.24 kB
dist/assets/Course-CWhR-k76.js                                   0.33 kB │ gzip:   0.24 kB
dist/assets/Course-C_OaE_86.js                                   0.33 kB │ gzip:   0.24 kB
dist/assets/Course-CwUbEW9q.js                                   0.33 kB │ gzip:   0.24 kB
dist/assets/Course-D2PJpFNb.js                                   0.33 kB │ gzip:   0.24 kB
dist/assets/Course-MrTlAgga.js                                   0.33 kB │ gzip:   0.24 kB
dist/assets/Course-rqbOgd3R.js                                   0.33 kB │ gzip:   0.24 kB
dist/assets/StructuredFrontendCourse-Cq8bVtas.js                 0.33 kB │ gzip:   0.24 kB
dist/assets/Course-D4yyzjoE.js                                   0.34 kB │ gzip:   0.24 kB
dist/assets/Course-Bn2mHYYl.js                                   0.34 kB │ gzip:   0.24 kB
dist/assets/Course-CBC-kduA.js                                   0.34 kB │ gzip:   0.24 kB
dist/assets/Course-CXwA8Mhy.js                                   0.34 kB │ gzip:   0.24 kB
dist/assets/Course-CsmQdKZh.js                                   0.34 kB │ gzip:   0.24 kB
dist/assets/Course-Cw_3lOb2.js                                   0.34 kB │ gzip:   0.24 kB
dist/assets/Course-DNAS-4gI.js                                   0.34 kB │ gzip:   0.25 kB
dist/assets/Course-DfPq_3ts.js                                   0.34 kB │ gzip:   0.24 kB
dist/assets/Course-DpfP859A.js                                   0.34 kB │ gzip:   0.24 kB
dist/assets/Course-DxVYsevS.js                                   0.34 kB │ gzip:   0.24 kB
dist/assets/Course-Yntry0Z4.js                                   0.34 kB │ gzip:   0.24 kB
dist/assets/Course-y8dW4VVK.js                                   0.34 kB │ gzip:   0.24 kB
dist/assets/Course-C5j1mpPn.js                                   0.34 kB │ gzip:   0.24 kB
dist/assets/Course-BcQGR66n.js                                   0.34 kB │ gzip:   0.24 kB
dist/assets/Course-C3ym5w79.js                                   0.34 kB │ gzip:   0.24 kB
dist/assets/Course-C80RSGo4.js                                   0.34 kB │ gzip:   0.24 kB
dist/assets/Course-CI3ND-Fc.js                                   0.34 kB │ gzip:   0.24 kB
dist/assets/Course-CJ9Zu6X2.js                                   0.34 kB │ gzip:   0.24 kB
dist/assets/Course-DY4WnrP-.js                                   0.34 kB │ gzip:   0.24 kB
dist/assets/Course-k4wrz7d4.js                                   0.34 kB │ gzip:   0.24 kB
dist/assets/Course-CkmIpQhU.js                                   0.34 kB │ gzip:   0.24 kB
dist/assets/Course-CsgDwlKG.js                                   0.34 kB │ gzip:   0.24 kB
dist/assets/Course-CtfVUv8d.js                                   0.34 kB │ gzip:   0.24 kB
dist/assets/Course-D_xbQVsg.js                                   0.34 kB │ gzip:   0.24 kB
dist/assets/Course-ufrA_LtJ.js                                   0.34 kB │ gzip:   0.24 kB
dist/assets/Course-4aAi0Oai.js                                   0.34 kB │ gzip:   0.25 kB
dist/assets/Course-AlaWO-DI.js                                   0.34 kB │ gzip:   0.24 kB
dist/assets/Course-BB_TrUmn.js                                   0.34 kB │ gzip:   0.24 kB
dist/assets/Course-BN577rWn.js                                   0.34 kB │ gzip:   0.24 kB
dist/assets/Course-BOoY7YHZ.js                                   0.34 kB │ gzip:   0.24 kB
dist/assets/Course-Cn8DDElL.js                                   0.34 kB │ gzip:   0.24 kB
dist/assets/Course-DAYuCaWd.js                                   0.34 kB │ gzip:   0.24 kB
dist/assets/Course-DBqlDCaa.js                                   0.34 kB │ gzip:   0.24 kB
dist/assets/Course-D_DvqzFx.js                                   0.34 kB │ gzip:   0.24 kB
dist/assets/Course-Ick3_99Y.js                                   0.34 kB │ gzip:   0.24 kB
dist/assets/Course-V19EAtrE.js                                   0.34 kB │ gzip:   0.24 kB
dist/assets/Course-ZaZMXIr7.js                                   0.34 kB │ gzip:   0.24 kB
dist/assets/Course-o_Pnl8Eq.js                                   0.34 kB │ gzip:   0.24 kB
dist/assets/Course-3jjL7Iqz.js                                   0.34 kB │ gzip:   0.24 kB
dist/assets/Course-B5kdyEkU.js                                   0.34 kB │ gzip:   0.25 kB
dist/assets/Course-Bb4gJGdF.js                                   0.34 kB │ gzip:   0.24 kB
dist/assets/Course-BucyhG6J.js                                   0.34 kB │ gzip:   0.25 kB
dist/assets/Course-DPma9jYs.js                                   0.34 kB │ gzip:   0.25 kB
dist/assets/Course-Dp6Q1-bb.js                                   0.34 kB │ gzip:   0.25 kB
dist/assets/Course-P6vNSnlX.js                                   0.34 kB │ gzip:   0.24 kB
dist/assets/Course-dWnKyDfL.js                                   0.34 kB │ gzip:   0.25 kB
dist/assets/Course-qDHFHuVT.js                                   0.34 kB │ gzip:   0.25 kB
dist/assets/Course-reFKejGq.js                                   0.34 kB │ gzip:   0.24 kB
dist/assets/Course-wxb5WA4a.js                                   0.34 kB │ gzip:   0.25 kB
dist/assets/Course-B93GSSss.js                                   0.35 kB │ gzip:   0.24 kB
dist/assets/Course-BC7P0R03.js                                   0.35 kB │ gzip:   0.25 kB
dist/assets/Course-BcN42GyH.js                                   0.35 kB │ gzip:   0.24 kB
dist/assets/Course-C79e84D7.js                                   0.35 kB │ gzip:   0.25 kB
dist/assets/Course-CKTUgAfS.js                                   0.35 kB │ gzip:   0.25 kB
dist/assets/Course-CV_ymrpL.js                                   0.35 kB │ gzip:   0.25 kB
dist/assets/Course-ChDoGZa8.js                                   0.35 kB │ gzip:   0.24 kB
dist/assets/Course-DY0QLFPM.js                                   0.35 kB │ gzip:   0.25 kB
dist/assets/Course-DtGB0xm-.js                                   0.35 kB │ gzip:   0.24 kB
dist/assets/Course-BJDGB1yQ.js                                   0.35 kB │ gzip:   0.25 kB
dist/assets/Course-CTGRIew1.js                                   0.35 kB │ gzip:   0.24 kB
dist/assets/Course-DQgPP1MK.js                                   0.35 kB │ gzip:   0.25 kB
dist/assets/Course-OEysfmCc.js                                   0.35 kB │ gzip:   0.25 kB
dist/assets/Course-Ohpgx4Mq.js                                   0.35 kB │ gzip:   0.25 kB
dist/assets/Course-Zqe5rRkq.js                                   0.35 kB │ gzip:   0.24 kB
dist/assets/Course-qzvdfyZW.js                                   0.35 kB │ gzip:   0.25 kB
dist/assets/Course-BNJesUzx.js                                   0.35 kB │ gzip:   0.25 kB
dist/assets/Course-BS-AHXDS.js                                   0.35 kB │ gzip:   0.25 kB
dist/assets/Course-CFcC1CUG.js                                   0.35 kB │ gzip:   0.24 kB
dist/assets/Course-CWGDVR6X.js                                   0.35 kB │ gzip:   0.25 kB
dist/assets/Course-CkJElhCj.js                                   0.35 kB │ gzip:   0.24 kB
dist/assets/Course-DOdHSg1D.js                                   0.35 kB │ gzip:   0.24 kB
dist/assets/Course-Ddl_7xTt.js                                   0.35 kB │ gzip:   0.25 kB
dist/assets/Course-EzG01ZiZ.js                                   0.35 kB │ gzip:   0.24 kB
dist/assets/Course-7A3nuAAa.js                                   0.35 kB │ gzip:   0.25 kB
dist/assets/Course-BWy-2PQo.js                                   0.35 kB │ gzip:   0.24 kB
dist/assets/Course-BtKf4fD7.js                                   0.35 kB │ gzip:   0.25 kB
dist/assets/Course-C5QR5lpF.js                                   0.35 kB │ gzip:   0.24 kB
dist/assets/Course-CwLjHcAE.js                                   0.35 kB │ gzip:   0.25 kB
dist/assets/Course-DaM9oYGm.js                                   0.35 kB │ gzip:   0.25 kB
dist/assets/Course-B8nC94rN.js                                   0.35 kB │ gzip:   0.25 kB
dist/assets/Course-BLBNaka2.js                                   0.35 kB │ gzip:   0.25 kB
dist/assets/Course-BcfvSEr0.js                                   0.35 kB │ gzip:   0.25 kB
dist/assets/Course-Bw2dp3S7.js                                   0.35 kB │ gzip:   0.24 kB
dist/assets/Course-BwXpF9Z2.js                                   0.35 kB │ gzip:   0.24 kB
dist/assets/Course-Ce2qPkGT.js                                   0.35 kB │ gzip:   0.24 kB
dist/assets/Course-DiATU6WW.js                                   0.35 kB │ gzip:   0.25 kB
dist/assets/Course-DjuKJ0Nk.js                                   0.35 kB │ gzip:   0.24 kB
dist/assets/Course-YjA7pA2e.js                                   0.35 kB │ gzip:   0.25 kB
dist/assets/Course-C0LctGtA.js                                   0.36 kB │ gzip:   0.25 kB
dist/assets/Course-DBco6SXb.js                                   0.36 kB │ gzip:   0.24 kB
dist/assets/Course-G_b9HLmd.js                                   0.36 kB │ gzip:   0.25 kB
dist/assets/Course-ll834fo2.js                                   0.36 kB │ gzip:   0.25 kB
dist/assets/Course-D_6kwcTO.js                                   0.36 kB │ gzip:   0.25 kB
dist/assets/Course-MFIaN2dN.js                                   0.36 kB │ gzip:   0.25 kB
dist/assets/Course-B0CI89b6.js                                   0.36 kB │ gzip:   0.25 kB
dist/assets/Course-CM8VKP4B.js                                   0.36 kB │ gzip:   0.25 kB
dist/assets/Course-C-gM1QLu.js                                   0.36 kB │ gzip:   0.25 kB
dist/assets/Course-DeUuLFiO.js                                   0.36 kB │ gzip:   0.25 kB
dist/assets/Course-Dg0wGFHW.js                                   0.36 kB │ gzip:   0.25 kB
dist/assets/Course-Do0v0EVF.js                                   0.36 kB │ gzip:   0.25 kB
dist/assets/Course-Y0Xecffa.js                                   0.36 kB │ gzip:   0.25 kB
dist/assets/Course-AEVKwzcL.js                                   0.36 kB │ gzip:   0.25 kB
dist/assets/Course-BN3pnNU2.js                                   0.36 kB │ gzip:   0.25 kB
dist/assets/Course-C-CLmfmv.js                                   0.36 kB │ gzip:   0.25 kB
dist/assets/Course-BAna6vSq.js                                   0.37 kB │ gzip:   0.25 kB
dist/assets/Course-Dh9IOQ31.js                                   0.37 kB │ gzip:   0.25 kB
dist/assets/Course-CNJnMf_t.js                                   0.37 kB │ gzip:   0.25 kB
dist/assets/Course-Ccs0KuoG.js                                   0.37 kB │ gzip:   0.25 kB
dist/assets/Course-CworAgeM.js                                   0.37 kB │ gzip:   0.25 kB
dist/assets/Course-D5RXI2g2.js                                   0.37 kB │ gzip:   0.25 kB
dist/assets/Course-B3gVk4W6.js                                   0.37 kB │ gzip:   0.25 kB
dist/assets/Course-B75w-ObG.js                                   0.37 kB │ gzip:   0.25 kB
dist/assets/Course-C_NKXrev.js                                   0.37 kB │ gzip:   0.25 kB
dist/assets/Course-DVFUr2Vk.js                                   0.37 kB │ gzip:   0.25 kB
dist/assets/Course-CAe2qsLB.js                                   0.38 kB │ gzip:   0.25 kB
dist/assets/Course-CZZSswWO.js                                   0.38 kB │ gzip:   0.25 kB
dist/assets/Course-DswsBuZc.js                                   0.38 kB │ gzip:   0.25 kB
dist/assets/Course-Ch64DGVd.js                                   0.38 kB │ gzip:   0.25 kB
dist/assets/Course-DXXGlAjo.js                                   0.38 kB │ gzip:   0.25 kB
dist/assets/Course-D4_nAnL8.js                                   0.39 kB │ gzip:   0.25 kB
dist/assets/jsx-runtime-DmyinQmY.js                              0.45 kB │ gzip:   0.30 kB
dist/assets/Article-B-JlvI_3.js                                  1.19 kB │ gzip:   0.52 kB
dist/assets/Article-6aOxNste.js                                  1.19 kB │ gzip:   0.52 kB
dist/assets/Article-Cs1wHj7f2.js                                 1.19 kB │ gzip:   0.52 kB
dist/assets/Article-q_-Osjjo2.js                                 1.19 kB │ gzip:   0.52 kB
dist/assets/Article-CPQkDXf6.js                                  1.20 kB │ gzip:   0.52 kB
dist/assets/Article-6W0HwIFP2.js                                 1.20 kB │ gzip:   0.51 kB
dist/assets/Article-BZrE-fCP.js                                  1.20 kB │ gzip:   0.51 kB
dist/assets/Article-BdWCBWD82.js                                 1.20 kB │ gzip:   0.52 kB
dist/assets/Article-BDH3pSAj.js                                  1.20 kB │ gzip:   0.52 kB
dist/assets/Article-BksVPIUQ2.js                                 1.20 kB │ gzip:   0.52 kB
dist/assets/Article-C-U56NNf.js                                  1.20 kB │ gzip:   0.52 kB
dist/assets/Article-CHJBe_TV.js                                  1.20 kB │ gzip:   0.52 kB
dist/assets/Article-CJcwEo0m.js                                  1.20 kB │ gzip:   0.52 kB
dist/assets/Article-B-hQf2vc.js                                  1.20 kB │ gzip:   0.52 kB
dist/assets/Article-BADS8ZEA.js                                  1.20 kB │ gzip:   0.52 kB
dist/assets/Article-B3hDj7z6.js                                  1.20 kB │ gzip:   0.52 kB
dist/assets/Article-B8UVFjvO2.js                                 1.20 kB │ gzip:   0.52 kB
dist/assets/Article-CGg9CPok2.js                                 1.20 kB │ gzip:   0.52 kB
dist/assets/Article-BsW8ifax.js                                  1.20 kB │ gzip:   0.52 kB
dist/assets/Article-CN2Q_poy2.js                                 1.20 kB │ gzip:   0.52 kB
dist/assets/Article-DnK_EIwC.js                                  1.20 kB │ gzip:   0.52 kB
dist/assets/Article-pCcFIkea.js                                  1.20 kB │ gzip:   0.52 kB
dist/assets/Article-3Sq2r3gH2.js                                 1.20 kB │ gzip:   0.52 kB
dist/assets/Article-BEC782SN.js                                  1.20 kB │ gzip:   0.52 kB
dist/assets/Article-BNjB2B6v2.js                                 1.20 kB │ gzip:   0.52 kB
dist/assets/Article-D3weH9dt.js                                  1.20 kB │ gzip:   0.52 kB
dist/assets/Article-DiOtdukY.js                                  1.20 kB │ gzip:   0.52 kB
dist/assets/Article-3gnDuBzq.js                                  1.20 kB │ gzip:   0.52 kB
dist/assets/Article-5Ak9QT9i.js                                  1.20 kB │ gzip:   0.52 kB
dist/assets/Article-BKXU8jUK.js                                  1.20 kB │ gzip:   0.52 kB
dist/assets/Article-BQMetIAn.js                                  1.20 kB │ gzip:   0.52 kB
dist/assets/Article-BlFSHN7d2.js                                 1.20 kB │ gzip:   0.52 kB
dist/assets/Article-DFr4sJrj.js                                  1.20 kB │ gzip:   0.52 kB
dist/assets/Article-Dl1QjiJq.js                                  1.20 kB │ gzip:   0.51 kB
dist/assets/Article-lPzWoAZr2.js                                 1.20 kB │ gzip:   0.52 kB
dist/assets/Article-Cc37hVkT.js                                  1.21 kB │ gzip:   0.52 kB
dist/assets/Article-KiQRxvKn.js                                  1.21 kB │ gzip:   0.52 kB
dist/assets/Article-M1Awcmyk.js                                  1.21 kB │ gzip:   0.52 kB
dist/assets/Article-fVknn0mZ.js                                  1.21 kB │ gzip:   0.52 kB
dist/assets/Article-465RXH1j.js                                  1.21 kB │ gzip:   0.52 kB
dist/assets/Article-B6m3zzpC.js                                  1.21 kB │ gzip:   0.52 kB
dist/assets/Article-BPu_dlyP.js                                  1.21 kB │ gzip:   0.52 kB
dist/assets/Article-BgpWvzzi2.js                                 1.21 kB │ gzip:   0.52 kB
dist/assets/Article-CJBU7yRF2.js                                 1.21 kB │ gzip:   0.52 kB
dist/assets/Article-DD1qkSez.js                                  1.21 kB │ gzip:   0.52 kB
dist/assets/Article-DIgdjZuX2.js                                 1.21 kB │ gzip:   0.52 kB
dist/assets/Article-DLrj-BvM2.js                                 1.21 kB │ gzip:   0.51 kB
dist/assets/Article-Dd7yex0o2.js                                 1.21 kB │ gzip:   0.52 kB
dist/assets/Article-De3k5tIC2.js                                 1.21 kB │ gzip:   0.52 kB
dist/assets/Article-KR_hgi8o.js                                  1.21 kB │ gzip:   0.52 kB
dist/assets/Article-e6HI9Sdn.js                                  1.21 kB │ gzip:   0.52 kB
dist/assets/Article-B-ez_Wzv2.js                                 1.21 kB │ gzip:   0.52 kB
dist/assets/Article-B51zWWrQ.js                                  1.21 kB │ gzip:   0.52 kB
dist/assets/Article-BAkqAjId.js                                  1.21 kB │ gzip:   0.52 kB
dist/assets/Article-Cfdsfvxw.js                                  1.21 kB │ gzip:   0.52 kB
dist/assets/Article-CqMZs55b.js                                  1.21 kB │ gzip:   0.52 kB
dist/assets/Article-D2xaO6Xl.js                                  1.21 kB │ gzip:   0.52 kB
dist/assets/Article-yIN3bEtc2.js                                 1.21 kB │ gzip:   0.52 kB
dist/assets/Article-B4PbBAjK2.js                                 1.21 kB │ gzip:   0.52 kB
dist/assets/Article-B5T6A9O8.js                                  1.21 kB │ gzip:   0.52 kB
dist/assets/Article-BRxroggg2.js                                 1.21 kB │ gzip:   0.52 kB
dist/assets/Article-BUxrz-7_.js                                  1.21 kB │ gzip:   0.52 kB
dist/assets/Article-Ct74Mb8R.js                                  1.21 kB │ gzip:   0.52 kB
dist/assets/Article-Cyzfh78T2.js                                 1.21 kB │ gzip:   0.52 kB
dist/assets/Article-D238bzqh.js                                  1.21 kB │ gzip:   0.52 kB
dist/assets/Article-DMBnSSv_.js                                  1.21 kB │ gzip:   0.52 kB
dist/assets/Article-GCFvQpLE.js                                  1.21 kB │ gzip:   0.52 kB
dist/assets/Article-PIL6eDr92.js                                 1.21 kB │ gzip:   0.52 kB
dist/assets/Article-XZVkNNlG2.js                                 1.21 kB │ gzip:   0.52 kB
dist/assets/Article-ARA1CG5y.js                                  1.21 kB │ gzip:   0.52 kB
dist/assets/Article-Bdc8qxrE2.js                                 1.21 kB │ gzip:   0.52 kB
dist/assets/Article-CC-o_M2x2.js                                 1.21 kB │ gzip:   0.51 kB
dist/assets/Article-CSKqwqTY.js                                  1.21 kB │ gzip:   0.52 kB
dist/assets/Article-C_CiQAAk.js                                  1.21 kB │ gzip:   0.52 kB
dist/assets/Article-DDwFyOsS.js                                  1.21 kB │ gzip:   0.52 kB
dist/assets/Article-DIUovwmv2.js                                 1.21 kB │ gzip:   0.52 kB
dist/assets/Article-D_GmH3Z82.js                                 1.21 kB │ gzip:   0.52 kB
dist/assets/Article-DrNAonUU.js                                  1.21 kB │ gzip:   0.52 kB
dist/assets/Article-0TSrCaFC.js                                  1.21 kB │ gzip:   0.52 kB
dist/assets/Article-BNIwqpeb.js                                  1.21 kB │ gzip:   0.52 kB
dist/assets/Article-BdqmLKPP2.js                                 1.21 kB │ gzip:   0.52 kB
dist/assets/Article-BtZZY7ns.js                                  1.21 kB │ gzip:   0.52 kB
dist/assets/Article-C0QQwHiM.js                                  1.21 kB │ gzip:   0.52 kB
dist/assets/Article-C1llmDWW.js                                  1.21 kB │ gzip:   0.52 kB
dist/assets/Article-DyvJY6bA.js                                  1.21 kB │ gzip:   0.52 kB
dist/assets/Article-WGRL4Pvb.js                                  1.21 kB │ gzip:   0.52 kB
dist/assets/Article-_4EJoAs_.js                                  1.21 kB │ gzip:   0.52 kB
dist/assets/Article-gJtxYEtC.js                                  1.21 kB │ gzip:   0.52 kB
dist/assets/Article-k1inm4d-2.js                                 1.21 kB │ gzip:   0.52 kB
dist/assets/Article-ktUSiovf.js                                  1.21 kB │ gzip:   0.52 kB
dist/assets/Article-BRIgSJdX.js                                  1.21 kB │ gzip:   0.52 kB
dist/assets/Article-BhMYI5OH2.js                                 1.21 kB │ gzip:   0.52 kB
dist/assets/Article-CJrBzD2s.js                                  1.21 kB │ gzip:   0.52 kB
dist/assets/Article-CVxGsFXG.js                                  1.21 kB │ gzip:   0.52 kB
dist/assets/Article-CoF8YI1Z2.js                                 1.21 kB │ gzip:   0.52 kB
dist/assets/Article-CtIrvk92.js                                  1.21 kB │ gzip:   0.52 kB
dist/assets/Article-DE2PLV_q.js                                  1.21 kB │ gzip:   0.52 kB
dist/assets/Article-DkJELWmW2.js                                 1.21 kB │ gzip:   0.51 kB
dist/assets/Article-jYsrlSMt2.js                                 1.21 kB │ gzip:   0.52 kB
dist/assets/Article-B8NRC9Me2.js                                 1.21 kB │ gzip:   0.53 kB
dist/assets/Article-BFvfACx02.js                                 1.21 kB │ gzip:   0.52 kB
dist/assets/Article-BUOdpiWt2.js                                 1.21 kB │ gzip:   0.52 kB
dist/assets/Article-C2TaftcE.js                                  1.21 kB │ gzip:   0.52 kB
dist/assets/Article-CWZejmcz.js                                  1.21 kB │ gzip:   0.52 kB
dist/assets/Article-CggKrvhG.js                                  1.21 kB │ gzip:   0.52 kB
dist/assets/Article-DZuf1qSK.js                                  1.21 kB │ gzip:   0.52 kB
dist/assets/Article-D_Q-qDXr.js                                  1.21 kB │ gzip:   0.52 kB
dist/assets/Article-DexPmDun2.js                                 1.21 kB │ gzip:   0.52 kB
dist/assets/Article-Lw_Vk3IE.js                                  1.21 kB │ gzip:   0.52 kB
dist/assets/Article-Ujyr6sSS.js                                  1.21 kB │ gzip:   0.52 kB
dist/assets/Article-ucEfG4ZW2.js                                 1.21 kB │ gzip:   0.52 kB
dist/assets/Article-5ZbBLPBi.js                                  1.21 kB │ gzip:   0.52 kB
dist/assets/Article-B7uywzLn.js                                  1.21 kB │ gzip:   0.52 kB
dist/assets/Article-CI2Dqa6g.js                                  1.21 kB │ gzip:   0.52 kB
dist/assets/Article-CwT4cR__2.js                                 1.21 kB │ gzip:   0.52 kB
dist/assets/Article-DhFDDDtW.js                                  1.21 kB │ gzip:   0.52 kB
dist/assets/Article-DrusgWmQ2.js                                 1.21 kB │ gzip:   0.53 kB
dist/assets/Article-Dx1FCzIN2.js                                 1.21 kB │ gzip:   0.52 kB
dist/assets/Article-2tjD_gGB2.js                                 1.21 kB │ gzip:   0.52 kB
dist/assets/Article-BQEhZ7ul.js                                  1.21 kB │ gzip:   0.53 kB
dist/assets/Article-BRZWMio2.js                                  1.21 kB │ gzip:   0.52 kB
dist/assets/Article-BUcDerkO.js                                  1.21 kB │ gzip:   0.52 kB
dist/assets/Article-Bf81hGwk.js                                  1.21 kB │ gzip:   0.52 kB
dist/assets/Article-BvAUj_0m.js                                  1.21 kB │ gzip:   0.52 kB
dist/assets/Article-CS_63qwq.js                                  1.21 kB │ gzip:   0.52 kB
dist/assets/Article-CaY9dnqb2.js                                 1.21 kB │ gzip:   0.52 kB
dist/assets/Article-CfZJVGcc.js                                  1.21 kB │ gzip:   0.52 kB
dist/assets/Article-CoB680n6.js                                  1.21 kB │ gzip:   0.52 kB
dist/assets/Article-CtEAqz3B.js                                  1.21 kB │ gzip:   0.52 kB
dist/assets/Article-D0DXhyEb.js                                  1.21 kB │ gzip:   0.53 kB
dist/assets/Article-D6p5Xetf.js                                  1.21 kB │ gzip:   0.52 kB
dist/assets/Article-DOyrChMA.js                                  1.21 kB │ gzip:   0.52 kB
dist/assets/Article-DR7Qdzmg.js                                  1.21 kB │ gzip:   0.52 kB
dist/assets/Article-Dgvhw6tA2.js                                 1.21 kB │ gzip:   0.52 kB
dist/assets/Article-0zXZ83eg2.js                                 1.22 kB │ gzip:   0.52 kB
dist/assets/Article-Bt8ewW162.js                                 1.22 kB │ gzip:   0.52 kB
dist/assets/Article-C4env-Bl.js                                  1.22 kB │ gzip:   0.52 kB
dist/assets/Article-CjqgZ1q52.js                                 1.22 kB │ gzip:   0.52 kB
dist/assets/Article-CoeJd9Hr2.js                                 1.22 kB │ gzip:   0.52 kB
dist/assets/Article-CtJmoRlB.js                                  1.22 kB │ gzip:   0.52 kB
dist/assets/Article-CwVaA9sC.js                                  1.22 kB │ gzip:   0.52 kB
dist/assets/Article-CyVCpmmh.js                                  1.22 kB │ gzip:   0.52 kB
dist/assets/Article-DE_oZ17h2.js                                 1.22 kB │ gzip:   0.52 kB
dist/assets/Article-DcRzrRpY.js                                  1.22 kB │ gzip:   0.52 kB
dist/assets/Article-DiugnrkW.js                                  1.22 kB │ gzip:   0.52 kB
dist/assets/Article-DzCjRryv.js                                  1.22 kB │ gzip:   0.52 kB
dist/assets/Article-RPXDqxtW2.js                                 1.22 kB │ gzip:   0.52 kB
dist/assets/Article-jDjfFAwF.js                                  1.22 kB │ gzip:   0.52 kB
dist/assets/Article-B804mBb-.js                                  1.22 kB │ gzip:   0.52 kB
dist/assets/Article-C7BTNUrf.js                                  1.22 kB │ gzip:   0.52 kB
dist/assets/Article-CcDZow7_2.js                                 1.22 kB │ gzip:   0.52 kB
dist/assets/Article-DGjFNxZH2.js                                 1.22 kB │ gzip:   0.52 kB
dist/assets/Article-DNuTBvpx.js                                  1.22 kB │ gzip:   0.52 kB
dist/assets/Article-DR_yG1Lb.js                                  1.22 kB │ gzip:   0.52 kB
dist/assets/Article-DwxpiVar2.js                                 1.22 kB │ gzip:   0.52 kB
dist/assets/Article-B9_LbyjI.js                                  1.22 kB │ gzip:   0.52 kB
dist/assets/Article-BUA9le2v.js                                  1.22 kB │ gzip:   0.52 kB
dist/assets/Article-BVSP78AD2.js                                 1.22 kB │ gzip:   0.52 kB
dist/assets/Article-BX1-5A7C.js                                  1.22 kB │ gzip:   0.52 kB
dist/assets/Article-BXZsyYUe.js                                  1.22 kB │ gzip:   0.52 kB
dist/assets/Article-CI5KbWED.js                                  1.22 kB │ gzip:   0.52 kB
dist/assets/Article-CLPb9GKF.js                                  1.22 kB │ gzip:   0.52 kB
dist/assets/Article-CXoWJYQZ.js                                  1.22 kB │ gzip:   0.52 kB
dist/assets/Article-ClkeFmIL.js                                  1.22 kB │ gzip:   0.53 kB
dist/assets/Article-DAuY3VGi.js                                  1.22 kB │ gzip:   0.52 kB
dist/assets/Article-DAul2Mbu.js                                  1.22 kB │ gzip:   0.52 kB
dist/assets/Article-DHuVY5T52.js                                 1.22 kB │ gzip:   0.52 kB
dist/assets/Article-DP0zHDok.js                                  1.22 kB │ gzip:   0.52 kB
dist/assets/Article-Di8coFTx2.js                                 1.22 kB │ gzip:   0.52 kB
dist/assets/Article-DrTz7x3l.js                                  1.22 kB │ gzip:   0.51 kB
dist/assets/Article-Fped0kXp.js                                  1.22 kB │ gzip:   0.52 kB
dist/assets/Article-Tpxo_tu8.js                                  1.22 kB │ gzip:   0.52 kB
dist/assets/Article-ZjDTdFYV.js                                  1.22 kB │ gzip:   0.52 kB
dist/assets/Article-wDEUdNn4.js                                  1.22 kB │ gzip:   0.52 kB
dist/assets/Article-BOOkiqDj.js                                  1.22 kB │ gzip:   0.52 kB
dist/assets/Article-Bu-gZ3UW.js                                  1.22 kB │ gzip:   0.52 kB
dist/assets/Article-C-_jP1r_.js                                  1.22 kB │ gzip:   0.52 kB
dist/assets/Article-CDcbhfvD.js                                  1.22 kB │ gzip:   0.52 kB
dist/assets/Article-DBx7tp61.js                                  1.22 kB │ gzip:   0.52 kB
dist/assets/Article-DrPTtCFL.js                                  1.22 kB │ gzip:   0.52 kB
dist/assets/Article-ZUVHujzo.js                                  1.22 kB │ gzip:   0.52 kB
dist/assets/Article-_PbJ2EC3.js                                  1.22 kB │ gzip:   0.52 kB
dist/assets/Article-pQ28u8f6.js                                  1.22 kB │ gzip:   0.52 kB
dist/assets/Article-9odAt_lS.js                                  1.22 kB │ gzip:   0.52 kB
dist/assets/Article-B1RxpAi53.js                                 1.22 kB │ gzip:   0.52 kB
dist/assets/Article-BFsT9Tp42.js                                 1.22 kB │ gzip:   0.52 kB
dist/assets/Article-BfGxEmxR.js                                  1.22 kB │ gzip:   0.52 kB
dist/assets/Article-BgKaX7EG2.js                                 1.22 kB │ gzip:   0.52 kB
dist/assets/Article-BhjvnzqH.js                                  1.22 kB │ gzip:   0.53 kB
dist/assets/Article-BjxhSDbs2.js                                 1.22 kB │ gzip:   0.52 kB
dist/assets/Article-BkDHYJb0.js                                  1.22 kB │ gzip:   0.52 kB
dist/assets/Article-CGTt4C-z.js                                  1.22 kB │ gzip:   0.53 kB
dist/assets/Article-CgbBYct_2.js                                 1.22 kB │ gzip:   0.53 kB
dist/assets/Article-DF9QP6ne.js                                  1.22 kB │ gzip:   0.52 kB
dist/assets/Article-DFoT0Rb3.js                                  1.22 kB │ gzip:   0.52 kB
dist/assets/Article-DTXK85no.js                                  1.22 kB │ gzip:   0.52 kB
dist/assets/Article-DU89IgmE.js                                  1.22 kB │ gzip:   0.52 kB
dist/assets/Article-DbxaepQs.js                                  1.22 kB │ gzip:   0.52 kB
dist/assets/Article-DfHAfATr.js                                  1.22 kB │ gzip:   0.52 kB
dist/assets/Article-DlCjohqE.js                                  1.22 kB │ gzip:   0.52 kB
dist/assets/Article-DvGQRrQ7.js                                  1.22 kB │ gzip:   0.52 kB
dist/assets/Article-HSbUhLo8.js                                  1.22 kB │ gzip:   0.52 kB
dist/assets/Article-W5jt4yEw.js                                  1.22 kB │ gzip:   0.52 kB
dist/assets/Article-Z_ylJNyL2.js                                 1.22 kB │ gzip:   0.52 kB
dist/assets/Article-aZaF1B4f.js                                  1.22 kB │ gzip:   0.52 kB
dist/assets/Article-tsMK3OCK.js                                  1.22 kB │ gzip:   0.52 kB
dist/assets/Article-6z2la7YU2.js                                 1.22 kB │ gzip:   0.52 kB
dist/assets/Article-Bc-nmv172.js                                 1.22 kB │ gzip:   0.52 kB
dist/assets/Article-Bx5Jxhqv2.js                                 1.22 kB │ gzip:   0.52 kB
dist/assets/Article-Bx9wsLO2.js                                  1.22 kB │ gzip:   0.52 kB
dist/assets/Article-C0nFA_ml.js                                  1.22 kB │ gzip:   0.52 kB
dist/assets/Article-CEIH-I0P.js                                  1.22 kB │ gzip:   0.52 kB
dist/assets/Article-COxyM-gT.js                                  1.22 kB │ gzip:   0.52 kB
dist/assets/Article-CmPCUN3e.js                                  1.22 kB │ gzip:   0.53 kB
dist/assets/Article-CsIzgYPV2.js                                 1.22 kB │ gzip:   0.52 kB
dist/assets/Article-Cy2D0srd.js                                  1.22 kB │ gzip:   0.52 kB
dist/assets/Article-D-uhMjor2.js                                 1.22 kB │ gzip:   0.52 kB
dist/assets/Article-DNLRq8wT.js                                  1.22 kB │ gzip:   0.52 kB
dist/assets/Article-DVy5P9Jb.js                                  1.22 kB │ gzip:   0.53 kB
dist/assets/Article-DzQv6D3g.js                                  1.22 kB │ gzip:   0.53 kB
dist/assets/Article-KNFKuBHr2.js                                 1.22 kB │ gzip:   0.52 kB
dist/assets/Article-R3hp2eTO.js                                  1.22 kB │ gzip:   0.52 kB
dist/assets/Article-S4hzFggn2.js                                 1.22 kB │ gzip:   0.52 kB
dist/assets/Article-oWAlID0U2.js                                 1.22 kB │ gzip:   0.52 kB
dist/assets/Article-0S446lb9.js                                  1.22 kB │ gzip:   0.52 kB
dist/assets/Article-19f5CLqu2.js                                 1.22 kB │ gzip:   0.52 kB
dist/assets/Article-B2sgTenE.js                                  1.22 kB │ gzip:   0.52 kB
dist/assets/Article-B3KPwdhC2.js                                 1.22 kB │ gzip:   0.52 kB
dist/assets/Article-BDAUPA924.js                                 1.22 kB │ gzip:   0.52 kB
dist/assets/Article-BFYNUydu.js                                  1.22 kB │ gzip:   0.52 kB
dist/assets/Article-BQt0KwXZ.js                                  1.22 kB │ gzip:   0.52 kB
dist/assets/Article-BV2Ymwi0.js                                  1.22 kB │ gzip:   0.52 kB
dist/assets/Article-BcHTZ45r2.js                                 1.22 kB │ gzip:   0.52 kB
dist/assets/Article-BgHwraQk.js                                  1.22 kB │ gzip:   0.52 kB
dist/assets/Article-BkHEoFt4.js                                  1.22 kB │ gzip:   0.52 kB
dist/assets/Article-Bq92LPOG.js                                  1.22 kB │ gzip:   0.52 kB
dist/assets/Article-BuHbG3Gk2.js                                 1.22 kB │ gzip:   0.52 kB
dist/assets/Article-Bzw_dDDv2.js                                 1.22 kB │ gzip:   0.52 kB
dist/assets/Article-C8Mej5Lz.js                                  1.22 kB │ gzip:   0.52 kB
dist/assets/Article-CAKIdDgO2.js                                 1.22 kB │ gzip:   0.52 kB
dist/assets/Article-CMF1nkbw2.js                                 1.22 kB │ gzip:   0.52 kB
dist/assets/Article-CS3GjtBe.js                                  1.22 kB │ gzip:   0.52 kB
dist/assets/Article-D1PjQ_tf.js                                  1.22 kB │ gzip:   0.52 kB
dist/assets/Article-DNVsnj9a2.js                                 1.22 kB │ gzip:   0.52 kB
dist/assets/Article-DOgyBBfB2.js                                 1.22 kB │ gzip:   0.52 kB
dist/assets/Article-Dallljpd.js                                  1.22 kB │ gzip:   0.52 kB
dist/assets/Article-DjtdiWCO2.js                                 1.22 kB │ gzip:   0.52 kB
dist/assets/Article-Dp3Gu77a2.js                                 1.22 kB │ gzip:   0.52 kB
dist/assets/Article-DzokTTWz.js                                  1.22 kB │ gzip:   0.52 kB
dist/assets/Article-EMknutzW.js                                  1.22 kB │ gzip:   0.52 kB
dist/assets/Article-ZYl6CUDU.js                                  1.22 kB │ gzip:   0.52 kB
dist/assets/Article-_fjb2Q_P2.js                                 1.22 kB │ gzip:   0.52 kB
dist/assets/Article-aPEWoUvj.js                                  1.22 kB │ gzip:   0.52 kB
dist/assets/Article-B8L9JQqz2.js                                 1.22 kB │ gzip:   0.52 kB
dist/assets/Article-BAW_Yio-2.js                                 1.22 kB │ gzip:   0.52 kB
dist/assets/Article-BPeshD3o2.js                                 1.22 kB │ gzip:   0.52 kB
dist/assets/Article-BRBR525O3.js                                 1.22 kB │ gzip:   0.52 kB
dist/assets/Article-BsGE8pLQ.js                                  1.22 kB │ gzip:   0.52 kB
dist/assets/Article-C-oXR3pk.js                                  1.22 kB │ gzip:   0.52 kB
dist/assets/Article-C9db6nfz2.js                                 1.22 kB │ gzip:   0.52 kB
dist/assets/Article-CI4ULMck3.js                                 1.22 kB │ gzip:   0.52 kB
dist/assets/Article-CIpREXpi2.js                                 1.22 kB │ gzip:   0.52 kB
dist/assets/Article-CPQjp04D.js                                  1.22 kB │ gzip:   0.52 kB
dist/assets/Article-CTLoFJ8Z.js                                  1.22 kB │ gzip:   0.52 kB
dist/assets/Article-D6EZqCSp.js                                  1.22 kB │ gzip:   0.52 kB
dist/assets/Article-DGG1Ppvi.js                                  1.22 kB │ gzip:   0.52 kB
dist/assets/Article-DLdMoSDF3.js                                 1.22 kB │ gzip:   0.52 kB
dist/assets/Article-DOVUPsvD.js                                  1.22 kB │ gzip:   0.52 kB
dist/assets/Article-DVrvsfrn3.js                                 1.22 kB │ gzip:   0.52 kB
dist/assets/Article-DWKXThs1.js                                  1.22 kB │ gzip:   0.52 kB
dist/assets/Article-DY98z9Kw2.js                                 1.22 kB │ gzip:   0.52 kB
dist/assets/Article-DZn5zt-q.js                                  1.22 kB │ gzip:   0.52 kB
dist/assets/Article-DuInpr0e.js                                  1.22 kB │ gzip:   0.52 kB
dist/assets/Article-Dxqg5csa2.js                                 1.22 kB │ gzip:   0.52 kB
dist/assets/Article-IkTbPF7m2.js                                 1.22 kB │ gzip:   0.52 kB
dist/assets/Article-PlIFwmKG.js                                  1.22 kB │ gzip:   0.52 kB
dist/assets/Article-YYqxoFpe2.js                                 1.22 kB │ gzip:   0.52 kB
dist/assets/Article-euIAZMtw.js                                  1.22 kB │ gzip:   0.52 kB
dist/assets/Article-tOBAA81j3.js                                 1.22 kB │ gzip:   0.52 kB
dist/assets/Article-troWztza2.js                                 1.22 kB │ gzip:   0.52 kB
dist/assets/Article-xXjqvCLM.js                                  1.22 kB │ gzip:   0.52 kB
dist/assets/Article-1OEu7Vfm2.js                                 1.22 kB │ gzip:   0.52 kB
dist/assets/Article-B23gSwBl.js                                  1.22 kB │ gzip:   0.52 kB
dist/assets/Article-BAbqtCxA.js                                  1.22 kB │ gzip:   0.53 kB
dist/assets/Article-BLpRWKZ0.js                                  1.22 kB │ gzip:   0.52 kB
dist/assets/Article-BPYg-4KE.js                                  1.22 kB │ gzip:   0.52 kB
dist/assets/Article-BTLbCOLD.js                                  1.22 kB │ gzip:   0.53 kB
dist/assets/Article-BTMVtW22.js                                  1.22 kB │ gzip:   0.52 kB
dist/assets/Article-BY58Di_r.js                                  1.22 kB │ gzip:   0.52 kB
dist/assets/Article-Ba6uGAqr.js                                  1.22 kB │ gzip:   0.52 kB
dist/assets/Article-BmWpYrSK2.js                                 1.22 kB │ gzip:   0.52 kB
dist/assets/Article-C6zYRfCu3.js                                 1.22 kB │ gzip:   0.52 kB
dist/assets/Article-CZcIJNA4.js                                  1.22 kB │ gzip:   0.52 kB
dist/assets/Article-CbRpQAXe2.js                                 1.22 kB │ gzip:   0.52 kB
dist/assets/Article-CdeN_C-P.js                                  1.22 kB │ gzip:   0.52 kB
dist/assets/Article-CgMqD7d22.js                                 1.22 kB │ gzip:   0.53 kB
dist/assets/Article-Cks0BJgk.js                                  1.22 kB │ gzip:   0.53 kB
dist/assets/Article-Cs9ewn_l.js                                  1.22 kB │ gzip:   0.53 kB
dist/assets/Article-D3KQCBXl.js                                  1.22 kB │ gzip:   0.53 kB
dist/assets/Article-D3mXcgu0.js                                  1.22 kB │ gzip:   0.52 kB
dist/assets/Article-D5kqWjxT.js                                  1.22 kB │ gzip:   0.52 kB
dist/assets/Article-DBS_1zYa.js                                  1.22 kB │ gzip:   0.52 kB
dist/assets/Article-DBq81I0C.js                                  1.22 kB │ gzip:   0.53 kB
dist/assets/Article-DBycWCJz.js                                  1.22 kB │ gzip:   0.53 kB
dist/assets/Article-DGS03Cp_2.js                                 1.22 kB │ gzip:   0.53 kB
dist/assets/Article-DKbxl3TP.js                                  1.22 kB │ gzip:   0.52 kB
dist/assets/Article-DO-5uFKI.js                                  1.22 kB │ gzip:   0.52 kB
dist/assets/Article-DSXyKvNY.js                                  1.22 kB │ gzip:   0.52 kB
dist/assets/Article-DXjXyobu.js                                  1.22 kB │ gzip:   0.52 kB
dist/assets/Article-DnRlC18i2.js                                 1.22 kB │ gzip:   0.52 kB
dist/assets/Article-Dqm4GzhF2.js                                 1.22 kB │ gzip:   0.52 kB
dist/assets/Article-GdM1n0pA2.js                                 1.22 kB │ gzip:   0.52 kB
dist/assets/Article-QFRorwWL2.js                                 1.22 kB │ gzip:   0.52 kB
dist/assets/Article-SahsIXyQ.js                                  1.22 kB │ gzip:   0.53 kB
dist/assets/Article-B2ImG8E83.js                                 1.22 kB │ gzip:   0.52 kB
dist/assets/Article-BFEVQbAy.js                                  1.22 kB │ gzip:   0.52 kB
dist/assets/Article-BYScJc692.js                                 1.22 kB │ gzip:   0.52 kB
dist/assets/Article-Bx6g230_.js                                  1.22 kB │ gzip:   0.52 kB
dist/assets/Article-C1G9YKWZ2.js                                 1.22 kB │ gzip:   0.52 kB
dist/assets/Article-C26VHNce2.js                                 1.22 kB │ gzip:   0.52 kB
dist/assets/Article-Cop_8m0G.js                                  1.22 kB │ gzip:   0.52 kB
dist/assets/Article-Cq_iZO6-2.js                                 1.22 kB │ gzip:   0.53 kB
dist/assets/Article-D2xM-NlX2.js                                 1.22 kB │ gzip:   0.52 kB
dist/assets/Article-D3v14pMg2.js                                 1.22 kB │ gzip:   0.53 kB
dist/assets/Article-DkfTRSWS.js                                  1.22 kB │ gzip:   0.52 kB
dist/assets/Article-DuCukiBt2.js                                 1.22 kB │ gzip:   0.52 kB
dist/assets/Article-DzjwyPRF2.js                                 1.22 kB │ gzip:   0.52 kB
dist/assets/Article-PF7TzRNG.js                                  1.22 kB │ gzip:   0.52 kB
dist/assets/Article-UGmiKmsO2.js                                 1.22 kB │ gzip:   0.52 kB
dist/assets/Article-gQ-VCGLu2.js                                 1.22 kB │ gzip:   0.52 kB
dist/assets/Article-iRGBFvUw4.js                                 1.22 kB │ gzip:   0.52 kB
dist/assets/Article-uNLVzWco.js                                  1.22 kB │ gzip:   0.52 kB
dist/assets/Article-ARHSItUc.js                                  1.23 kB │ gzip:   0.52 kB
dist/assets/Article-B1KXfKws2.js                                 1.23 kB │ gzip:   0.52 kB
dist/assets/Article-BQH4M3-r2.js                                 1.23 kB │ gzip:   0.52 kB
dist/assets/Article-BzGxWLvH.js                                  1.23 kB │ gzip:   0.52 kB
dist/assets/Article-C-UEcy1t.js                                  1.23 kB │ gzip:   0.52 kB
dist/assets/Article-C4KDseDy.js                                  1.23 kB │ gzip:   0.52 kB
dist/assets/Article-C9jODZXv2.js                                 1.23 kB │ gzip:   0.52 kB
dist/assets/Article-CFAkob3r2.js                                 1.23 kB │ gzip:   0.52 kB
dist/assets/Article-CMhYxSL2.js                                  1.23 kB │ gzip:   0.53 kB
dist/assets/Article-Cjg_EpKQ2.js                                 1.23 kB │ gzip:   0.52 kB
dist/assets/Article-CnFAmAEt2.js                                 1.23 kB │ gzip:   0.52 kB
dist/assets/Article-D04dYpD1.js                                  1.23 kB │ gzip:   0.52 kB
dist/assets/Article-DAlM1I-X.js                                  1.23 kB │ gzip:   0.52 kB
dist/assets/Article-DF4blmfy2.js                                 1.23 kB │ gzip:   0.52 kB
dist/assets/Article-DH0M2Iaa2.js                                 1.23 kB │ gzip:   0.52 kB
dist/assets/Article-DH6VBe542.js                                 1.23 kB │ gzip:   0.52 kB
dist/assets/Article-DQdnTZ8Y.js                                  1.23 kB │ gzip:   0.52 kB
dist/assets/Article-Dobho283.js                                  1.23 kB │ gzip:   0.53 kB
dist/assets/Article-Dp6_DVSZ.js                                  1.23 kB │ gzip:   0.52 kB
dist/assets/Article-Gv2wD8M72.js                                 1.23 kB │ gzip:   0.52 kB
dist/assets/Article-JMoQG8Go.js                                  1.23 kB │ gzip:   0.52 kB
dist/assets/Article-K4MhBnsu.js                                  1.23 kB │ gzip:   0.52 kB
dist/assets/Article-RHywJ3JP3.js                                 1.23 kB │ gzip:   0.52 kB
dist/assets/Article-SeadjAq32.js                                 1.23 kB │ gzip:   0.52 kB
dist/assets/Article-XCdhTSdm2.js                                 1.23 kB │ gzip:   0.52 kB
dist/assets/Article-jQSbALvL.js                                  1.23 kB │ gzip:   0.52 kB
dist/assets/Article-tEWDIJg-.js                                  1.23 kB │ gzip:   0.52 kB
dist/assets/Article-wJ9mlWKv.js                                  1.23 kB │ gzip:   0.52 kB
dist/assets/Article-0Y3AkPfa.js                                  1.23 kB │ gzip:   0.53 kB
dist/assets/Article-3p83lYNn2.js                                 1.23 kB │ gzip:   0.52 kB
dist/assets/Article-B-d1wSSZ.js                                  1.23 kB │ gzip:   0.52 kB
dist/assets/Article-B6Hal9AF2.js                                 1.23 kB │ gzip:   0.52 kB
dist/assets/Article-B6KbGkDc2.js                                 1.23 kB │ gzip:   0.53 kB
dist/assets/Article-BRaHIDDf.js                                  1.23 kB │ gzip:   0.52 kB
dist/assets/Article-BYQxCU9u.js                                  1.23 kB │ gzip:   0.52 kB
dist/assets/Article-BfThuEci.js                                  1.23 kB │ gzip:   0.53 kB
dist/assets/Article-BiOIqadr2.js                                 1.23 kB │ gzip:   0.52 kB
dist/assets/Article-BowBkTJZ.js                                  1.23 kB │ gzip:   0.52 kB
dist/assets/Article-Bvu3mVQM.js                                  1.23 kB │ gzip:   0.52 kB
dist/assets/Article-C4cBQxnq3.js                                 1.23 kB │ gzip:   0.52 kB
dist/assets/Article-C9VZm3YN.js                                  1.23 kB │ gzip:   0.52 kB
dist/assets/Article-CF-mpyGc.js                                  1.23 kB │ gzip:   0.53 kB
dist/assets/Article-CN4FY__z.js                                  1.23 kB │ gzip:   0.52 kB
dist/assets/Article-CQZnPiYe.js                                  1.23 kB │ gzip:   0.52 kB
dist/assets/Article-CRjUa62x2.js                                 1.23 kB │ gzip:   0.52 kB
dist/assets/Article-CSkQhueJ.js                                  1.23 kB │ gzip:   0.52 kB
dist/assets/Article-CjusyQxC2.js                                 1.23 kB │ gzip:   0.52 kB
dist/assets/Article-Ct0uc8VI2.js                                 1.23 kB │ gzip:   0.52 kB
dist/assets/Article-CxtKYxE12.js                                 1.23 kB │ gzip:   0.52 kB
dist/assets/Article-D12Gq-UT.js                                  1.23 kB │ gzip:   0.52 kB
dist/assets/Article-D2KU6MEo.js                                  1.23 kB │ gzip:   0.52 kB
dist/assets/Article-D38N95Ok2.js                                 1.23 kB │ gzip:   0.52 kB
dist/assets/Article-D3EB0ITa4.js                                 1.23 kB │ gzip:   0.52 kB
dist/assets/Article-DF96Q5zP.js                                  1.23 kB │ gzip:   0.53 kB
dist/assets/Article-DJ90p_D82.js                                 1.23 kB │ gzip:   0.52 kB
dist/assets/Article-D_Is_edl.js                                  1.23 kB │ gzip:   0.52 kB
dist/assets/Article-Dc4ULvar.js                                  1.23 kB │ gzip:   0.52 kB
dist/assets/Article-De0ElhK12.js                                 1.23 kB │ gzip:   0.53 kB
dist/assets/Article-Dm35m1662.js                                 1.23 kB │ gzip:   0.52 kB
dist/assets/Article-GKBACYoc.js                                  1.23 kB │ gzip:   0.52 kB
dist/assets/Article-Hxqlvu1a3.js                                 1.23 kB │ gzip:   0.52 kB
dist/assets/Article-InEhX6lX2.js                                 1.23 kB │ gzip:   0.52 kB
dist/assets/Article-SOoX4jx_.js                                  1.23 kB │ gzip:   0.53 kB
dist/assets/Article-VHqPZMyH2.js                                 1.23 kB │ gzip:   0.52 kB
dist/assets/Article-YtJHSLIO3.js                                 1.23 kB │ gzip:   0.52 kB
dist/assets/Article-mX9_bw2E.js                                  1.23 kB │ gzip:   0.52 kB
dist/assets/Article-oJ3akuh_.js                                  1.23 kB │ gzip:   0.53 kB
dist/assets/Article-BGG5ddnZ2.js                                 1.23 kB │ gzip:   0.52 kB
dist/assets/Article-BIQjuxFn.js                                  1.23 kB │ gzip:   0.52 kB
dist/assets/Article-CLXYrJzQ3.js                                 1.23 kB │ gzip:   0.53 kB
dist/assets/Article-CVgBvuZV.js                                  1.23 kB │ gzip:   0.52 kB
dist/assets/Article-Cdx_84LQ3.js                                 1.23 kB │ gzip:   0.52 kB
dist/assets/Article-Ceodw5e32.js                                 1.23 kB │ gzip:   0.53 kB
dist/assets/Article-D0PJxq1O2.js                                 1.23 kB │ gzip:   0.53 kB
dist/assets/Article-DD0MtdVh2.js                                 1.23 kB │ gzip:   0.52 kB
dist/assets/Article-DEVzN41Z.js                                  1.23 kB │ gzip:   0.53 kB
dist/assets/Article-PmQVduL_.js                                  1.23 kB │ gzip:   0.52 kB
dist/assets/Article-cxXwBNXg2.js                                 1.23 kB │ gzip:   0.52 kB
dist/assets/Article-nYjSFZ9F3.js                                 1.23 kB │ gzip:   0.52 kB
dist/assets/Article--eQnITc5.js                                  1.23 kB │ gzip:   0.52 kB
dist/assets/Article-26qmK5s0.js                                  1.23 kB │ gzip:   0.52 kB
dist/assets/Article-BGBgG9WB.js                                  1.23 kB │ gzip:   0.53 kB
dist/assets/Article-BW6P44P92.js                                 1.23 kB │ gzip:   0.53 kB
dist/assets/Article-BfVSK9F9.js                                  1.23 kB │ gzip:   0.52 kB
dist/assets/Article-Bg0wwaRC.js                                  1.23 kB │ gzip:   0.52 kB
dist/assets/Article-BjPzY2_N.js                                  1.23 kB │ gzip:   0.52 kB
dist/assets/Article-BjRNaQi9.js                                  1.23 kB │ gzip:   0.53 kB
dist/assets/Article-CVvDNjY02.js                                 1.23 kB │ gzip:   0.53 kB
dist/assets/Article-CXqSiuSk4.js                                 1.23 kB │ gzip:   0.53 kB
dist/assets/Article-CrCTbosV3.js                                 1.23 kB │ gzip:   0.53 kB
dist/assets/Article-Cx_OZN702.js                                 1.23 kB │ gzip:   0.52 kB
dist/assets/Article-D3qOg7W5.js                                  1.23 kB │ gzip:   0.52 kB
dist/assets/Article-D4bKOYjn.js                                  1.23 kB │ gzip:   0.52 kB
dist/assets/Article-D8MZmjLu2.js                                 1.23 kB │ gzip:   0.52 kB
dist/assets/Article-DCavmTfO.js                                  1.23 kB │ gzip:   0.53 kB
dist/assets/Article-DQqrO27d.js                                  1.23 kB │ gzip:   0.52 kB
dist/assets/Article-Du0BUvin.js                                  1.23 kB │ gzip:   0.52 kB
dist/assets/Article-DxWl-xep2.js                                 1.23 kB │ gzip:   0.53 kB
dist/assets/Article-ESmr4EaG2.js                                 1.23 kB │ gzip:   0.53 kB
dist/assets/Article-IpUXz011.js                                  1.23 kB │ gzip:   0.52 kB
dist/assets/Article-NyWmrQIf2.js                                 1.23 kB │ gzip:   0.52 kB
dist/assets/Article-SjotUL3h.js                                  1.23 kB │ gzip:   0.52 kB
dist/assets/Article-gtNwrFIY2.js                                 1.23 kB │ gzip:   0.52 kB
dist/assets/Article-nfiy_h9L.js                                  1.23 kB │ gzip:   0.52 kB
dist/assets/Article--60_7EeX.js                                  1.23 kB │ gzip:   0.52 kB
dist/assets/Article-7Fvd5CeU.js                                  1.23 kB │ gzip:   0.53 kB
dist/assets/Article-B-hlb6oy.js                                  1.23 kB │ gzip:   0.53 kB
dist/assets/Article-Bc-iBQkQ.js                                  1.23 kB │ gzip:   0.52 kB
dist/assets/Article-BeXoiYy54.js                                 1.23 kB │ gzip:   0.52 kB
dist/assets/Article-Bpmta4qo.js                                  1.23 kB │ gzip:   0.52 kB
dist/assets/Article-BtaVuRzD2.js                                 1.23 kB │ gzip:   0.52 kB
dist/assets/Article-C3Q6Be7S3.js                                 1.23 kB │ gzip:   0.52 kB
dist/assets/Article-CEjaVqTp.js                                  1.23 kB │ gzip:   0.53 kB
dist/assets/Article-CYN7MGXH.js                                  1.23 kB │ gzip:   0.53 kB
dist/assets/Article-D70ux5wl2.js                                 1.23 kB │ gzip:   0.52 kB
dist/assets/Article-DIu8ObB6.js                                  1.23 kB │ gzip:   0.52 kB
dist/assets/Article-DLNx-fnA2.js                                 1.23 kB │ gzip:   0.53 kB
dist/assets/Article-DaIsuUaw2.js                                 1.23 kB │ gzip:   0.53 kB
dist/assets/Article-DdMoOrlq2.js                                 1.23 kB │ gzip:   0.52 kB
dist/assets/Article-Gg8tIPPG.js                                  1.23 kB │ gzip:   0.52 kB
dist/assets/Article-VU7SG17O.js                                  1.23 kB │ gzip:   0.52 kB
dist/assets/Article-YI-ZZaAe.js                                  1.23 kB │ gzip:   0.53 kB
dist/assets/Article-nvFhvkNv.js                                  1.23 kB │ gzip:   0.52 kB
dist/assets/Article-5qH58ADT2.js                                 1.23 kB │ gzip:   0.52 kB
dist/assets/Article-B0Us8fdv2.js                                 1.23 kB │ gzip:   0.52 kB
dist/assets/Article-B64q0Qb-.js                                  1.23 kB │ gzip:   0.53 kB
dist/assets/Article-B9On-af62.js                                 1.23 kB │ gzip:   0.52 kB
dist/assets/Article-BLN1IEDa2.js                                 1.23 kB │ gzip:   0.52 kB
dist/assets/Article-BfZ6QNQL.js                                  1.23 kB │ gzip:   0.52 kB
dist/assets/Article-BqVi7bk-2.js                                 1.23 kB │ gzip:   0.52 kB
dist/assets/Article-CLUb2zwH.js                                  1.23 kB │ gzip:   0.53 kB
dist/assets/Article-CbPl8bDp3.js                                 1.23 kB │ gzip:   0.53 kB
dist/assets/Article-CeLcdDT42.js                                 1.23 kB │ gzip:   0.52 kB
dist/assets/Article-Chp5eHFc2.js                                 1.23 kB │ gzip:   0.52 kB
dist/assets/Article-Cirosi1h2.js                                 1.23 kB │ gzip:   0.52 kB
dist/assets/Article-CqKItb7g2.js                                 1.23 kB │ gzip:   0.52 kB
dist/assets/Article-Cv8Vk0Rx2.js                                 1.23 kB │ gzip:   0.52 kB
dist/assets/Article-DEv1Ssf-.js                                  1.23 kB │ gzip:   0.52 kB
dist/assets/Article-DHhwnNx82.js                                 1.23 kB │ gzip:   0.53 kB
dist/assets/Article-DHsjKu2m.js                                  1.23 kB │ gzip:   0.52 kB
dist/assets/Article-DZxe_dUF4.js                                 1.23 kB │ gzip:   0.52 kB
dist/assets/Article-I139P4rF2.js                                 1.23 kB │ gzip:   0.52 kB
dist/assets/Article-KnwmoP7S2.js                                 1.23 kB │ gzip:   0.53 kB
dist/assets/Article-MEloEt9M2.js                                 1.23 kB │ gzip:   0.52 kB
dist/assets/Article-OlpE_zFo2.js                                 1.23 kB │ gzip:   0.53 kB
dist/assets/Article-XcPKbMEh.js                                  1.23 kB │ gzip:   0.52 kB
dist/assets/Article-YMqDgvyJ.js                                  1.23 kB │ gzip:   0.52 kB
dist/assets/Article-Z3925c7t2.js                                 1.23 kB │ gzip:   0.53 kB
dist/assets/Article-kOI8m83Z4.js                                 1.23 kB │ gzip:   0.52 kB
dist/assets/Article-0JSOcbqN4.js                                 1.23 kB │ gzip:   0.53 kB
dist/assets/Article-29Ysu_k-.js                                  1.23 kB │ gzip:   0.52 kB
dist/assets/Article-5gjXPfKr.js                                  1.23 kB │ gzip:   0.53 kB
dist/assets/Article-B-wEYVHn.js                                  1.23 kB │ gzip:   0.52 kB
dist/assets/Article-B4is3gAo.js                                  1.23 kB │ gzip:   0.52 kB
dist/assets/Article-BS4TedJ42.js                                 1.23 kB │ gzip:   0.53 kB
dist/assets/Article-BazTMKgj.js                                  1.23 kB │ gzip:   0.52 kB
dist/assets/Article-Bc056cRd.js                                  1.23 kB │ gzip:   0.52 kB
dist/assets/Article-BclY6eM_.js                                  1.23 kB │ gzip:   0.52 kB
dist/assets/Article-BjKL23E1.js                                  1.23 kB │ gzip:   0.52 kB
dist/assets/Article-Bnb4g2dt.js                                  1.23 kB │ gzip:   0.53 kB
dist/assets/Article-C3PW_3_2.js                                  1.23 kB │ gzip:   0.53 kB
dist/assets/Article-CMkGgKnj.js                                  1.23 kB │ gzip:   0.52 kB
dist/assets/Article-CXiQ_2632.js                                 1.23 kB │ gzip:   0.52 kB
dist/assets/Article-Ce59jzYk2.js                                 1.23 kB │ gzip:   0.53 kB
dist/assets/Article-CmN6DWkD2.js                                 1.23 kB │ gzip:   0.52 kB
dist/assets/Article-Cn633C83.js                                  1.23 kB │ gzip:   0.53 kB
dist/assets/Article-CnrODTmB.js                                  1.23 kB │ gzip:   0.52 kB
dist/assets/Article-Cq2KAeiA2.js                                 1.23 kB │ gzip:   0.52 kB
dist/assets/Article-D-o9GSms.js                                  1.23 kB │ gzip:   0.52 kB
dist/assets/Article-D3kGRSpA.js                                  1.23 kB │ gzip:   0.52 kB
dist/assets/Article-DBjPvTpb.js                                  1.23 kB │ gzip:   0.52 kB
dist/assets/Article-DFtiC6CW.js                                  1.23 kB │ gzip:   0.53 kB
dist/assets/Article-DGOQvndc2.js                                 1.23 kB │ gzip:   0.52 kB
dist/assets/Article-DJ5FJXai2.js                                 1.23 kB │ gzip:   0.53 kB
dist/assets/Article-DO_WIlT-.js                                  1.23 kB │ gzip:   0.52 kB
dist/assets/Article-DP8VcyEm.js                                  1.23 kB │ gzip:   0.52 kB
dist/assets/Article-DXSAyyiq2.js                                 1.23 kB │ gzip:   0.52 kB
dist/assets/Article-Dn1XEisO2.js                                 1.23 kB │ gzip:   0.52 kB
dist/assets/Article-Du0uLbFD2.js                                 1.23 kB │ gzip:   0.52 kB
dist/assets/Article-GAOOnv94.js                                  1.23 kB │ gzip:   0.52 kB
dist/assets/Article-GqKE1Ixc.js                                  1.23 kB │ gzip:   0.53 kB
dist/assets/Article-NCoFRqry3.js                                 1.23 kB │ gzip:   0.53 kB
dist/assets/Article-STEUUtvf.js                                  1.23 kB │ gzip:   0.53 kB
dist/assets/Article-XqDRrOMA.js                                  1.23 kB │ gzip:   0.52 kB
dist/assets/Article-mMqG07CI3.js                                 1.23 kB │ gzip:   0.53 kB
dist/assets/Article-ptar-8HH.js                                  1.23 kB │ gzip:   0.52 kB
dist/assets/Article-tDQa828b.js                                  1.23 kB │ gzip:   0.52 kB
dist/assets/Article-yZ4lCzXH2.js                                 1.23 kB │ gzip:   0.53 kB
dist/assets/Article-2pyMs7ZG3.js                                 1.23 kB │ gzip:   0.53 kB
dist/assets/Article-B1Bb-55h.js                                  1.23 kB │ gzip:   0.52 kB
dist/assets/Article-B4v2DFTr2.js                                 1.23 kB │ gzip:   0.53 kB
dist/assets/Article-BJJEwPzC2.js                                 1.23 kB │ gzip:   0.53 kB
dist/assets/Article-BVc7I9TE2.js                                 1.23 kB │ gzip:   0.53 kB
dist/assets/Article-B_o8v8B7.js                                  1.23 kB │ gzip:   0.53 kB
dist/assets/Article-BgK3lOcN.js                                  1.23 kB │ gzip:   0.53 kB
dist/assets/Article-BlEppNU-.js                                  1.23 kB │ gzip:   0.53 kB
dist/assets/Article-Bzuku-d9.js                                  1.23 kB │ gzip:   0.52 kB
dist/assets/Article-C0KUQkn22.js                                 1.23 kB │ gzip:   0.53 kB
dist/assets/Article-C2tGnznn.js                                  1.23 kB │ gzip:   0.53 kB
dist/assets/Article-C7v6baR62.js                                 1.23 kB │ gzip:   0.52 kB
dist/assets/Article-CBYOS1dp.js                                  1.23 kB │ gzip:   0.53 kB
dist/assets/Article-CCDDdgGS2.js                                 1.23 kB │ gzip:   0.53 kB
dist/assets/Article-CCh7kaEN.js                                  1.23 kB │ gzip:   0.52 kB
dist/assets/Article-CM6PoXdM.js                                  1.23 kB │ gzip:   0.52 kB
dist/assets/Article-CRHlhHFJ2.js                                 1.23 kB │ gzip:   0.53 kB
dist/assets/Article-CSZFhRMV.js                                  1.23 kB │ gzip:   0.52 kB
dist/assets/Article-Cck7xL06.js                                  1.23 kB │ gzip:   0.52 kB
dist/assets/Article-Cfxirpka2.js                                 1.23 kB │ gzip:   0.53 kB
dist/assets/Article-Cl9ow63T.js                                  1.23 kB │ gzip:   0.53 kB
dist/assets/Article-CmZRVkEC2.js                                 1.23 kB │ gzip:   0.53 kB
dist/assets/Article-CqHUSciY.js                                  1.23 kB │ gzip:   0.52 kB
dist/assets/Article-D0ZyrwBB2.js                                 1.23 kB │ gzip:   0.52 kB
dist/assets/Article-D5Cp79Ij.js                                  1.23 kB │ gzip:   0.52 kB
dist/assets/Article-DAHNHB1c2.js                                 1.23 kB │ gzip:   0.53 kB
dist/assets/Article-DHYYUV3M2.js                                 1.23 kB │ gzip:   0.53 kB
dist/assets/Article-DJOkwV9I.js                                  1.23 kB │ gzip:   0.53 kB
dist/assets/Article-Dfx06yWL3.js                                 1.23 kB │ gzip:   0.53 kB
dist/assets/Article-DjgUSRa0.js                                  1.23 kB │ gzip:   0.52 kB
dist/assets/Article-DnEunf7t.js                                  1.23 kB │ gzip:   0.52 kB
dist/assets/Article-DtEhkHbl.js                                  1.23 kB │ gzip:   0.52 kB
dist/assets/Article-Du340s_z3.js                                 1.23 kB │ gzip:   0.53 kB
dist/assets/Article-FX5vy3IA2.js                                 1.23 kB │ gzip:   0.53 kB
dist/assets/Article-OPuxVQRj2.js                                 1.23 kB │ gzip:   0.52 kB
dist/assets/Article-QZaUYIzC3.js                                 1.23 kB │ gzip:   0.53 kB
dist/assets/Article-Ree56rAn.js                                  1.23 kB │ gzip:   0.52 kB
dist/assets/Article-VAb8vFSX2.js                                 1.23 kB │ gzip:   0.53 kB
dist/assets/Article-VsBg1jQo2.js                                 1.23 kB │ gzip:   0.53 kB
dist/assets/Article-XROcchOq.js                                  1.23 kB │ gzip:   0.53 kB
dist/assets/Article-blLZCxvG.js                                  1.23 kB │ gzip:   0.53 kB
dist/assets/Article-edUXakos3.js                                 1.23 kB │ gzip:   0.52 kB
dist/assets/Article-fAlhtvFn.js                                  1.23 kB │ gzip:   0.53 kB
dist/assets/Article-ha9MiRWq.js                                  1.23 kB │ gzip:   0.52 kB
dist/assets/Article-x7LV8ZJ_2.js                                 1.23 kB │ gzip:   0.53 kB
dist/assets/Article-y15N7NGZ2.js                                 1.23 kB │ gzip:   0.52 kB
dist/assets/Article--0VUe0_4.js                                  1.23 kB │ gzip:   0.52 kB
dist/assets/Article-BHNdkmBV.js                                  1.23 kB │ gzip:   0.53 kB
dist/assets/Article-BTnV7vrn2.js                                 1.23 kB │ gzip:   0.52 kB
dist/assets/Article-BVk7VN6u.js                                  1.23 kB │ gzip:   0.52 kB
dist/assets/Article-Bhicr7yr3.js                                 1.23 kB │ gzip:   0.53 kB
dist/assets/Article-C719WZdK2.js                                 1.23 kB │ gzip:   0.52 kB
dist/assets/Article-C8BQYvle.js                                  1.23 kB │ gzip:   0.52 kB
dist/assets/Article-CQ4I8Tmr.js                                  1.23 kB │ gzip:   0.52 kB
dist/assets/Article-CRlDegVF.js                                  1.23 kB │ gzip:   0.53 kB
dist/assets/Article-CSZstZkl2.js                                 1.23 kB │ gzip:   0.53 kB
dist/assets/Article-Clealyza.js                                  1.23 kB │ gzip:   0.53 kB
dist/assets/Article-Cp6GfrUd.js                                  1.23 kB │ gzip:   0.52 kB
dist/assets/Article-CpeTkhYv.js                                  1.23 kB │ gzip:   0.52 kB
dist/assets/Article-CvsHSJxV2.js                                 1.23 kB │ gzip:   0.53 kB
dist/assets/Article-Cw52WU3l2.js                                 1.23 kB │ gzip:   0.52 kB
dist/assets/Article-CxPiKQ2h.js                                  1.23 kB │ gzip:   0.53 kB
dist/assets/Article-D1dFGKR0.js                                  1.23 kB │ gzip:   0.52 kB
dist/assets/Article-DEHNpkFm.js                                  1.23 kB │ gzip:   0.53 kB
dist/assets/Article-DIor_1tp.js                                  1.23 kB │ gzip:   0.53 kB
dist/assets/Article-DNqLtKv32.js                                 1.23 kB │ gzip:   0.53 kB
dist/assets/Article-DPRkWi5m.js                                  1.23 kB │ gzip:   0.53 kB
dist/assets/Article-DS3SoNli.js                                  1.23 kB │ gzip:   0.53 kB
dist/assets/Article-Du4tm2c5.js                                  1.23 kB │ gzip:   0.52 kB
dist/assets/Article-DyTMwvM3.js                                  1.23 kB │ gzip:   0.53 kB
dist/assets/Article-XuI9g4XR.js                                  1.23 kB │ gzip:   0.52 kB
dist/assets/Article-aL1VCpKi2.js                                 1.23 kB │ gzip:   0.53 kB
dist/assets/Article-leWefpsN3.js                                 1.23 kB │ gzip:   0.53 kB
dist/assets/Article-xwHt92iI.js                                  1.23 kB │ gzip:   0.52 kB
dist/assets/Article-2I-i2V6s3.js                                 1.23 kB │ gzip:   0.53 kB
dist/assets/Article-2e7q8WAE2.js                                 1.23 kB │ gzip:   0.53 kB
dist/assets/Article-8Af05li7.js                                  1.23 kB │ gzip:   0.52 kB
dist/assets/Article-B-tbZ3tK.js                                  1.23 kB │ gzip:   0.53 kB
dist/assets/Article-B3pdgbWs.js                                  1.23 kB │ gzip:   0.52 kB
dist/assets/Article-B8V4sE6_2.js                                 1.23 kB │ gzip:   0.52 kB
dist/assets/Article-BACmwZpo.js                                  1.23 kB │ gzip:   0.52 kB
dist/assets/Article-BDOft3ja2.js                                 1.23 kB │ gzip:   0.52 kB
dist/assets/Article-BG960oVr.js                                  1.23 kB │ gzip:   0.52 kB
dist/assets/Article-BMFYkAcp.js                                  1.23 kB │ gzip:   0.52 kB
dist/assets/Article-BTRj1rUK3.js                                 1.23 kB │ gzip:   0.52 kB
dist/assets/Article-BUHm8l8K2.js                                 1.23 kB │ gzip:   0.53 kB
dist/assets/Article-BWgb3ez9.js                                  1.23 kB │ gzip:   0.52 kB
dist/assets/Article-B_Qr73bS.js                                  1.23 kB │ gzip:   0.53 kB
dist/assets/Article-BdbyNavh2.js                                 1.23 kB │ gzip:   0.52 kB
dist/assets/Article-Bo3348SU3.js                                 1.23 kB │ gzip:   0.52 kB
dist/assets/Article-BsgM2pGo3.js                                 1.23 kB │ gzip:   0.52 kB
dist/assets/Article-Bv2E7jq42.js                                 1.23 kB │ gzip:   0.53 kB
dist/assets/Article-CEXdoJFD2.js                                 1.23 kB │ gzip:   0.53 kB
dist/assets/Article-CGBHddV12.js                                 1.23 kB │ gzip:   0.52 kB
dist/assets/Article-CKI1sv0d.js                                  1.23 kB │ gzip:   0.52 kB
dist/assets/Article-ClWzne_z2.js                                 1.23 kB │ gzip:   0.53 kB
dist/assets/Article-CsFsx5Dv2.js                                 1.23 kB │ gzip:   0.52 kB
dist/assets/Article-D5Y_ZKmx.js                                  1.23 kB │ gzip:   0.53 kB
dist/assets/Article-D6J1s3xC3.js                                 1.23 kB │ gzip:   0.52 kB
dist/assets/Article-D7CqNSnL.js                                  1.23 kB │ gzip:   0.53 kB
dist/assets/Article-D8remscG3.js                                 1.23 kB │ gzip:   0.53 kB
dist/assets/Article-D9qzrMWL2.js                                 1.23 kB │ gzip:   0.52 kB
dist/assets/Article-DEtqcNKI3.js                                 1.23 kB │ gzip:   0.52 kB
dist/assets/Article-DGWaMCpQ4.js                                 1.23 kB │ gzip:   0.53 kB
dist/assets/Article-DHXUR-qG.js                                  1.23 kB │ gzip:   0.52 kB
dist/assets/Article-DHcDOgl_2.js                                 1.23 kB │ gzip:   0.53 kB
dist/assets/Article-DTgPtQdI.js                                  1.23 kB │ gzip:   0.52 kB
dist/assets/Article-DbTTbqZN.js                                  1.23 kB │ gzip:   0.52 kB
dist/assets/Article-Ddi68Put.js                                  1.23 kB │ gzip:   0.53 kB
dist/assets/Article-DgXSJRgB.js                                  1.23 kB │ gzip:   0.53 kB
dist/assets/Article-DwpbYoU-.js                                  1.23 kB │ gzip:   0.53 kB
dist/assets/Article-RPirty5i2.js                                 1.23 kB │ gzip:   0.53 kB
dist/assets/Article-RcTlIWdW2.js                                 1.23 kB │ gzip:   0.53 kB
dist/assets/Article-V5BSObuH2.js                                 1.23 kB │ gzip:   0.53 kB
dist/assets/Article-WECHVKrN4.js                                 1.23 kB │ gzip:   0.53 kB
dist/assets/Article-b2kRd4J2.js                                  1.23 kB │ gzip:   0.53 kB
dist/assets/Article-clG0Oksy2.js                                 1.23 kB │ gzip:   0.53 kB
dist/assets/Article-d3Xq3HkR.js                                  1.23 kB │ gzip:   0.53 kB
dist/assets/Article-qznM8Pl74.js                                 1.23 kB │ gzip:   0.53 kB
dist/assets/Article-yyj2DNLt.js                                  1.23 kB │ gzip:   0.53 kB
dist/assets/Article-z-yv66OG3.js                                 1.23 kB │ gzip:   0.52 kB
dist/assets/Article--MUtYDiq2.js                                 1.24 kB │ gzip:   0.52 kB
dist/assets/Article-6By8zoUS2.js                                 1.24 kB │ gzip:   0.52 kB
dist/assets/Article-8b59-SLE3.js                                 1.24 kB │ gzip:   0.53 kB
dist/assets/Article-B2hVEELe.js                                  1.24 kB │ gzip:   0.52 kB
dist/assets/Article-B4f-QXxd.js                                  1.24 kB │ gzip:   0.52 kB
dist/assets/Article-B5SiCyO62.js                                 1.24 kB │ gzip:   0.53 kB
dist/assets/Article-B6TDLWt_.js                                  1.24 kB │ gzip:   0.53 kB
dist/assets/Article-B9fnyUo62.js                                 1.24 kB │ gzip:   0.52 kB
dist/assets/Article-BGJMVw5X.js                                  1.24 kB │ gzip:   0.53 kB
dist/assets/Article-BIvspi-w.js                                  1.24 kB │ gzip:   0.52 kB
dist/assets/Article-BK_lXeUv2.js                                 1.24 kB │ gzip:   0.53 kB
dist/assets/Article-BOM_c6w_2.js                                 1.24 kB │ gzip:   0.53 kB
dist/assets/Article-BZtPOeWt2.js                                 1.24 kB │ gzip:   0.53 kB
dist/assets/Article-BfYfEFIx.js                                  1.24 kB │ gzip:   0.53 kB
dist/assets/Article-Bg3ZnuNQ2.js                                 1.24 kB │ gzip:   0.53 kB
dist/assets/Article-BkSopsxT2.js                                 1.24 kB │ gzip:   0.52 kB
dist/assets/Article-C1IgJKuE2.js                                 1.24 kB │ gzip:   0.52 kB
dist/assets/Article-CFMtyGp5.js                                  1.24 kB │ gzip:   0.52 kB
dist/assets/Article-CXtVXNi92.js                                 1.24 kB │ gzip:   0.53 kB
dist/assets/Article-Cf8cGA7a2.js                                 1.24 kB │ gzip:   0.52 kB
dist/assets/Article-ChcjrVWT3.js                                 1.24 kB │ gzip:   0.53 kB
dist/assets/Article-CwXsjb1a.js                                  1.24 kB │ gzip:   0.52 kB
dist/assets/Article-D-RO3bRD.js                                  1.24 kB │ gzip:   0.52 kB
dist/assets/Article-D1uOQJvG.js                                  1.24 kB │ gzip:   0.52 kB
dist/assets/Article-D8s0aBXs3.js                                 1.24 kB │ gzip:   0.52 kB
dist/assets/Article-DCWmccGP2.js                                 1.24 kB │ gzip:   0.52 kB
dist/assets/Article-DCchN8kn.js                                  1.24 kB │ gzip:   0.52 kB
dist/assets/Article-DGy3ZEou3.js                                 1.24 kB │ gzip:   0.52 kB
dist/assets/Article-DH20sFy62.js                                 1.24 kB │ gzip:   0.53 kB
dist/assets/Article-DOEgIJdf3.js                                 1.24 kB │ gzip:   0.53 kB
dist/assets/Article-DRAcEfls2.js                                 1.24 kB │ gzip:   0.52 kB
dist/assets/Article-DRnzcGX8.js                                  1.24 kB │ gzip:   0.52 kB
dist/assets/Article-DUQshhHo2.js                                 1.24 kB │ gzip:   0.52 kB
dist/assets/Article-DVUh-ZS_3.js                                 1.24 kB │ gzip:   0.52 kB
dist/assets/Article-DheBWCK6.js                                  1.24 kB │ gzip:   0.53 kB
dist/assets/Article-Dom-rK1Z.js                                  1.24 kB │ gzip:   0.52 kB
dist/assets/Article-Dpk1c0jo.js                                  1.24 kB │ gzip:   0.52 kB
dist/assets/Article-DpxbAgN6.js                                  1.24 kB │ gzip:   0.52 kB
dist/assets/Article-Dw7ruWLB2.js                                 1.24 kB │ gzip:   0.53 kB
dist/assets/Article-Gri8CKxu.js                                  1.24 kB │ gzip:   0.52 kB
dist/assets/Article-OlKRxqKs.js                                  1.24 kB │ gzip:   0.53 kB
dist/assets/Article-T4JmTew34.js                                 1.24 kB │ gzip:   0.52 kB
dist/assets/Article-a8JuObMT.js                                  1.24 kB │ gzip:   0.52 kB
dist/assets/Article-cZcAr8ok.js                                  1.24 kB │ gzip:   0.53 kB
dist/assets/Article-sQ4qtx_X3.js                                 1.24 kB │ gzip:   0.53 kB
dist/assets/Article-tlRMvpWR.js                                  1.24 kB │ gzip:   0.52 kB
dist/assets/Article--D0G2MTh2.js                                 1.24 kB │ gzip:   0.53 kB
dist/assets/Article-88eQkTdk.js                                  1.24 kB │ gzip:   0.52 kB
dist/assets/Article-BACYYxpG.js                                  1.24 kB │ gzip:   0.52 kB
dist/assets/Article-BDGSIifw.js                                  1.24 kB │ gzip:   0.52 kB
dist/assets/Article-BIOWnUnA3.js                                 1.24 kB │ gzip:   0.53 kB
dist/assets/Article-BLX8O5I5.js                                  1.24 kB │ gzip:   0.52 kB
dist/assets/Article-BSphjyQK.js                                  1.24 kB │ gzip:   0.53 kB
dist/assets/Article-BdxhpE0r3.js                                 1.24 kB │ gzip:   0.52 kB
dist/assets/Article-Bes_BsEK2.js                                 1.24 kB │ gzip:   0.53 kB
dist/assets/Article-Bkx5O5JR2.js                                 1.24 kB │ gzip:   0.53 kB
dist/assets/Article-BleTHfNl.js                                  1.24 kB │ gzip:   0.52 kB
dist/assets/Article-BmvWPcWb3.js                                 1.24 kB │ gzip:   0.53 kB
dist/assets/Article-C-9q4kzK.js                                  1.24 kB │ gzip:   0.53 kB
dist/assets/Article-C2NCkxum4.js                                 1.24 kB │ gzip:   0.53 kB
dist/assets/Article-C2eNPkFU2.js                                 1.24 kB │ gzip:   0.53 kB
dist/assets/Article-C3q9J-DH.js                                  1.24 kB │ gzip:   0.53 kB
dist/assets/Article-C6hcgwDB2.js                                 1.24 kB │ gzip:   0.53 kB
dist/assets/Article-C6jm8TXa3.js                                 1.24 kB │ gzip:   0.53 kB
dist/assets/Article-C8ogJvBA.js                                  1.24 kB │ gzip:   0.52 kB
dist/assets/Article-CFRlXHUA.js                                  1.24 kB │ gzip:   0.52 kB
dist/assets/Article-CNXTIwwh.js                                  1.24 kB │ gzip:   0.52 kB
dist/assets/Article-COXsZYkm.js                                  1.24 kB │ gzip:   0.52 kB
dist/assets/Article-ChrgXtgc.js                                  1.24 kB │ gzip:   0.53 kB
dist/assets/Article-CjjZxwNs.js                                  1.24 kB │ gzip:   0.52 kB
dist/assets/Article-CkO3tcaG2.js                                 1.24 kB │ gzip:   0.53 kB
dist/assets/Article-CuHq6K1D2.js                                 1.24 kB │ gzip:   0.52 kB
dist/assets/Article-D3FwCyNd2.js                                 1.24 kB │ gzip:   0.52 kB
dist/assets/Article-D42_6PV-.js                                  1.24 kB │ gzip:   0.52 kB
dist/assets/Article-D4XLGxRB2.js                                 1.24 kB │ gzip:   0.52 kB
dist/assets/Article-DFmiDVWZ.js                                  1.24 kB │ gzip:   0.52 kB
dist/assets/Article-DL97Cc9B.js                                  1.24 kB │ gzip:   0.52 kB
dist/assets/Article-DMrRBaxF.js                                  1.24 kB │ gzip:   0.53 kB
dist/assets/Article-DSl046Z9.js                                  1.24 kB │ gzip:   0.52 kB
dist/assets/Article-DUttF44h.js                                  1.24 kB │ gzip:   0.52 kB
dist/assets/Article-DY1JosxD.js                                  1.24 kB │ gzip:   0.52 kB
dist/assets/Article-DZob7kiB.js                                  1.24 kB │ gzip:   0.52 kB
dist/assets/Article-DdiCOqBp2.js                                 1.24 kB │ gzip:   0.52 kB
dist/assets/Article-Ded9kqUR.js                                  1.24 kB │ gzip:   0.52 kB
dist/assets/Article-DffL_fzS.js                                  1.24 kB │ gzip:   0.52 kB
dist/assets/Article-DoPzLa3s.js                                  1.24 kB │ gzip:   0.53 kB
dist/assets/Article-DsFyFZlv2.js                                 1.24 kB │ gzip:   0.53 kB
dist/assets/Article-EvXSW8GC.js                                  1.24 kB │ gzip:   0.53 kB
dist/assets/Article-FEhE_4-52.js                                 1.24 kB │ gzip:   0.53 kB
dist/assets/Article-FhhAvlJk.js                                  1.24 kB │ gzip:   0.52 kB
dist/assets/Article-JO7ZFxf3.js                                  1.24 kB │ gzip:   0.52 kB
dist/assets/Article-Lf2LYqpf.js                                  1.24 kB │ gzip:   0.52 kB
dist/assets/Article-OENMElYs2.js                                 1.24 kB │ gzip:   0.52 kB
dist/assets/Article-Uj6P2Zs3.js                                  1.24 kB │ gzip:   0.52 kB
dist/assets/Article-VPQQoVAO2.js                                 1.24 kB │ gzip:   0.53 kB
dist/assets/Article-_dN7rRyG.js                                  1.24 kB │ gzip:   0.52 kB
dist/assets/Article-jLD35Ns6.js                                  1.24 kB │ gzip:   0.52 kB
dist/assets/Article-n5UFu9Tq2.js                                 1.24 kB │ gzip:   0.52 kB
dist/assets/Article-o2guCVB23.js                                 1.24 kB │ gzip:   0.52 kB
dist/assets/Article-rlKIql0w3.js                                 1.24 kB │ gzip:   0.53 kB
dist/assets/Article-uI1q-umz.js                                  1.24 kB │ gzip:   0.52 kB
dist/assets/Article-vvIHYE5n.js                                  1.24 kB │ gzip:   0.52 kB
dist/assets/Article-zb5o3eh7.js                                  1.24 kB │ gzip:   0.52 kB
dist/assets/Article-BE8lcmCX.js                                  1.24 kB │ gzip:   0.53 kB
dist/assets/Article-Bag0CF15.js                                  1.24 kB │ gzip:   0.52 kB
dist/assets/Article-BwkAZP_q3.js                                 1.24 kB │ gzip:   0.52 kB
dist/assets/Article-C6fO6B3-.js                                  1.24 kB │ gzip:   0.53 kB
dist/assets/Article-C6jzqvr-2.js                                 1.24 kB │ gzip:   0.52 kB
dist/assets/Article-CNaJpwkb.js                                  1.24 kB │ gzip:   0.52 kB
dist/assets/Article-C_gkLFw43.js                                 1.24 kB │ gzip:   0.52 kB
dist/assets/Article-CbXAeZZH.js                                  1.24 kB │ gzip:   0.52 kB
dist/assets/Article-CblPnuG-.js                                  1.24 kB │ gzip:   0.52 kB
dist/assets/Article-CgnVj42I.js                                  1.24 kB │ gzip:   0.53 kB
dist/assets/Article-CrBkBj2C.js                                  1.24 kB │ gzip:   0.52 kB
dist/assets/Article-Cs8_ifLy.js                                  1.24 kB │ gzip:   0.52 kB
dist/assets/Article-Cwks1buc4.js                                 1.24 kB │ gzip:   0.53 kB
dist/assets/Article-D-S2-yL1.js                                  1.24 kB │ gzip:   0.52 kB
dist/assets/Article-D7DcN5eM2.js                                 1.24 kB │ gzip:   0.53 kB
dist/assets/Article-D7QRQjPS.js                                  1.24 kB │ gzip:   0.52 kB
dist/assets/Article-DBflhr8u.js                                  1.24 kB │ gzip:   0.52 kB
dist/assets/Article-DFfZswwR4.js                                 1.24 kB │ gzip:   0.53 kB
dist/assets/Article-DNO3B3gu.js                                  1.24 kB │ gzip:   0.53 kB
dist/assets/Article-DS6dAg9J4.js                                 1.24 kB │ gzip:   0.53 kB
dist/assets/Article-DSe-gt_N.js                                  1.24 kB │ gzip:   0.53 kB
dist/assets/Article-DVhxapgA4.js                                 1.24 kB │ gzip:   0.53 kB
dist/assets/Article-DXwoIs6R.js                                  1.24 kB │ gzip:   0.52 kB
dist/assets/Article-DYj7Lzhh.js                                  1.24 kB │ gzip:   0.52 kB
dist/assets/Article-Dl8Nsd9I.js                                  1.24 kB │ gzip:   0.52 kB
dist/assets/Article-Dp_Zytg9.js                                  1.24 kB │ gzip:   0.52 kB
dist/assets/Article-I09fMHLV.js                                  1.24 kB │ gzip:   0.53 kB
dist/assets/Article-VeutTd4O.js                                  1.24 kB │ gzip:   0.52 kB
dist/assets/Article-nrgnn2zt.js                                  1.24 kB │ gzip:   0.53 kB
dist/assets/Article-t6FioMRy.js                                  1.24 kB │ gzip:   0.53 kB
dist/assets/Article-1-xKQGO92.js                                 1.24 kB │ gzip:   0.52 kB
dist/assets/Article-1BeVYzkV2.js                                 1.24 kB │ gzip:   0.53 kB
dist/assets/Article-3C6QbTUj.js                                  1.24 kB │ gzip:   0.53 kB
dist/assets/Article-55gM_7uI2.js                                 1.24 kB │ gzip:   0.53 kB
dist/assets/Article-B2R9WGMk4.js                                 1.24 kB │ gzip:   0.52 kB
dist/assets/Article-B6vvKrek2.js                                 1.24 kB │ gzip:   0.53 kB
dist/assets/Article-B8-vCaom.js                                  1.24 kB │ gzip:   0.53 kB
dist/assets/Article-BB4hLKp13.js                                 1.24 kB │ gzip:   0.52 kB
dist/assets/Article-BGQakcNN.js                                  1.24 kB │ gzip:   0.53 kB
dist/assets/Article-BHHHNqo-4.js                                 1.24 kB │ gzip:   0.52 kB
dist/assets/Article-BZF3Cheb.js                                  1.24 kB │ gzip:   0.52 kB
dist/assets/Article-Bcnqksp_.js                                  1.24 kB │ gzip:   0.53 kB
dist/assets/Article-BmfHOg_T4.js                                 1.24 kB │ gzip:   0.52 kB
dist/assets/Article-BrpH88zQ.js                                  1.24 kB │ gzip:   0.52 kB
dist/assets/Article-BvRPpNup.js                                  1.24 kB │ gzip:   0.53 kB
dist/assets/Article-C5HKdvxg.js                                  1.24 kB │ gzip:   0.52 kB
dist/assets/Article-C8_SrJMv.js                                  1.24 kB │ gzip:   0.53 kB
dist/assets/Article-C9CK9Ge9.js                                  1.24 kB │ gzip:   0.52 kB
dist/assets/Article-CKcW3cRA.js                                  1.24 kB │ gzip:   0.53 kB
dist/assets/Article-CS2Cp5TI.js                                  1.24 kB │ gzip:   0.52 kB
dist/assets/Article-CVzXJ1IG.js                                  1.24 kB │ gzip:   0.52 kB
dist/assets/Article-CXlEDAeU.js                                  1.24 kB │ gzip:   0.52 kB
dist/assets/Article-Cb84BN-S.js                                  1.24 kB │ gzip:   0.53 kB
dist/assets/Article-CfQ8czpx2.js                                 1.24 kB │ gzip:   0.53 kB
dist/assets/Article-ChjBZi0t2.js                                 1.24 kB │ gzip:   0.52 kB
dist/assets/Article-Cs7BQ_713.js                                 1.24 kB │ gzip:   0.52 kB
dist/assets/Article-CvZxVcI52.js                                 1.24 kB │ gzip:   0.52 kB
dist/assets/Article-CyRZ8Aei2.js                                 1.24 kB │ gzip:   0.53 kB
dist/assets/Article-D-0a0uGc.js                                  1.24 kB │ gzip:   0.52 kB
dist/assets/Article-DKRlybZV.js                                  1.24 kB │ gzip:   0.52 kB
dist/assets/Article-DQWK0O-K.js                                  1.24 kB │ gzip:   0.53 kB
dist/assets/Article-DTaPmxz-2.js                                 1.24 kB │ gzip:   0.53 kB
dist/assets/Article-DU6NaIEV3.js                                 1.24 kB │ gzip:   0.52 kB
dist/assets/Article-D_O7s_S6.js                                  1.24 kB │ gzip:   0.53 kB
dist/assets/Article-DbB1Nmh53.js                                 1.24 kB │ gzip:   0.52 kB
dist/assets/Article-Dio-VOHT.js                                  1.24 kB │ gzip:   0.52 kB
dist/assets/Article-Dk5mxrSc.js                                  1.24 kB │ gzip:   0.52 kB
dist/assets/Article-DpU3IjKJ.js                                  1.24 kB │ gzip:   0.52 kB
dist/assets/Article-DzPVocK82.js                                 1.24 kB │ gzip:   0.52 kB
dist/assets/Article-Fk0XGeOx2.js                                 1.24 kB │ gzip:   0.52 kB
dist/assets/Article-IYqp52iS.js                                  1.24 kB │ gzip:   0.53 kB
dist/assets/Article-NHAlTLIo.js                                  1.24 kB │ gzip:   0.52 kB
dist/assets/Article-Nx4K_dOx.js                                  1.24 kB │ gzip:   0.52 kB
dist/assets/Article-Oh30tYEg.js                                  1.24 kB │ gzip:   0.53 kB
dist/assets/Article-TGVmDUpq2.js                                 1.24 kB │ gzip:   0.53 kB
dist/assets/Article-gCsPabN54.js                                 1.24 kB │ gzip:   0.52 kB
dist/assets/Article-gdcsQ6zc.js                                  1.24 kB │ gzip:   0.52 kB
dist/assets/Article-kIZHBJM32.js                                 1.24 kB │ gzip:   0.53 kB
dist/assets/Article-wu_gJl_u.js                                  1.24 kB │ gzip:   0.54 kB
dist/assets/Article-AUwhm-s13.js                                 1.24 kB │ gzip:   0.53 kB
dist/assets/Article-B8iwvcnr.js                                  1.24 kB │ gzip:   0.52 kB
dist/assets/Article-BA5HGlx62.js                                 1.24 kB │ gzip:   0.53 kB
dist/assets/Article-BUH0pNHU2.js                                 1.24 kB │ gzip:   0.52 kB
dist/assets/Article-BWUkNwSe.js                                  1.24 kB │ gzip:   0.52 kB
dist/assets/Article-Bc0uwU-8.js                                  1.24 kB │ gzip:   0.52 kB
dist/assets/Article-Bhxa56LR.js                                  1.24 kB │ gzip:   0.52 kB
dist/assets/Article-Bhz-JjRd2.js                                 1.24 kB │ gzip:   0.53 kB
dist/assets/Article-BjMeXeMJ.js                                  1.24 kB │ gzip:   0.52 kB
dist/assets/Article-Bojk4S7M.js                                  1.24 kB │ gzip:   0.52 kB
dist/assets/Article-BpXgc9oQ.js                                  1.24 kB │ gzip:   0.52 kB
dist/assets/Article-BrSsw5BU2.js                                 1.24 kB │ gzip:   0.52 kB
dist/assets/Article-Bv6sBIXy2.js                                 1.24 kB │ gzip:   0.53 kB
dist/assets/Article-BvMhnAkl.js                                  1.24 kB │ gzip:   0.52 kB
dist/assets/Article-BwY89GEq3.js                                 1.24 kB │ gzip:   0.52 kB
dist/assets/Article-BxulccaW.js                                  1.24 kB │ gzip:   0.53 kB
dist/assets/Article-C1Mlhxzm.js                                  1.24 kB │ gzip:   0.53 kB
dist/assets/Article-C1mCtzIr.js                                  1.24 kB │ gzip:   0.52 kB
dist/assets/Article-CEX0qktm.js                                  1.24 kB │ gzip:   0.52 kB
dist/assets/Article-CFHCFr3P2.js                                 1.24 kB │ gzip:   0.53 kB
dist/assets/Article-CGsS7joU.js                                  1.24 kB │ gzip:   0.53 kB
dist/assets/Article-COY6GHWr.js                                  1.24 kB │ gzip:   0.53 kB
dist/assets/Article-COgurT3k2.js                                 1.24 kB │ gzip:   0.53 kB
dist/assets/Article-CjWEli8w.js                                  1.24 kB │ gzip:   0.52 kB
dist/assets/Article-Ckf_71X9.js                                  1.24 kB │ gzip:   0.52 kB
dist/assets/Article-CoV7EnJt.js                                  1.24 kB │ gzip:   0.53 kB
dist/assets/Article-CpBIs_eV.js                                  1.24 kB │ gzip:   0.52 kB
dist/assets/Article-Ct0RLE_P2.js                                 1.24 kB │ gzip:   0.53 kB
dist/assets/Article-D0cRALaL.js                                  1.24 kB │ gzip:   0.53 kB
dist/assets/Article-D1LQBDUq.js                                  1.24 kB │ gzip:   0.52 kB
dist/assets/Article-D8GuUELX4.js                                 1.24 kB │ gzip:   0.53 kB
dist/assets/Article-DF0azsYe3.js                                 1.24 kB │ gzip:   0.53 kB
dist/assets/Article-DFEk2cMf2.js                                 1.24 kB │ gzip:   0.53 kB
dist/assets/Article-DFh68QR22.js                                 1.24 kB │ gzip:   0.53 kB
dist/assets/Article-DSt1yutw2.js                                 1.24 kB │ gzip:   0.52 kB
dist/assets/Article-DUKipZfx.js                                  1.24 kB │ gzip:   0.52 kB
dist/assets/Article-DWuB3bGN3.js                                 1.24 kB │ gzip:   0.52 kB
dist/assets/Article-Dea_PiQC.js                                  1.24 kB │ gzip:   0.53 kB
dist/assets/Article-JOqDh-ti2.js                                 1.24 kB │ gzip:   0.52 kB
dist/assets/Article-NxPlwUA6.js                                  1.24 kB │ gzip:   0.52 kB
dist/assets/Article-TYLKK8kK.js                                  1.24 kB │ gzip:   0.52 kB
dist/assets/Article-Wi3vE8VZ.js                                  1.24 kB │ gzip:   0.52 kB
dist/assets/Article-ctbahtE14.js                                 1.24 kB │ gzip:   0.53 kB
dist/assets/Article-p9kXLN6m.js                                  1.24 kB │ gzip:   0.53 kB
dist/assets/Article-q5S0LWgE2.js                                 1.24 kB │ gzip:   0.52 kB
dist/assets/Article-xskhsM4c.js                                  1.24 kB │ gzip:   0.52 kB
dist/assets/Article-1-98Z4Zk3.js                                 1.24 kB │ gzip:   0.52 kB
dist/assets/Article-9hOktkIg.js                                  1.24 kB │ gzip:   0.53 kB
dist/assets/Article-9rfDDGJO.js                                  1.24 kB │ gzip:   0.53 kB
dist/assets/Article-ArV5J5jd2.js                                 1.24 kB │ gzip:   0.53 kB
dist/assets/Article-B5nPhdN-.js                                  1.24 kB │ gzip:   0.52 kB
dist/assets/Article-BLiJCQon4.js                                 1.24 kB │ gzip:   0.53 kB
dist/assets/Article-BRKwbUEU2.js                                 1.24 kB │ gzip:   0.53 kB
dist/assets/Article-BaEwPXhK4.js                                 1.24 kB │ gzip:   0.53 kB
dist/assets/Article-BdHWXFnm.js                                  1.24 kB │ gzip:   0.52 kB
dist/assets/Article-BskZSqXw2.js                                 1.24 kB │ gzip:   0.53 kB
dist/assets/Article-Bvz3GGTI3.js                                 1.24 kB │ gzip:   0.53 kB
dist/assets/Article-Bxz-kOyg.js                                  1.24 kB │ gzip:   0.52 kB
dist/assets/Article-C6iO8aam2.js                                 1.24 kB │ gzip:   0.52 kB
dist/assets/Article-CRSvL7FP.js                                  1.24 kB │ gzip:   0.52 kB
dist/assets/Article-CUOx_OtR.js                                  1.24 kB │ gzip:   0.53 kB
dist/assets/Article-CpkpIOEp4.js                                 1.24 kB │ gzip:   0.52 kB
dist/assets/Article-CplVbBSH2.js                                 1.24 kB │ gzip:   0.53 kB
dist/assets/Article-CzKI-1MP2.js                                 1.24 kB │ gzip:   0.52 kB
dist/assets/Article-D7yDN_6W3.js                                 1.24 kB │ gzip:   0.53 kB
dist/assets/Article-DAsqHtv73.js                                 1.24 kB │ gzip:   0.54 kB
dist/assets/Article-DSgLWSdY.js                                  1.24 kB │ gzip:   0.53 kB
dist/assets/Article-D_NIHPCl2.js                                 1.24 kB │ gzip:   0.53 kB
dist/assets/Article-KM4ihfzK.js                                  1.24 kB │ gzip:   0.52 kB
dist/assets/Article-PtE5ftuT4.js                                 1.24 kB │ gzip:   0.52 kB
dist/assets/Article-gWeCLQDQ.js                                  1.24 kB │ gzip:   0.52 kB
dist/assets/Article-op-WD6hv.js                                  1.24 kB │ gzip:   0.52 kB
dist/assets/Article-sdoUyXbd2.js                                 1.24 kB │ gzip:   0.53 kB
dist/assets/Article-0FslHQVI.js                                  1.24 kB │ gzip:   0.52 kB
dist/assets/Article-2FtzqaPE3.js                                 1.24 kB │ gzip:   0.52 kB
dist/assets/Article-4mwK2qYK.js                                  1.24 kB │ gzip:   0.52 kB
dist/assets/Article-B1C5f3Om.js                                  1.24 kB │ gzip:   0.52 kB
dist/assets/Article-B3jVZzW52.js                                 1.24 kB │ gzip:   0.52 kB
dist/assets/Article-B5LSGIaF.js                                  1.24 kB │ gzip:   0.53 kB
dist/assets/Article-B6l850Jg.js                                  1.24 kB │ gzip:   0.52 kB
dist/assets/Article-B9KfGn3i4.js                                 1.24 kB │ gzip:   0.53 kB
dist/assets/Article-BBH06X373.js                                 1.24 kB │ gzip:   0.52 kB
dist/assets/Article-BC40d5eg3.js                                 1.24 kB │ gzip:   0.52 kB
dist/assets/Article-BGyWjLaf.js                                  1.24 kB │ gzip:   0.52 kB
dist/assets/Article-BOHNTBX4.js                                  1.24 kB │ gzip:   0.53 kB
dist/assets/Article-BVLoOr5I2.js                                 1.24 kB │ gzip:   0.53 kB
dist/assets/Article-BWplLQ6o.js                                  1.24 kB │ gzip:   0.53 kB
dist/assets/Article-B_E-tiyH.js                                  1.24 kB │ gzip:   0.52 kB
dist/assets/Article-BeQ3eNbV.js                                  1.24 kB │ gzip:   0.53 kB
dist/assets/Article-BgtngXd02.js                                 1.24 kB │ gzip:   0.53 kB
dist/assets/Article-BirgeMAx.js                                  1.24 kB │ gzip:   0.52 kB
dist/assets/Article-Bm3JeL-6.js                                  1.24 kB │ gzip:   0.52 kB
dist/assets/Article-BpCSDFI34.js                                 1.24 kB │ gzip:   0.53 kB
dist/assets/Article-BrLfACbC4.js                                 1.24 kB │ gzip:   0.53 kB
dist/assets/Article-BtjoDj0Q2.js                                 1.24 kB │ gzip:   0.53 kB
dist/assets/Article-Bw5Z1kR22.js                                 1.24 kB │ gzip:   0.52 kB
dist/assets/Article-BwU9_CRM4.js                                 1.24 kB │ gzip:   0.52 kB
dist/assets/Article-C1JRBkaj.js                                  1.24 kB │ gzip:   0.53 kB
dist/assets/Article-C2h7JUoN.js                                  1.24 kB │ gzip:   0.53 kB
dist/assets/Article-CJPR0e4y3.js                                 1.24 kB │ gzip:   0.53 kB
dist/assets/Article-COxPd9e-3.js                                 1.24 kB │ gzip:   0.52 kB
dist/assets/Article-CQ0k8XcH4.js                                 1.24 kB │ gzip:   0.53 kB
dist/assets/Article-CUJqit1X.js                                  1.24 kB │ gzip:   0.53 kB
dist/assets/Article-Ceit51aB.js                                  1.24 kB │ gzip:   0.53 kB
dist/assets/Article-Cf4xPSP3.js                                  1.24 kB │ gzip:   0.52 kB
dist/assets/Article-CfFLH7F52.js                                 1.24 kB │ gzip:   0.52 kB
dist/assets/Article-CissHF0I.js                                  1.24 kB │ gzip:   0.53 kB
dist/assets/Article-Cj4WNGUH4.js                                 1.24 kB │ gzip:   0.53 kB
dist/assets/Article-Cubf2Cl7.js                                  1.24 kB │ gzip:   0.53 kB
dist/assets/Article-Cz3RAasP.js                                  1.24 kB │ gzip:   0.53 kB
dist/assets/Article-D4dyA8CR2.js                                 1.24 kB │ gzip:   0.52 kB
dist/assets/Article-D52mNE1D2.js                                 1.24 kB │ gzip:   0.52 kB
dist/assets/Article-D8HsrtQC2.js                                 1.24 kB │ gzip:   0.52 kB
dist/assets/Article-D9HOm80e.js                                  1.24 kB │ gzip:   0.53 kB
dist/assets/Article-DH_r3d5C3.js                                 1.24 kB │ gzip:   0.53 kB
dist/assets/Article-DLAc8l0V3.js                                 1.24 kB │ gzip:   0.53 kB
dist/assets/Article-DMo5IKZN2.js                                 1.24 kB │ gzip:   0.52 kB
dist/assets/Article-DOtH1Puv2.js                                 1.24 kB │ gzip:   0.53 kB
dist/assets/Article-DdmZF3ix.js                                  1.24 kB │ gzip:   0.52 kB
dist/assets/Article-Dhdj7-GB3.js                                 1.24 kB │ gzip:   0.53 kB
dist/assets/Article-DlzizS24.js                                  1.24 kB │ gzip:   0.52 kB
dist/assets/Article-Dmly2x2w.js                                  1.24 kB │ gzip:   0.53 kB
dist/assets/Article-Dn_x7ehb.js                                  1.24 kB │ gzip:   0.53 kB
dist/assets/Article-Dnskzfgc2.js                                 1.24 kB │ gzip:   0.52 kB
dist/assets/Article-DzHtXMBd4.js                                 1.24 kB │ gzip:   0.53 kB
dist/assets/Article-HQ5AazQI2.js                                 1.24 kB │ gzip:   0.53 kB
dist/assets/Article-KLik06Ef2.js                                 1.24 kB │ gzip:   0.52 kB
dist/assets/Article-VByJZDNa3.js                                 1.24 kB │ gzip:   0.53 kB
dist/assets/Article-l8LwYIWB3.js                                 1.24 kB │ gzip:   0.52 kB
dist/assets/Article-nM_hqmGx2.js                                 1.24 kB │ gzip:   0.53 kB
dist/assets/Article-t-Dcm1ub.js                                  1.24 kB │ gzip:   0.52 kB
dist/assets/Article-v7rphdBW2.js                                 1.24 kB │ gzip:   0.53 kB
dist/assets/Article-w-wDw_gO2.js                                 1.24 kB │ gzip:   0.53 kB
dist/assets/Article-8Yz2RsIi3.js                                 1.24 kB │ gzip:   0.54 kB
dist/assets/Article-B4vLu4952.js                                 1.24 kB │ gzip:   0.53 kB
dist/assets/Article-B7XRYDkq2.js                                 1.24 kB │ gzip:   0.52 kB
dist/assets/Article-BPau69_R.js                                  1.24 kB │ gzip:   0.52 kB
dist/assets/Article-BhHfmJG2.js                                  1.24 kB │ gzip:   0.52 kB
dist/assets/Article-BoBNfqfq4.js                                 1.24 kB │ gzip:   0.52 kB
dist/assets/Article-BtmXCzp8.js                                  1.24 kB │ gzip:   0.53 kB
dist/assets/Article-BvEEilYo.js                                  1.24 kB │ gzip:   0.52 kB
dist/assets/Article-BvTeVntX2.js                                 1.24 kB │ gzip:   0.53 kB
dist/assets/Article-BwyZ-jxL.js                                  1.24 kB │ gzip:   0.52 kB
dist/assets/Article-Bxzu9wBc2.js                                 1.24 kB │ gzip:   0.53 kB
dist/assets/Article-C0bKG26c2.js                                 1.24 kB │ gzip:   0.53 kB
dist/assets/Article-C9G0r5Ds3.js                                 1.24 kB │ gzip:   0.52 kB
dist/assets/Article-CCqY1SjZ.js                                  1.24 kB │ gzip:   0.52 kB
dist/assets/Article-CQJPecDR2.js                                 1.24 kB │ gzip:   0.52 kB
dist/assets/Article-CTI0SC9u.js                                  1.24 kB │ gzip:   0.53 kB
dist/assets/Article-CejDMYpG3.js                                 1.24 kB │ gzip:   0.52 kB
dist/assets/Article-Cn9zeARY.js                                  1.24 kB │ gzip:   0.52 kB
dist/assets/Article-CytJIFEQ.js                                  1.24 kB │ gzip:   0.52 kB
dist/assets/Article-D5JR-f5G2.js                                 1.24 kB │ gzip:   0.52 kB
dist/assets/Article-D8gNq3jd.js                                  1.24 kB │ gzip:   0.53 kB
dist/assets/Article-DGrabd2-.js                                  1.24 kB │ gzip:   0.53 kB
dist/assets/Article-DM17E-A9.js                                  1.24 kB │ gzip:   0.53 kB
dist/assets/Article-DNj_38XO2.js                                 1.24 kB │ gzip:   0.53 kB
dist/assets/Article-DlUcX5H1.js                                  1.24 kB │ gzip:   0.53 kB
dist/assets/Article-DvCoU2SL4.js                                 1.24 kB │ gzip:   0.53 kB
dist/assets/Article-DvxeOZBx.js                                  1.24 kB │ gzip:   0.52 kB
dist/assets/Article-G0_dEdrF.js                                  1.24 kB │ gzip:   0.52 kB
dist/assets/Article-QbddD6IU.js                                  1.24 kB │ gzip:   0.53 kB
dist/assets/Article-UtWvBZZA2.js                                 1.24 kB │ gzip:   0.53 kB
dist/assets/Article-UufohtFu4.js                                 1.24 kB │ gzip:   0.52 kB
dist/assets/Article-Ww0eQtMQ4.js                                 1.24 kB │ gzip:   0.52 kB
dist/assets/Article-bD61jP5J.js                                  1.24 kB │ gzip:   0.52 kB
dist/assets/Article-hoCurx5k.js                                  1.24 kB │ gzip:   0.53 kB
dist/assets/Article-xLT04TlD2.js                                 1.24 kB │ gzip:   0.53 kB
dist/assets/Article-6v4zwyWe3.js                                 1.24 kB │ gzip:   0.53 kB
dist/assets/Article-B5Ynh2GM4.js                                 1.24 kB │ gzip:   0.52 kB
dist/assets/Article-BClmp75I.js                                  1.24 kB │ gzip:   0.52 kB
dist/assets/Article-BFhaWXZ42.js                                 1.24 kB │ gzip:   0.52 kB
dist/assets/Article-BPG6vrCn2.js                                 1.24 kB │ gzip:   0.53 kB
dist/assets/Article-BPT8GUqA.js                                  1.24 kB │ gzip:   0.52 kB
dist/assets/Article-BS4CZFO_.js                                  1.24 kB │ gzip:   0.52 kB
dist/assets/Article-BZoWGVYZ.js                                  1.24 kB │ gzip:   0.52 kB
dist/assets/Article-B_IADyRE2.js                                 1.24 kB │ gzip:   0.52 kB
dist/assets/Article-BdEIoBBO.js                                  1.24 kB │ gzip:   0.53 kB
dist/assets/Article-BecyRc-W.js                                  1.24 kB │ gzip:   0.52 kB
dist/assets/Article-Bi721YmQ.js                                  1.24 kB │ gzip:   0.53 kB
dist/assets/Article-BkD06-HE2.js                                 1.24 kB │ gzip:   0.53 kB
dist/assets/Article-C4T7dWXg.js                                  1.24 kB │ gzip:   0.53 kB
dist/assets/Article-CMicn7Kq2.js                                 1.24 kB │ gzip:   0.53 kB
dist/assets/Article-COLrzJgm.js                                  1.24 kB │ gzip:   0.53 kB
dist/assets/Article-D79TW5dH2.js                                 1.24 kB │ gzip:   0.53 kB
dist/assets/Article-D7k94ikW2.js                                 1.24 kB │ gzip:   0.53 kB
dist/assets/Article-DDv28QHH4.js                                 1.24 kB │ gzip:   0.53 kB
dist/assets/Article-DGMf_YAL3.js                                 1.24 kB │ gzip:   0.53 kB
dist/assets/Article-DGdfkkJr.js                                  1.24 kB │ gzip:   0.53 kB
dist/assets/Article-DI0m-3FZ.js                                  1.24 kB │ gzip:   0.52 kB
dist/assets/Article-DJ7UnSE0.js                                  1.24 kB │ gzip:   0.53 kB
dist/assets/Article-DMar5w6f.js                                  1.24 kB │ gzip:   0.53 kB
dist/assets/Article-DWPIySVG.js                                  1.24 kB │ gzip:   0.52 kB
dist/assets/Article-DXx5BZDV.js                                  1.24 kB │ gzip:   0.53 kB
dist/assets/Article-DfbgEc7Q.js                                  1.24 kB │ gzip:   0.53 kB
dist/assets/Article-DgLa3EkI2.js                                 1.24 kB │ gzip:   0.53 kB
dist/assets/Article-DlYsQrKj.js                                  1.24 kB │ gzip:   0.52 kB
dist/assets/Article-DrKNunvD2.js                                 1.24 kB │ gzip:   0.53 kB
dist/assets/Article-DuyzcmjQ.js                                  1.24 kB │ gzip:   0.52 kB
dist/assets/Article-FP52ekdY.js                                  1.24 kB │ gzip:   0.52 kB
dist/assets/Article-K2_oRIcK.js                                  1.24 kB │ gzip:   0.53 kB
dist/assets/Article-Rof6YpB-.js                                  1.24 kB │ gzip:   0.52 kB
dist/assets/Article-UsqprIwU.js                                  1.24 kB │ gzip:   0.52 kB
dist/assets/Article-V3xeKyjT2.js                                 1.24 kB │ gzip:   0.53 kB
dist/assets/Article-Y5dCXW7B.js                                  1.24 kB │ gzip:   0.52 kB
dist/assets/Article-ZqZVdcty3.js                                 1.24 kB │ gzip:   0.52 kB
dist/assets/Article-bPONRNqz4.js                                 1.24 kB │ gzip:   0.52 kB
dist/assets/Article-tocXmYse3.js                                 1.24 kB │ gzip:   0.52 kB
dist/assets/Article--2_zN4pb2.js                                 1.24 kB │ gzip:   0.54 kB
dist/assets/Article-1I9Pct9I.js                                  1.24 kB │ gzip:   0.53 kB
dist/assets/Article-B-1rNTXx.js                                  1.24 kB │ gzip:   0.53 kB
dist/assets/Article-B0RWzttm.js                                  1.24 kB │ gzip:   0.53 kB
dist/assets/Article-BOGzxdhA.js                                  1.24 kB │ gzip:   0.52 kB
dist/assets/Article-BSDryOjV3.js                                 1.24 kB │ gzip:   0.53 kB
dist/assets/Article-BSoOR0-e.js                                  1.24 kB │ gzip:   0.53 kB
dist/assets/Article-BXBsu3vx4.js                                 1.24 kB │ gzip:   0.53 kB
dist/assets/Article-B_N5x8092.js                                 1.24 kB │ gzip:   0.53 kB
dist/assets/Article-BaQ0hhdo2.js                                 1.24 kB │ gzip:   0.53 kB
dist/assets/Article-BeBFzN9N2.js                                 1.24 kB │ gzip:   0.53 kB
dist/assets/Article-Brx11mvz2.js                                 1.24 kB │ gzip:   0.53 kB
dist/assets/Article-BxYLWcBI2.js                                 1.24 kB │ gzip:   0.53 kB
dist/assets/Article-Bz-ExOmK2.js                                 1.24 kB │ gzip:   0.53 kB
dist/assets/Article-CDTZmnos4.js                                 1.24 kB │ gzip:   0.53 kB
dist/assets/Article-CHdQrFxC.js                                  1.24 kB │ gzip:   0.53 kB
dist/assets/Article-CK9nuu2L4.js                                 1.24 kB │ gzip:   0.54 kB
dist/assets/Article-CKZXLCBp4.js                                 1.24 kB │ gzip:   0.53 kB
dist/assets/Article-CUEUWxEZ2.js                                 1.24 kB │ gzip:   0.53 kB
dist/assets/Article-CZNuBI_t.js                                  1.24 kB │ gzip:   0.53 kB
dist/assets/Article-Cca70YWz4.js                                 1.24 kB │ gzip:   0.53 kB
dist/assets/Article-CeN667uE2.js                                 1.24 kB │ gzip:   0.53 kB
dist/assets/Article-CiLmzH1G.js                                  1.24 kB │ gzip:   0.53 kB
dist/assets/Article-CkEendDx.js                                  1.24 kB │ gzip:   0.53 kB
dist/assets/Article-CmYUaLWv2.js                                 1.24 kB │ gzip:   0.53 kB
dist/assets/Article-Cn7xQhHW.js                                  1.24 kB │ gzip:   0.53 kB
dist/assets/Article-Cx_ZXApU3.js                                 1.24 kB │ gzip:   0.53 kB
dist/assets/Article-D1KqgShc4.js                                 1.24 kB │ gzip:   0.53 kB
dist/assets/Article-D31-0cg2.js                                  1.24 kB │ gzip:   0.53 kB
dist/assets/Article-DEihPP_C2.js                                 1.24 kB │ gzip:   0.53 kB
dist/assets/Article-DGYLdYss4.js                                 1.24 kB │ gzip:   0.53 kB
dist/assets/Article-DGrmcask2.js                                 1.24 kB │ gzip:   0.53 kB
dist/assets/Article-DL22mxgh.js                                  1.24 kB │ gzip:   0.53 kB
dist/assets/Article-DQEUQ9Xb2.js                                 1.24 kB │ gzip:   0.53 kB
dist/assets/Article-DUfEiISq2.js                                 1.24 kB │ gzip:   0.53 kB
dist/assets/Article-DmRclpYu4.js                                 1.24 kB │ gzip:   0.52 kB
dist/assets/Article-O9L3IWLs3.js                                 1.24 kB │ gzip:   0.53 kB
dist/assets/Article-UYOwBTZ-.js                                  1.24 kB │ gzip:   0.53 kB
dist/assets/Article-YEY9Oa7p.js                                  1.24 kB │ gzip:   0.53 kB
dist/assets/Article-ZTQ1tSP7.js                                  1.24 kB │ gzip:   0.53 kB
dist/assets/Article-aipySSso.js                                  1.24 kB │ gzip:   0.53 kB
dist/assets/Article-dNItd9tx.js                                  1.24 kB │ gzip:   0.53 kB
dist/assets/Article-jBRI6DRb2.js                                 1.24 kB │ gzip:   0.53 kB
dist/assets/Article--G_FsqRe2.js                                 1.25 kB │ gzip:   0.54 kB
dist/assets/Article-Aprfy67d.js                                  1.25 kB │ gzip:   0.53 kB
dist/assets/Article-AySKV0RD.js                                  1.25 kB │ gzip:   0.53 kB
dist/assets/Article-B4ACgtiq4.js                                 1.25 kB │ gzip:   0.54 kB
dist/assets/Article-B7xnpK9A2.js                                 1.25 kB │ gzip:   0.53 kB
dist/assets/Article-BCnyBYvL.js                                  1.25 kB │ gzip:   0.53 kB
dist/assets/Article-BDlLLUG7.js                                  1.25 kB │ gzip:   0.52 kB
dist/assets/Article-BHiiIgtm.js                                  1.25 kB │ gzip:   0.54 kB
dist/assets/Article-BJLadUyd.js                                  1.25 kB │ gzip:   0.52 kB
dist/assets/Article-BNCi-RV0.js                                  1.25 kB │ gzip:   0.52 kB
dist/assets/Article-BOpHmL0J3.js                                 1.25 kB │ gzip:   0.53 kB
dist/assets/Article-BP-UxGhV.js                                  1.25 kB │ gzip:   0.54 kB
dist/assets/Article-BR48NP9s.js                                  1.25 kB │ gzip:   0.53 kB
dist/assets/Article-BVfR76c_3.js                                 1.25 kB │ gzip:   0.53 kB
dist/assets/Article-BVfX-Weu2.js                                 1.25 kB │ gzip:   0.53 kB
dist/assets/Article-Bm88UufE.js                                  1.25 kB │ gzip:   0.53 kB
dist/assets/Article-BqixDHGp4.js                                 1.25 kB │ gzip:   0.53 kB
dist/assets/Article-BrjNrniE.js                                  1.25 kB │ gzip:   0.53 kB
dist/assets/Article-BtY8oZ5N.js                                  1.25 kB │ gzip:   0.53 kB
dist/assets/Article-C2nsneCm.js                                  1.25 kB │ gzip:   0.53 kB
dist/assets/Article-C3VxIsMO2.js                                 1.25 kB │ gzip:   0.53 kB
dist/assets/Article-C3eeZG1m2.js                                 1.25 kB │ gzip:   0.53 kB
dist/assets/Article-CCW3jTn62.js                                 1.25 kB │ gzip:   0.54 kB
dist/assets/Article-CCgW_PyF.js                                  1.25 kB │ gzip:   0.53 kB
dist/assets/Article-CGJ-PYgH4.js                                 1.25 kB │ gzip:   0.53 kB
dist/assets/Article-CLNixEy1.js                                  1.25 kB │ gzip:   0.53 kB
dist/assets/Article-C_rCY_mD2.js                                 1.25 kB │ gzip:   0.54 kB
dist/assets/Article-CdhDDVG6.js                                  1.25 kB │ gzip:   0.52 kB
dist/assets/Article-Ch898evr.js                                  1.25 kB │ gzip:   0.53 kB
dist/assets/Article-CrptC_GS.js                                  1.25 kB │ gzip:   0.52 kB
dist/assets/Article-CwBizmdB2.js                                 1.25 kB │ gzip:   0.53 kB
dist/assets/Article-D0DHEcwY3.js                                 1.25 kB │ gzip:   0.53 kB
dist/assets/Article-D3Cig0jA.js                                  1.25 kB │ gzip:   0.53 kB
dist/assets/Article-D8VMiwJZ2.js                                 1.25 kB │ gzip:   0.52 kB
dist/assets/Article-DGGPlDXT.js                                  1.25 kB │ gzip:   0.53 kB
dist/assets/Article-DR6VgbW_2.js                                 1.25 kB │ gzip:   0.53 kB
dist/assets/Article-DZC4gmR3.js                                  1.25 kB │ gzip:   0.53 kB
dist/assets/Article-Dg4I9HFA2.js                                 1.25 kB │ gzip:   0.52 kB
dist/assets/Article-DoCgwfAl2.js                                 1.25 kB │ gzip:   0.53 kB
dist/assets/Article-DpdILn-73.js                                 1.25 kB │ gzip:   0.54 kB
dist/assets/Article-DtFVQscN.js                                  1.25 kB │ gzip:   0.53 kB
dist/assets/Article-DuBsdTky.js                                  1.25 kB │ gzip:   0.53 kB
dist/assets/Article-DuQKKXL12.js                                 1.25 kB │ gzip:   0.53 kB
dist/assets/Article-DwkPc5f9.js                                  1.25 kB │ gzip:   0.53 kB
dist/assets/Article-HusH3oBy.js                                  1.25 kB │ gzip:   0.53 kB
dist/assets/Article-KxcUi2wr2.js                                 1.25 kB │ gzip:   0.52 kB
dist/assets/Article-PXg0zatq3.js                                 1.25 kB │ gzip:   0.53 kB
dist/assets/Article-baruyHvx.js                                  1.25 kB │ gzip:   0.53 kB
dist/assets/Article-sM0928pr.js                                  1.25 kB │ gzip:   0.52 kB
dist/assets/Article-zSoksne4.js                                  1.25 kB │ gzip:   0.52 kB
dist/assets/Article-8FLaV-oV3.js                                 1.25 kB │ gzip:   0.53 kB
dist/assets/Article-8vlxPR1f.js                                  1.25 kB │ gzip:   0.53 kB
dist/assets/Article-AZLybnrO2.js                                 1.25 kB │ gzip:   0.53 kB
dist/assets/Article-AqrgrJ0D3.js                                 1.25 kB │ gzip:   0.53 kB
dist/assets/Article-B-edWfse.js                                  1.25 kB │ gzip:   0.53 kB
dist/assets/Article-B0CoapsJ2.js                                 1.25 kB │ gzip:   0.53 kB
dist/assets/Article-B4ygOHCB2.js                                 1.25 kB │ gzip:   0.53 kB
dist/assets/Article-B7-hcg_O3.js                                 1.25 kB │ gzip:   0.53 kB
dist/assets/Article-BC7NfMPH2.js                                 1.25 kB │ gzip:   0.52 kB
dist/assets/Article-BCEfczlK.js                                  1.25 kB │ gzip:   0.53 kB
dist/assets/Article-BDta59OB.js                                  1.25 kB │ gzip:   0.53 kB
dist/assets/Article-BKJfGwiT3.js                                 1.25 kB │ gzip:   0.52 kB
dist/assets/Article-BRYn6RSk3.js                                 1.25 kB │ gzip:   0.52 kB
dist/assets/Article-BSy5JHqq.js                                  1.25 kB │ gzip:   0.53 kB
dist/assets/Article-BVaei7la.js                                  1.25 kB │ gzip:   0.52 kB
dist/assets/Article-BZ6V9zeU.js                                  1.25 kB │ gzip:   0.52 kB
dist/assets/Article-BZyr_iA1.js                                  1.25 kB │ gzip:   0.53 kB
dist/assets/Article-BfQaY0bw.js                                  1.25 kB │ gzip:   0.53 kB
dist/assets/Article-Br8TT1vb.js                                  1.25 kB │ gzip:   0.52 kB
dist/assets/Article-BrThsdZL4.js                                 1.25 kB │ gzip:   0.53 kB
dist/assets/Article-Br_2yAIi2.js                                 1.25 kB │ gzip:   0.53 kB
dist/assets/Article-Brba6l8f.js                                  1.25 kB │ gzip:   0.53 kB
dist/assets/Article-C1FkjsQc2.js                                 1.25 kB │ gzip:   0.52 kB
dist/assets/Article-C38AYwOT.js                                  1.25 kB │ gzip:   0.53 kB
dist/assets/Article-C4M_9WsA2.js                                 1.25 kB │ gzip:   0.52 kB
dist/assets/Article-C5o_EUgM.js                                  1.25 kB │ gzip:   0.52 kB
dist/assets/Article-C6cSh0We3.js                                 1.25 kB │ gzip:   0.53 kB
dist/assets/Article-C7mzdGSD.js                                  1.25 kB │ gzip:   0.52 kB
dist/assets/Article-C9MVvUfa2.js                                 1.25 kB │ gzip:   0.52 kB
dist/assets/Article-CBc1DkuH.js                                  1.25 kB │ gzip:   0.52 kB
dist/assets/Article-CC7m_WbJ.js                                  1.25 kB │ gzip:   0.52 kB
dist/assets/Article-CCzgAQCC2.js                                 1.25 kB │ gzip:   0.53 kB
dist/assets/Article-CE9k37HD.js                                  1.25 kB │ gzip:   0.53 kB
dist/assets/Article-CQcjEedH.js                                  1.25 kB │ gzip:   0.52 kB
dist/assets/Article-CVQJ_9Hp.js                                  1.25 kB │ gzip:   0.52 kB
dist/assets/Article-CefIwakr2.js                                 1.25 kB │ gzip:   0.52 kB
dist/assets/Article-Ch6pwwXh2.js                                 1.25 kB │ gzip:   0.52 kB
dist/assets/Article-CjOaj9TB.js                                  1.25 kB │ gzip:   0.52 kB
dist/assets/Article-CmCBDLGY.js                                  1.25 kB │ gzip:   0.53 kB
dist/assets/Article-D1oKvKEu.js                                  1.25 kB │ gzip:   0.52 kB
dist/assets/Article-D40g6Ele2.js                                 1.25 kB │ gzip:   0.52 kB
dist/assets/Article-D7DyNQBk.js                                  1.25 kB │ gzip:   0.53 kB
dist/assets/Article-D9dWk5dO.js                                  1.25 kB │ gzip:   0.53 kB
dist/assets/Article-DI2XRmix.js                                  1.25 kB │ gzip:   0.53 kB
dist/assets/Article-DIUFdzpY2.js                                 1.25 kB │ gzip:   0.53 kB
dist/assets/Article-DLtxVfmg3.js                                 1.25 kB │ gzip:   0.52 kB
dist/assets/Article-DSHJoDQb3.js                                 1.25 kB │ gzip:   0.53 kB
dist/assets/Article-DTm3OuCp.js                                  1.25 kB │ gzip:   0.53 kB
dist/assets/Article-DTxIOR0y.js                                  1.25 kB │ gzip:   0.52 kB
dist/assets/Article-DZ4-9uHb.js                                  1.25 kB │ gzip:   0.53 kB
dist/assets/Article-DZGUmJJr.js                                  1.25 kB │ gzip:   0.53 kB
dist/assets/Article-DZHwoRZD3.js                                 1.25 kB │ gzip:   0.52 kB
dist/assets/Article-DbWx4qyZ4.js                                 1.25 kB │ gzip:   0.53 kB
dist/assets/Article-DburDD3h2.js                                 1.25 kB │ gzip:   0.52 kB
dist/assets/Article-DcJd68RU.js                                  1.25 kB │ gzip:   0.52 kB
dist/assets/Article-De0U7WUO4.js                                 1.25 kB │ gzip:   0.52 kB
dist/assets/Article-DgaMd6xV2.js                                 1.25 kB │ gzip:   0.53 kB
dist/assets/Article-DjjRMLU43.js                                 1.25 kB │ gzip:   0.52 kB
dist/assets/Article-DkzJR1rI2.js                                 1.25 kB │ gzip:   0.53 kB
dist/assets/Article-Do0fCxOq2.js                                 1.25 kB │ gzip:   0.52 kB
dist/assets/Article-Dst01ICg2.js                                 1.25 kB │ gzip:   0.52 kB
dist/assets/Article-Dsum7G4I2.js                                 1.25 kB │ gzip:   0.53 kB
dist/assets/Article-DtGC6kt43.js                                 1.25 kB │ gzip:   0.52 kB
dist/assets/Article-Mi_TIiM-3.js                                 1.25 kB │ gzip:   0.53 kB
dist/assets/Article-R6FASZuC.js                                  1.25 kB │ gzip:   0.53 kB
dist/assets/Article-m1PKwVEa2.js                                 1.25 kB │ gzip:   0.52 kB
dist/assets/Article-qEch31P-.js                                  1.25 kB │ gzip:   0.53 kB
dist/assets/Article-u3cHAoob2.js                                 1.25 kB │ gzip:   0.52 kB
dist/assets/Article-yvcBld9p.js                                  1.25 kB │ gzip:   0.53 kB
dist/assets/Article-1DYHGkDT2.js                                 1.25 kB │ gzip:   0.53 kB
dist/assets/Article-1VbT6BOq3.js                                 1.25 kB │ gzip:   0.53 kB
dist/assets/Article-2AfD_XzS.js                                  1.25 kB │ gzip:   0.53 kB
dist/assets/Article-3v8iJM6b.js                                  1.25 kB │ gzip:   0.52 kB
dist/assets/Article-9WyUQmEg2.js                                 1.25 kB │ gzip:   0.53 kB
dist/assets/Article-AVtJsP6e2.js                                 1.25 kB │ gzip:   0.53 kB
dist/assets/Article-B2AS3E0R.js                                  1.25 kB │ gzip:   0.53 kB
dist/assets/Article-B3BRFFZx.js                                  1.25 kB │ gzip:   0.53 kB
dist/assets/Article-B4Rg8_Es2.js                                 1.25 kB │ gzip:   0.52 kB
dist/assets/Article-BALDalfN.js                                  1.25 kB │ gzip:   0.53 kB
dist/assets/Article-BENfTv7G2.js                                 1.25 kB │ gzip:   0.53 kB
dist/assets/Article-BG0J5G-F2.js                                 1.25 kB │ gzip:   0.53 kB
dist/assets/Article-BK4I8QCz4.js                                 1.25 kB │ gzip:   0.53 kB
dist/assets/Article-BN0ip6ts.js                                  1.25 kB │ gzip:   0.53 kB
dist/assets/Article-BRyV4LbC.js                                  1.25 kB │ gzip:   0.53 kB
dist/assets/Article-BWH522d9.js                                  1.25 kB │ gzip:   0.54 kB
dist/assets/Article-BYm1lOti.js                                  1.25 kB │ gzip:   0.53 kB
dist/assets/Article-BcvyXMB-4.js                                 1.25 kB │ gzip:   0.53 kB
dist/assets/Article-BgMFh-An4.js                                 1.25 kB │ gzip:   0.53 kB
dist/assets/Article-BjMLYkGk3.js                                 1.25 kB │ gzip:   0.53 kB
dist/assets/Article-BkZHlrhf.js                                  1.25 kB │ gzip:   0.53 kB
dist/assets/Article-BsWnU8zO2.js                                 1.25 kB │ gzip:   0.53 kB
dist/assets/Article-C-naEsBx.js                                  1.25 kB │ gzip:   0.52 kB
dist/assets/Article-C4fS2d_13.js                                 1.25 kB │ gzip:   0.54 kB
dist/assets/Article-C5H_6Q-53.js                                 1.25 kB │ gzip:   0.52 kB
dist/assets/Article-CHlhXn_32.js                                 1.25 kB │ gzip:   0.53 kB
dist/assets/Article-CK_Vq1l9.js                                  1.25 kB │ gzip:   0.52 kB
dist/assets/Article-CQUsY4hi4.js                                 1.25 kB │ gzip:   0.53 kB
dist/assets/Article-CSzkag3I3.js                                 1.25 kB │ gzip:   0.54 kB
dist/assets/Article-CW8rArj8.js                                  1.25 kB │ gzip:   0.53 kB
dist/assets/Article-C_N8leWQ.js                                  1.25 kB │ gzip:   0.53 kB
dist/assets/Article-Ca-tIrAH3.js                                 1.25 kB │ gzip:   0.53 kB
dist/assets/Article-CbKhQaaE4.js                                 1.25 kB │ gzip:   0.53 kB
dist/assets/Article-CcEYzUUk.js                                  1.25 kB │ gzip:   0.53 kB
dist/assets/Article-CeI4D7yJ.js                                  1.25 kB │ gzip:   0.53 kB
dist/assets/Article-CePBiH112.js                                 1.25 kB │ gzip:   0.53 kB
dist/assets/Article-CnXn5IRn4.js                                 1.25 kB │ gzip:   0.53 kB
dist/assets/Article-CzftKs2j.js                                  1.25 kB │ gzip:   0.53 kB
dist/assets/Article-Czz74Dom.js                                  1.25 kB │ gzip:   0.53 kB
dist/assets/Article-D0-AhUuc3.js                                 1.25 kB │ gzip:   0.53 kB
dist/assets/Article-D7n5Xv3B.js                                  1.25 kB │ gzip:   0.52 kB
dist/assets/Article-D7p1V3lg3.js                                 1.25 kB │ gzip:   0.53 kB
dist/assets/Article-DIsCPOpO2.js                                 1.25 kB │ gzip:   0.53 kB
dist/assets/Article-DJhqan7F2.js                                 1.25 kB │ gzip:   0.54 kB
dist/assets/Article-DOcMJg9s2.js                                 1.25 kB │ gzip:   0.53 kB
dist/assets/Article-DVg4VQ0M.js                                  1.25 kB │ gzip:   0.53 kB
dist/assets/Article-DXmp7uCF.js                                  1.25 kB │ gzip:   0.54 kB
dist/assets/Article-DZ0Zc7z4.js                                  1.25 kB │ gzip:   0.53 kB
dist/assets/Article-Dgjhglji3.js                                 1.25 kB │ gzip:   0.53 kB
dist/assets/Article-Dh8lqKHE2.js                                 1.25 kB │ gzip:   0.53 kB
dist/assets/Article-Diq92yFU2.js                                 1.25 kB │ gzip:   0.53 kB
dist/assets/Article-DusiYmyx2.js                                 1.25 kB │ gzip:   0.53 kB
dist/assets/Article-Dy-TTOlz2.js                                 1.25 kB │ gzip:   0.53 kB
dist/assets/Article-ImPXhf-_.js                                  1.25 kB │ gzip:   0.52 kB
dist/assets/Article-UICLwsrj2.js                                 1.25 kB │ gzip:   0.54 kB
dist/assets/Article-UKpKluSu.js                                  1.25 kB │ gzip:   0.53 kB
dist/assets/Article-ZWx1mrxq2.js                                 1.25 kB │ gzip:   0.53 kB
dist/assets/Article-ZoUcnvkM2.js                                 1.25 kB │ gzip:   0.53 kB
dist/assets/Article-ZrqnOurI2.js                                 1.25 kB │ gzip:   0.52 kB
dist/assets/Article-bNQfMFL83.js                                 1.25 kB │ gzip:   0.53 kB
dist/assets/Article-e7x24LzQ.js                                  1.25 kB │ gzip:   0.53 kB
dist/assets/Article-nvBG991P.js                                  1.25 kB │ gzip:   0.52 kB
dist/assets/Article-oI7Hl3672.js                                 1.25 kB │ gzip:   0.53 kB
dist/assets/Article-o_Ehxa5x2.js                                 1.25 kB │ gzip:   0.53 kB
dist/assets/Article-oqAHYM6i2.js                                 1.25 kB │ gzip:   0.53 kB
dist/assets/Article-pJRh9Mo9.js                                  1.25 kB │ gzip:   0.53 kB
dist/assets/Article-qOsDopwE.js                                  1.25 kB │ gzip:   0.52 kB
dist/assets/Article-056awyNx3.js                                 1.25 kB │ gzip:   0.53 kB
dist/assets/Article-3RSbI5Vn.js                                  1.25 kB │ gzip:   0.53 kB
dist/assets/Article-55b5hXHD3.js                                 1.25 kB │ gzip:   0.53 kB
dist/assets/Article-5DXIOPlz.js                                  1.25 kB │ gzip:   0.52 kB
dist/assets/Article-6-g1JvsM.js                                  1.25 kB │ gzip:   0.53 kB
dist/assets/Article-6OM-xJ2E4.js                                 1.25 kB │ gzip:   0.53 kB
dist/assets/Article-9mVDWA3j2.js                                 1.25 kB │ gzip:   0.53 kB
dist/assets/Article-B1AopMQ1.js                                  1.25 kB │ gzip:   0.53 kB
dist/assets/Article-B6AZAAha.js                                  1.25 kB │ gzip:   0.53 kB
dist/assets/Article-BD7OI3HN2.js                                 1.25 kB │ gzip:   0.53 kB
dist/assets/Article-BGuOGLqU.js                                  1.25 kB │ gzip:   0.53 kB
dist/assets/Article-BL_8RrBr3.js                                 1.25 kB │ gzip:   0.53 kB
dist/assets/Article-BPIzEHCd4.js                                 1.25 kB │ gzip:   0.53 kB
dist/assets/Article-BQtZmExN3.js                                 1.25 kB │ gzip:   0.53 kB
dist/assets/Article-BS0ljryR2.js                                 1.25 kB │ gzip:   0.53 kB
dist/assets/Article-BevOtYoV2.js                                 1.25 kB │ gzip:   0.53 kB
dist/assets/Article-Bmcztlcy.js                                  1.25 kB │ gzip:   0.53 kB
dist/assets/Article-BsRq0p3T3.js                                 1.25 kB │ gzip:   0.53 kB
dist/assets/Article-BuFZyGI8.js                                  1.25 kB │ gzip:   0.53 kB
dist/assets/Article-C-JL7OmO.js                                  1.25 kB │ gzip:   0.52 kB
dist/assets/Article-C2KsKCEx.js                                  1.25 kB │ gzip:   0.52 kB
dist/assets/Article-C553RPCh.js                                  1.25 kB │ gzip:   0.52 kB
dist/assets/Article-C7z74ZE_3.js                                 1.25 kB │ gzip:   0.53 kB
dist/assets/Article-CB-9OVjD2.js                                 1.25 kB │ gzip:   0.53 kB
dist/assets/Article-CEkyAJAi.js                                  1.25 kB │ gzip:   0.53 kB
dist/assets/Article-CP1SCoWG2.js                                 1.25 kB │ gzip:   0.53 kB
dist/assets/Article-CRwY-7qy2.js                                 1.25 kB │ gzip:   0.53 kB
dist/assets/Article-CWnUu0l23.js                                 1.25 kB │ gzip:   0.53 kB
dist/assets/Article-CY4xcX9q2.js                                 1.25 kB │ gzip:   0.53 kB
dist/assets/Article-CerRYKYt2.js                                 1.25 kB │ gzip:   0.53 kB
dist/assets/Article-Cfi32iLS2.js                                 1.25 kB │ gzip:   0.53 kB
dist/assets/Article-ClUXilGh3.js                                 1.25 kB │ gzip:   0.53 kB
dist/assets/Article-CvBFlfvS2.js                                 1.25 kB │ gzip:   0.53 kB
dist/assets/Article-Cvo3VGBM.js                                  1.25 kB │ gzip:   0.53 kB
dist/assets/Article-D4ZYwGj_.js                                  1.25 kB │ gzip:   0.53 kB
dist/assets/Article-DA89u0WR.js                                  1.25 kB │ gzip:   0.52 kB
dist/assets/Article-DCIBc2vW.js                                  1.25 kB │ gzip:   0.53 kB
dist/assets/Article-DFgQY2PL.js                                  1.25 kB │ gzip:   0.53 kB
dist/assets/Article-DHRyTI96.js                                  1.25 kB │ gzip:   0.53 kB
dist/assets/Article-DOLpU7lh.js                                  1.25 kB │ gzip:   0.52 kB
dist/assets/Article-DVlF70lN4.js                                 1.25 kB │ gzip:   0.54 kB
dist/assets/Article-DgK6zhRk.js                                  1.25 kB │ gzip:   0.53 kB
dist/assets/Article-DmqYPzvb2.js                                 1.25 kB │ gzip:   0.53 kB
dist/assets/Article-DrVchT8G.js                                  1.25 kB │ gzip:   0.53 kB
dist/assets/Article-Ds-YzOid4.js                                 1.25 kB │ gzip:   0.53 kB
dist/assets/Article-DtI3AMtw4.js                                 1.25 kB │ gzip:   0.53 kB
dist/assets/Article-Du7JKT2j3.js                                 1.25 kB │ gzip:   0.54 kB
dist/assets/Article-KNnQJpbj.js                                  1.25 kB │ gzip:   0.53 kB
dist/assets/Article-NYkWoOcS.js                                  1.25 kB │ gzip:   0.52 kB
dist/assets/Article-QC5wx37a2.js                                 1.25 kB │ gzip:   0.53 kB
dist/assets/Article-QbFRlNJK2.js                                 1.25 kB │ gzip:   0.53 kB
dist/assets/Article-VDqtwvhs.js                                  1.25 kB │ gzip:   0.53 kB
dist/assets/Article-Y--qchpm2.js                                 1.25 kB │ gzip:   0.53 kB
dist/assets/Article-cHbrngeW2.js                                 1.25 kB │ gzip:   0.53 kB
dist/assets/Article-d0Jc1CNA2.js                                 1.25 kB │ gzip:   0.53 kB
dist/assets/Article-gbmcvlGT3.js                                 1.25 kB │ gzip:   0.53 kB
dist/assets/Article-i4StI5N84.js                                 1.25 kB │ gzip:   0.54 kB
dist/assets/Article-kc8PDRZR.js                                  1.25 kB │ gzip:   0.52 kB
dist/assets/Article-ncg5AJoz.js                                  1.25 kB │ gzip:   0.53 kB
dist/assets/Article-qgzIrBi53.js                                 1.25 kB │ gzip:   0.53 kB
dist/assets/Article-t_pZiTR_2.js                                 1.25 kB │ gzip:   0.53 kB
dist/assets/Article-uIgTb_ek.js                                  1.25 kB │ gzip:   0.52 kB
dist/assets/Article-2Y1IDG74.js                                  1.25 kB │ gzip:   0.54 kB
dist/assets/Article-8P-SNL1z2.js                                 1.25 kB │ gzip:   0.53 kB
dist/assets/Article-BCpAkX9M3.js                                 1.25 kB │ gzip:   0.52 kB
dist/assets/Article-BG_8ICxt2.js                                 1.25 kB │ gzip:   0.53 kB
dist/assets/Article-BPnyrwpu2.js                                 1.25 kB │ gzip:   0.53 kB
dist/assets/Article-BTsQAOid.js                                  1.25 kB │ gzip:   0.52 kB
dist/assets/Article-BVyGWIFu.js                                  1.25 kB │ gzip:   0.53 kB
dist/assets/Article-BazTaP6t.js                                  1.25 kB │ gzip:   0.53 kB
dist/assets/Article-BbrSsIVz2.js                                 1.25 kB │ gzip:   0.53 kB
dist/assets/Article-BhkE8nDM4.js                                 1.25 kB │ gzip:   0.53 kB
dist/assets/Article-BnH48MER.js                                  1.25 kB │ gzip:   0.53 kB
dist/assets/Article-BnxNcdvA4.js                                 1.25 kB │ gzip:   0.54 kB
dist/assets/Article-BugFoqdt4.js                                 1.25 kB │ gzip:   0.53 kB
dist/assets/Article-Bx4rwOMN.js                                  1.25 kB │ gzip:   0.53 kB
dist/assets/Article-ByyE8_LM.js                                  1.25 kB │ gzip:   0.53 kB
dist/assets/Article-C8ABWtJq.js                                  1.25 kB │ gzip:   0.54 kB
dist/assets/Article-CA1b2ZP_.js                                  1.25 kB │ gzip:   0.53 kB
dist/assets/Article-CHWEfW_q2.js                                 1.25 kB │ gzip:   0.53 kB
dist/assets/Article-CJ7KyeHs3.js                                 1.25 kB │ gzip:   0.53 kB
dist/assets/Article-CUonLlNg4.js                                 1.25 kB │ gzip:   0.54 kB
dist/assets/Article-CWblyhls2.js                                 1.25 kB │ gzip:   0.53 kB
dist/assets/Article-CacH_a2-.js                                  1.25 kB │ gzip:   0.53 kB
dist/assets/Article-CfW5G1z_.js                                  1.25 kB │ gzip:   0.53 kB
dist/assets/Article-Cgiw-0GS2.js                                 1.25 kB │ gzip:   0.54 kB
dist/assets/Article-Ch-N53wt2.js                                 1.25 kB │ gzip:   0.53 kB
dist/assets/Article-CniIgRJB3.js                                 1.25 kB │ gzip:   0.53 kB
dist/assets/Article-CoGfk3VK.js                                  1.25 kB │ gzip:   0.53 kB
dist/assets/Article-CshaZCd0.js                                  1.25 kB │ gzip:   0.53 kB
dist/assets/Article-Ct9797-c.js                                  1.25 kB │ gzip:   0.53 kB
dist/assets/Article-CtGQEH1T2.js                                 1.25 kB │ gzip:   0.53 kB
dist/assets/Article-D-Q5Jw3q2.js                                 1.25 kB │ gzip:   0.52 kB
dist/assets/Article-D6e-zqZa3.js                                 1.25 kB │ gzip:   0.53 kB
dist/assets/Article-D70LJOYI.js                                  1.25 kB │ gzip:   0.53 kB
dist/assets/Article-D8sEn-_z3.js                                 1.25 kB │ gzip:   0.53 kB
dist/assets/Article-DAZEO7LY4.js                                 1.25 kB │ gzip:   0.53 kB
dist/assets/Article-DCv_z2Zj.js                                  1.25 kB │ gzip:   0.53 kB
dist/assets/Article-DM3IkBTN4.js                                 1.25 kB │ gzip:   0.54 kB
dist/assets/Article-DW3FRQ5H3.js                                 1.25 kB │ gzip:   0.53 kB
dist/assets/Article-DbOjK7gd2.js                                 1.25 kB │ gzip:   0.53 kB
dist/assets/Article-DeRagTBl.js                                  1.25 kB │ gzip:   0.53 kB
dist/assets/Article-DluZCdxe2.js                                 1.25 kB │ gzip:   0.53 kB
dist/assets/Article-MdkyYISw4.js                                 1.25 kB │ gzip:   0.53 kB
dist/assets/Article-T4r8IkNX3.js                                 1.25 kB │ gzip:   0.53 kB
dist/assets/Article-eCz6yky33.js                                 1.25 kB │ gzip:   0.53 kB
dist/assets/Article-iFvcC9_Q2.js                                 1.25 kB │ gzip:   0.53 kB
dist/assets/Article-rqZx9N_p.js                                  1.25 kB │ gzip:   0.52 kB
dist/assets/Article-sCEXqWQY.js                                  1.25 kB │ gzip:   0.53 kB
dist/assets/Article-sFAtplds2.js                                 1.25 kB │ gzip:   0.53 kB
dist/assets/Article-zPLDHlxQ.js                                  1.25 kB │ gzip:   0.53 kB
dist/assets/Article-0P-aDQEs3.js                                 1.25 kB │ gzip:   0.53 kB
dist/assets/Article-0XT0NWes2.js                                 1.25 kB │ gzip:   0.53 kB
dist/assets/Article-4TlQBdzp2.js                                 1.25 kB │ gzip:   0.53 kB
dist/assets/Article-5ZOiSRl-2.js                                 1.25 kB │ gzip:   0.53 kB
dist/assets/Article-5oQZnyh93.js                                 1.25 kB │ gzip:   0.53 kB
dist/assets/Article-B-IeIOKr.js                                  1.25 kB │ gzip:   0.53 kB
dist/assets/Article-B0gB9Fdq3.js                                 1.25 kB │ gzip:   0.52 kB
dist/assets/Article-B1t0Dckc2.js                                 1.25 kB │ gzip:   0.53 kB
dist/assets/Article-B5KPwybP.js                                  1.25 kB │ gzip:   0.53 kB
dist/assets/Article-B6KCkzZN.js                                  1.25 kB │ gzip:   0.53 kB
dist/assets/Article-B6nIEyqj.js                                  1.25 kB │ gzip:   0.53 kB
dist/assets/Article-B90_IgA13.js                                 1.25 kB │ gzip:   0.52 kB
dist/assets/Article-B91AJWDb2.js                                 1.25 kB │ gzip:   0.53 kB
dist/assets/Article-BECDJ47t2.js                                 1.25 kB │ gzip:   0.52 kB
dist/assets/Article-BKgRkqhc2.js                                 1.25 kB │ gzip:   0.53 kB
dist/assets/Article-BQSbf02z2.js                                 1.25 kB │ gzip:   0.53 kB
dist/assets/Article-BU2WYSZM.js                                  1.25 kB │ gzip:   0.53 kB
dist/assets/Article-BUWMqux_2.js                                 1.25 kB │ gzip:   0.53 kB
dist/assets/Article-BU_HS__x2.js                                 1.25 kB │ gzip:   0.53 kB
dist/assets/Article-BWnTK-lP.js                                  1.25 kB │ gzip:   0.53 kB
dist/assets/Article-BeBbrWIT.js                                  1.25 kB │ gzip:   0.54 kB
dist/assets/Article-Bhz-52TS.js                                  1.25 kB │ gzip:   0.52 kB
dist/assets/Article-BmjZoFPG4.js                                 1.25 kB │ gzip:   0.53 kB
dist/assets/Article-BoBhcZZs4.js                                 1.25 kB │ gzip:   0.53 kB
dist/assets/Article-BxchzEjg2.js                                 1.25 kB │ gzip:   0.53 kB
dist/assets/Article-C6EyhRLx4.js                                 1.25 kB │ gzip:   0.53 kB
dist/assets/Article-C801IzKm.js                                  1.25 kB │ gzip:   0.53 kB
dist/assets/Article-CC_v1NuG.js                                  1.25 kB │ gzip:   0.52 kB
dist/assets/Article-CDbsKnvY.js                                  1.25 kB │ gzip:   0.53 kB
dist/assets/Article-CDtXtDrP2.js                                 1.25 kB │ gzip:   0.53 kB
dist/assets/Article-CG4FdOAL2.js                                 1.25 kB │ gzip:   0.53 kB
dist/assets/Article-CGMEq3B6.js                                  1.25 kB │ gzip:   0.53 kB
dist/assets/Article-CInuBqjX.js                                  1.25 kB │ gzip:   0.53 kB
dist/assets/Article-CS4Zfts03.js                                 1.25 kB │ gzip:   0.53 kB
dist/assets/Article-CV86kOIE.js                                  1.25 kB │ gzip:   0.53 kB
dist/assets/Article-CXAbDZr4.js                                  1.25 kB │ gzip:   0.53 kB
dist/assets/Article-CesrDoWL2.js                                 1.25 kB │ gzip:   0.53 kB
dist/assets/Article-Cja4Nwpk.js                                  1.25 kB │ gzip:   0.53 kB
dist/assets/Article-CmiOXCm4.js                                  1.25 kB │ gzip:   0.53 kB
dist/assets/Article-CpBQ5kwA.js                                  1.25 kB │ gzip:   0.54 kB
dist/assets/Article-CzO8xw0k.js                                  1.25 kB │ gzip:   0.53 kB
dist/assets/Article-D-SmEUjd3.js                                 1.25 kB │ gzip:   0.53 kB
dist/assets/Article-D1rhUkK43.js                                 1.25 kB │ gzip:   0.53 kB
dist/assets/Article-D6MFMKSK2.js                                 1.25 kB │ gzip:   0.52 kB
dist/assets/Article-D780gFr9.js                                  1.25 kB │ gzip:   0.52 kB
dist/assets/Article-D95oMZII2.js                                 1.25 kB │ gzip:   0.52 kB
dist/assets/Article-D9_H2eQw.js                                  1.25 kB │ gzip:   0.53 kB
dist/assets/Article-DDS7RzkE.js                                  1.25 kB │ gzip:   0.53 kB
dist/assets/Article-DDq1B0AA3.js                                 1.25 kB │ gzip:   0.53 kB
dist/assets/Article-DEFxZaKp4.js                                 1.25 kB │ gzip:   0.53 kB
dist/assets/Article-DFOQu30J2.js                                 1.25 kB │ gzip:   0.53 kB
dist/assets/Article-DITqTFp0.js                                  1.25 kB │ gzip:   0.53 kB
dist/assets/Article-DKeC-MQQ4.js                                 1.25 kB │ gzip:   0.53 kB
dist/assets/Article-DLRCklXZ2.js                                 1.25 kB │ gzip:   0.53 kB
dist/assets/Article-DNUlm5me.js                                  1.25 kB │ gzip:   0.53 kB
dist/assets/Article-DNiGVvUd3.js                                 1.25 kB │ gzip:   0.53 kB
dist/assets/Article-DP-z9HMp.js                                  1.25 kB │ gzip:   0.52 kB
dist/assets/Article-DQ2HiTX8.js                                  1.25 kB │ gzip:   0.53 kB
dist/assets/Article-DUfAvTXw2.js                                 1.25 kB │ gzip:   0.53 kB
dist/assets/Article-DUzftbjp2.js                                 1.25 kB │ gzip:   0.53 kB
dist/assets/Article-DVvJTu7o.js                                  1.25 kB │ gzip:   0.53 kB
dist/assets/Article-DY2gDtKh2.js                                 1.25 kB │ gzip:   0.53 kB
dist/assets/Article-DYONr_7l.js                                  1.25 kB │ gzip:   0.53 kB
dist/assets/Article-DYZ-wuz6.js                                  1.25 kB │ gzip:   0.53 kB
dist/assets/Article-DaC0_n22.js                                  1.25 kB │ gzip:   0.53 kB
dist/assets/Article-DarSH45I.js                                  1.25 kB │ gzip:   0.53 kB
dist/assets/Article-DbYaA9bv2.js                                 1.25 kB │ gzip:   0.53 kB
dist/assets/Article-DcVU_c_r.js                                  1.25 kB │ gzip:   0.52 kB
dist/assets/Article-DcwImHX53.js                                 1.25 kB │ gzip:   0.52 kB
dist/assets/Article-DeJv-_tg.js                                  1.25 kB │ gzip:   0.53 kB
dist/assets/Article-Dkise-n72.js                                 1.25 kB │ gzip:   0.52 kB
dist/assets/Article-Dm6Yg20o.js                                  1.25 kB │ gzip:   0.53 kB
dist/assets/Article-DwCJOrpg2.js                                 1.25 kB │ gzip:   0.53 kB
dist/assets/Article-DxkSDs253.js                                 1.25 kB │ gzip:   0.53 kB
dist/assets/Article-Dz_IO_ET3.js                                 1.25 kB │ gzip:   0.53 kB
dist/assets/Article-MwaK1Cpk4.js                                 1.25 kB │ gzip:   0.53 kB
dist/assets/Article-N27iTmqb3.js                                 1.25 kB │ gzip:   0.53 kB
dist/assets/Article-RlBOXV5F2.js                                 1.25 kB │ gzip:   0.53 kB
dist/assets/Article-Y5Hfk7KC4.js                                 1.25 kB │ gzip:   0.54 kB
dist/assets/Article-Z_EwDdzn.js                                  1.25 kB │ gzip:   0.53 kB
dist/assets/Article-dBME3xqm.js                                  1.25 kB │ gzip:   0.53 kB
dist/assets/Article-hvndhPl-4.js                                 1.25 kB │ gzip:   0.53 kB
dist/assets/Article-mjMWAbrl2.js                                 1.25 kB │ gzip:   0.53 kB
dist/assets/Article-oeP-qLao.js                                  1.25 kB │ gzip:   0.53 kB
dist/assets/Article-1i2co69s2.js                                 1.25 kB │ gzip:   0.53 kB
dist/assets/Article-2BAejr3i2.js                                 1.25 kB │ gzip:   0.53 kB
dist/assets/Article-7PPA-UJZ.js                                  1.25 kB │ gzip:   0.53 kB
dist/assets/Article-B-wEBN2P4.js                                 1.25 kB │ gzip:   0.53 kB
dist/assets/Article-B3T1Be2c.js                                  1.25 kB │ gzip:   0.53 kB
dist/assets/Article-B86btoem.js                                  1.25 kB │ gzip:   0.53 kB
dist/assets/Article-B8hGDy6q.js                                  1.25 kB │ gzip:   0.53 kB
dist/assets/Article-BA3weqJn2.js                                 1.25 kB │ gzip:   0.52 kB
dist/assets/Article-BC9nB_I5.js                                  1.25 kB │ gzip:   0.53 kB
dist/assets/Article-BI2RVBYK2.js                                 1.25 kB │ gzip:   0.53 kB
dist/assets/Article-BI3yNMfh2.js                                 1.25 kB │ gzip:   0.53 kB
dist/assets/Article-BLiQOiuh.js                                  1.25 kB │ gzip:   0.52 kB
dist/assets/Article-BLtucO8X2.js                                 1.25 kB │ gzip:   0.53 kB
dist/assets/Article-BQvNSONF.js                                  1.25 kB │ gzip:   0.53 kB
dist/assets/Article-BRwFnVBS2.js                                 1.25 kB │ gzip:   0.53 kB
dist/assets/Article-BW8m4EkJ3.js                                 1.25 kB │ gzip:   0.53 kB
dist/assets/Article-BXLO-WOa.js                                  1.25 kB │ gzip:   0.53 kB
dist/assets/Article-Baxke2vG2.js                                 1.25 kB │ gzip:   0.53 kB
dist/assets/Article-BcruqAZL.js                                  1.25 kB │ gzip:   0.53 kB
dist/assets/Article-Bg8OOOms2.js                                 1.25 kB │ gzip:   0.53 kB
dist/assets/Article-Bj9wpUBa2.js                                 1.25 kB │ gzip:   0.52 kB
dist/assets/Article-Bks-zaTC.js                                  1.25 kB │ gzip:   0.53 kB
dist/assets/Article-BrMaeQWG.js                                  1.25 kB │ gzip:   0.52 kB
dist/assets/Article-BtVY2Yny2.js                                 1.25 kB │ gzip:   0.53 kB
dist/assets/Article-BuFlAOm5.js                                  1.25 kB │ gzip:   0.53 kB
dist/assets/Article-Bw8PsdfX2.js                                 1.25 kB │ gzip:   0.53 kB
dist/assets/Article-BwYzoou52.js                                 1.25 kB │ gzip:   0.52 kB
dist/assets/Article-Bwa0jSGI2.js                                 1.25 kB │ gzip:   0.53 kB
dist/assets/Article-Bwx9BgD12.js                                 1.25 kB │ gzip:   0.52 kB
dist/assets/Article-BziqauPk3.js                                 1.25 kB │ gzip:   0.52 kB
dist/assets/Article-C44vX_iL.js                                  1.25 kB │ gzip:   0.53 kB
dist/assets/Article-C56NNlzj.js                                  1.25 kB │ gzip:   0.52 kB
dist/assets/Article-C6AkEP_U.js                                  1.25 kB │ gzip:   0.53 kB
dist/assets/Article-C6EP4eqY2.js                                 1.25 kB │ gzip:   0.52 kB
dist/assets/Article-C7XfzBUa3.js                                 1.25 kB │ gzip:   0.52 kB
dist/assets/Article-C8T-xarn2.js                                 1.25 kB │ gzip:   0.53 kB
dist/assets/Article-CAmRYuEF4.js                                 1.25 kB │ gzip:   0.53 kB
dist/assets/Article-CB5ZTuGd4.js                                 1.25 kB │ gzip:   0.53 kB
dist/assets/Article-CFnsdMYZ.js                                  1.25 kB │ gzip:   0.52 kB
dist/assets/Article-CIn6JPBe4.js                                 1.25 kB │ gzip:   0.53 kB
dist/assets/Article-CMDdQ7zb2.js                                 1.25 kB │ gzip:   0.53 kB
dist/assets/Article-COSwHEGh4.js                                 1.25 kB │ gzip:   0.53 kB
dist/assets/Article-CQXSa7xN3.js                                 1.25 kB │ gzip:   0.53 kB
dist/assets/Article-CTJce7ys.js                                  1.25 kB │ gzip:   0.52 kB
dist/assets/Article-CTNV_YnW2.js                                 1.25 kB │ gzip:   0.53 kB
dist/assets/Article-CUg7bGq63.js                                 1.25 kB │ gzip:   0.53 kB
dist/assets/Article-CVoByOaw.js                                  1.25 kB │ gzip:   0.53 kB
dist/assets/Article-CWgUIDZF3.js                                 1.25 kB │ gzip:   0.53 kB
dist/assets/Article-CXoqR5Rf4.js                                 1.25 kB │ gzip:   0.53 kB
dist/assets/Article-Ca7je9rB.js                                  1.25 kB │ gzip:   0.53 kB
dist/assets/Article-CauQoDJ0.js                                  1.25 kB │ gzip:   0.53 kB
dist/assets/Article-Cigon95x3.js                                 1.25 kB │ gzip:   0.53 kB
dist/assets/Article-CkYfkLDr2.js                                 1.25 kB │ gzip:   0.53 kB
dist/assets/Article-Cp-7aaML.js                                  1.25 kB │ gzip:   0.53 kB
dist/assets/Article-CsXv0OcV.js                                  1.25 kB │ gzip:   0.53 kB
dist/assets/Article-Cu36mkZf.js                                  1.25 kB │ gzip:   0.53 kB
dist/assets/Article-CwiuPSiG3.js                                 1.25 kB │ gzip:   0.53 kB
dist/assets/Article-Cx79brr53.js                                 1.25 kB │ gzip:   0.53 kB
dist/assets/Article-CxcKoSE_2.js                                 1.25 kB │ gzip:   0.53 kB
dist/assets/Article-CyuHZDvA.js                                  1.25 kB │ gzip:   0.53 kB
dist/assets/Article-D-y4iM_e2.js                                 1.25 kB │ gzip:   0.52 kB
dist/assets/Article-D4AuvL10.js                                  1.25 kB │ gzip:   0.53 kB
dist/assets/Article-DAGDDgtT2.js                                 1.25 kB │ gzip:   0.52 kB
dist/assets/Article-DB2eplB_.js                                  1.25 kB │ gzip:   0.52 kB
dist/assets/Article-DF_qTTHK.js                                  1.25 kB │ gzip:   0.53 kB
dist/assets/Article-DFgLh5DJ2.js                                 1.25 kB │ gzip:   0.52 kB
dist/assets/Article-DHTgF5_f.js                                  1.25 kB │ gzip:   0.54 kB
dist/assets/Article-DIARn6va.js                                  1.25 kB │ gzip:   0.52 kB
dist/assets/Article-DL_U3yGI.js                                  1.25 kB │ gzip:   0.53 kB
dist/assets/Article-DRWR4ltc.js                                  1.25 kB │ gzip:   0.52 kB
dist/assets/Article-DS6NpEVd2.js                                 1.25 kB │ gzip:   0.54 kB
dist/assets/Article-DUHtEwjf.js                                  1.25 kB │ gzip:   0.53 kB
dist/assets/Article-DXkBY50Y3.js                                 1.25 kB │ gzip:   0.52 kB
dist/assets/Article-D_rRGn5g4.js                                 1.25 kB │ gzip:   0.53 kB
dist/assets/Article-DlsL3oK4.js                                  1.25 kB │ gzip:   0.52 kB
dist/assets/Article-DmERGLOR.js                                  1.25 kB │ gzip:   0.53 kB
dist/assets/Article-DnqFg-Le2.js                                 1.25 kB │ gzip:   0.53 kB
dist/assets/Article-DvGnlqda.js                                  1.25 kB │ gzip:   0.52 kB
dist/assets/Article-DzhHUrLQ.js                                  1.25 kB │ gzip:   0.53 kB
dist/assets/Article-E7UnmEop3.js                                 1.25 kB │ gzip:   0.52 kB
dist/assets/Article-Hq4bSUXw.js                                  1.25 kB │ gzip:   0.53 kB
dist/assets/Article-LSkn5gM43.js                                 1.25 kB │ gzip:   0.52 kB
dist/assets/Article-PrEkxE5N3.js                                 1.25 kB │ gzip:   0.52 kB
dist/assets/Article-b77IesLE3.js                                 1.25 kB │ gzip:   0.53 kB
dist/assets/Article-frDeAEha2.js                                 1.25 kB │ gzip:   0.52 kB
dist/assets/Article-gvQIs67C.js                                  1.25 kB │ gzip:   0.53 kB
dist/assets/Article-m2I5x_2F2.js                                 1.25 kB │ gzip:   0.53 kB
dist/assets/Article-oFHE9mTs.js                                  1.25 kB │ gzip:   0.53 kB
dist/assets/Article-sRYBOjs83.js                                 1.25 kB │ gzip:   0.53 kB
dist/assets/Article-vc_b67cR2.js                                 1.25 kB │ gzip:   0.53 kB
dist/assets/Article-042lpJLV.js                                  1.25 kB │ gzip:   0.53 kB
dist/assets/Article-3DhC19Rh4.js                                 1.25 kB │ gzip:   0.54 kB
dist/assets/Article-5H0tnGrQ2.js                                 1.25 kB │ gzip:   0.53 kB
dist/assets/Article-8hcuFGO22.js                                 1.25 kB │ gzip:   0.53 kB
dist/assets/Article-B1xUyfaZ.js                                  1.25 kB │ gzip:   0.53 kB
dist/assets/Article-B8zGgoN-.js                                  1.25 kB │ gzip:   0.54 kB
dist/assets/Article-BAxP2YLo.js                                  1.25 kB │ gzip:   0.53 kB
dist/assets/Article-BVz9iNIV.js                                  1.25 kB │ gzip:   0.53 kB
dist/assets/Article-BXM4rkPc2.js                                 1.25 kB │ gzip:   0.53 kB
dist/assets/Article-BYAGnq2P4.js                                 1.25 kB │ gzip:   0.53 kB
dist/assets/Article-BYMVhQvH2.js                                 1.25 kB │ gzip:   0.53 kB
dist/assets/Article-BhoExdJ-2.js                                 1.25 kB │ gzip:   0.53 kB
dist/assets/Article-Bq9vnR68.js                                  1.25 kB │ gzip:   0.53 kB
dist/assets/Article-BrH0qxg83.js                                 1.25 kB │ gzip:   0.53 kB
dist/assets/Article-Bu-z-Jdp4.js                                 1.25 kB │ gzip:   0.53 kB
dist/assets/Article-Buhm65yM3.js                                 1.25 kB │ gzip:   0.53 kB
dist/assets/Article-CD33lhvb2.js                                 1.25 kB │ gzip:   0.53 kB
dist/assets/Article-CKM5QM3u.js                                  1.25 kB │ gzip:   0.53 kB
dist/assets/Article-CPNeqTan4.js                                 1.25 kB │ gzip:   0.53 kB
dist/assets/Article-CTuepiHo4.js                                 1.25 kB │ gzip:   0.53 kB
dist/assets/Article-CUrmYrw54.js                                 1.25 kB │ gzip:   0.53 kB
dist/assets/Article-CjXndFcK.js                                  1.25 kB │ gzip:   0.53 kB
dist/assets/Article-ClGHwV892.js                                 1.25 kB │ gzip:   0.53 kB
dist/assets/Article-CnWS2Sjg.js                                  1.25 kB │ gzip:   0.53 kB
dist/assets/Article-CrxUXyaw.js                                  1.25 kB │ gzip:   0.53 kB
dist/assets/Article-CskAxxwd.js                                  1.25 kB │ gzip:   0.52 kB
dist/assets/Article-D0QGT7iM4.js                                 1.25 kB │ gzip:   0.53 kB
dist/assets/Article-DAdRz2ky3.js                                 1.25 kB │ gzip:   0.53 kB
dist/assets/Article-DKU1qaeW3.js                                 1.25 kB │ gzip:   0.53 kB
dist/assets/Article-DRAce28E2.js                                 1.25 kB │ gzip:   0.53 kB
dist/assets/Article-DRp4Gm9o3.js                                 1.25 kB │ gzip:   0.53 kB
dist/assets/Article-DTNGOIfh.js                                  1.25 kB │ gzip:   0.53 kB
dist/assets/Article-DWEKjQeF4.js                                 1.25 kB │ gzip:   0.53 kB
dist/assets/Article-DZOl4LUB.js                                  1.25 kB │ gzip:   0.53 kB
dist/assets/Article-DZfZzBjH.js                                  1.25 kB │ gzip:   0.53 kB
dist/assets/Article-DcjNAuuN2.js                                 1.25 kB │ gzip:   0.54 kB
dist/assets/Article-DkckJEd6.js                                  1.25 kB │ gzip:   0.53 kB
dist/assets/Article-Dn2qPNp03.js                                 1.25 kB │ gzip:   0.53 kB
dist/assets/Article-DorDs3lk.js                                  1.25 kB │ gzip:   0.53 kB
dist/assets/Article-DprqC_63.js                                  1.25 kB │ gzip:   0.53 kB
dist/assets/Article-Dtl_Gsjd4.js                                 1.25 kB │ gzip:   0.53 kB
dist/assets/Article-Dy295h4K2.js                                 1.25 kB │ gzip:   0.53 kB
dist/assets/Article-JcZp3AVR2.js                                 1.25 kB │ gzip:   0.53 kB
dist/assets/Article-XrCnNVSr2.js                                 1.25 kB │ gzip:   0.53 kB
dist/assets/Article-Yn4kC-Me2.js                                 1.25 kB │ gzip:   0.53 kB
dist/assets/Article-ftpTHYJS2.js                                 1.25 kB │ gzip:   0.53 kB
dist/assets/Article-q_4R-tJl.js                                  1.25 kB │ gzip:   0.53 kB
dist/assets/Article-u2l0potK2.js                                 1.25 kB │ gzip:   0.53 kB
dist/assets/Article-wIe2g2fU2.js                                 1.25 kB │ gzip:   0.53 kB
dist/assets/Article-09Oeuwob2.js                                 1.25 kB │ gzip:   0.53 kB
dist/assets/Article-8_PlJlpW2.js                                 1.25 kB │ gzip:   0.53 kB
dist/assets/Article-AJoWe8Vb3.js                                 1.25 kB │ gzip:   0.52 kB
dist/assets/Article-Ao-hYANY.js                                  1.25 kB │ gzip:   0.53 kB
dist/assets/Article-B-YEQntZ.js                                  1.25 kB │ gzip:   0.52 kB
dist/assets/Article-B3eLjfZk3.js                                 1.25 kB │ gzip:   0.53 kB
dist/assets/Article-B6jo_ImD.js                                  1.25 kB │ gzip:   0.53 kB
dist/assets/Article-B7xYQio02.js                                 1.25 kB │ gzip:   0.53 kB
dist/assets/Article-B82nvT1G.js                                  1.25 kB │ gzip:   0.53 kB
dist/assets/Article-BDjb6OA42.js                                 1.25 kB │ gzip:   0.52 kB
dist/assets/Article-BPCO1H1Q.js                                  1.25 kB │ gzip:   0.53 kB
dist/assets/Article-BPYEMn542.js                                 1.25 kB │ gzip:   0.52 kB
dist/assets/Article-BRiIfusv3.js                                 1.25 kB │ gzip:   0.53 kB
dist/assets/Article-BTTH-81k2.js                                 1.25 kB │ gzip:   0.53 kB
dist/assets/Article-BV3uh0-f.js                                  1.25 kB │ gzip:   0.52 kB
dist/assets/Article-BaEC1SQ-2.js                                 1.25 kB │ gzip:   0.53 kB
dist/assets/Article-BaKiuE74.js                                  1.25 kB │ gzip:   0.53 kB
dist/assets/Article-BdGALbrS2.js                                 1.25 kB │ gzip:   0.53 kB
dist/assets/Article-Bgass73E4.js                                 1.25 kB │ gzip:   0.54 kB
dist/assets/Article-BhU5co5F3.js                                 1.25 kB │ gzip:   0.53 kB
dist/assets/Article-BkxVzy952.js                                 1.25 kB │ gzip:   0.54 kB
dist/assets/Article-Bnv2NOC_2.js                                 1.25 kB │ gzip:   0.53 kB
dist/assets/Article-BqlHSW1W.js                                  1.25 kB │ gzip:   0.53 kB
dist/assets/Article-Bup9on883.js                                 1.25 kB │ gzip:   0.54 kB
dist/assets/Article-BwWxR4GI.js                                  1.25 kB │ gzip:   0.53 kB
dist/assets/Article-C0LI1uLO4.js                                 1.25 kB │ gzip:   0.53 kB
dist/assets/Article-C2xBXkC24.js                                 1.25 kB │ gzip:   0.53 kB
dist/assets/Article-C34-r7Ig.js                                  1.25 kB │ gzip:   0.53 kB
dist/assets/Article-C7RSVbck4.js                                 1.25 kB │ gzip:   0.53 kB
dist/assets/Article-CFS2h-U7.js                                  1.25 kB │ gzip:   0.53 kB
dist/assets/Article-CNqvI-qI3.js                                 1.25 kB │ gzip:   0.53 kB
dist/assets/Article-CNxLiPHF3.js                                 1.25 kB │ gzip:   0.53 kB
dist/assets/Article-CRNK9UG32.js                                 1.25 kB │ gzip:   0.53 kB
dist/assets/Article-CWfaUHCx.js                                  1.25 kB │ gzip:   0.52 kB
dist/assets/Article-CXiRtJ3B3.js                                 1.25 kB │ gzip:   0.53 kB
dist/assets/Article-C_cjgkDV2.js                                 1.25 kB │ gzip:   0.53 kB
dist/assets/Article-Ca_O7ZiW.js                                  1.25 kB │ gzip:   0.53 kB
dist/assets/Article-Cdz_um8c3.js                                 1.25 kB │ gzip:   0.53 kB
dist/assets/Article-ChCOtTRK2.js                                 1.25 kB │ gzip:   0.53 kB
dist/assets/Article-CiwI8Kq52.js                                 1.25 kB │ gzip:   0.53 kB
dist/assets/Article-Crga8PzX.js                                  1.25 kB │ gzip:   0.53 kB
dist/assets/Article-CvAJ6-sA4.js                                 1.25 kB │ gzip:   0.53 kB
dist/assets/Article-D0XsDHXI.js                                  1.25 kB │ gzip:   0.53 kB
dist/assets/Article-D0kPg3dO2.js                                 1.25 kB │ gzip:   0.53 kB
dist/assets/Article-D2gTFm4u.js                                  1.25 kB │ gzip:   0.53 kB
dist/assets/Article-D6msJjpN3.js                                 1.25 kB │ gzip:   0.53 kB
dist/assets/Article-D7oVYzuN3.js                                 1.25 kB │ gzip:   0.53 kB
dist/assets/Article-D8camO9D.js                                  1.25 kB │ gzip:   0.53 kB
dist/assets/Article-DHhoxorA4.js                                 1.25 kB │ gzip:   0.53 kB
dist/assets/Article-DNqWmVhS.js                                  1.25 kB │ gzip:   0.53 kB
dist/assets/Article-DYDLi3qC.js                                  1.25 kB │ gzip:   0.54 kB
dist/assets/Article-DYkFYUtP4.js                                 1.25 kB │ gzip:   0.53 kB
dist/assets/Article-DYqVd93w.js                                  1.25 kB │ gzip:   0.53 kB
dist/assets/Article-DZiAYp8n.js                                  1.25 kB │ gzip:   0.53 kB
dist/assets/Article-D_XzoKNa.js                                  1.25 kB │ gzip:   0.53 kB
dist/assets/Article-D__JZ8Ry3.js                                 1.25 kB │ gzip:   0.52 kB
dist/assets/Article-Df2bVD7X3.js                                 1.25 kB │ gzip:   0.53 kB
dist/assets/Article-Dhgkd8_q.js                                  1.25 kB │ gzip:   0.53 kB
dist/assets/Article-DloZ0JiT.js                                  1.25 kB │ gzip:   0.52 kB
dist/assets/Article-Dn2E5n2v.js                                  1.25 kB │ gzip:   0.53 kB
dist/assets/Article-DuWETCq4.js                                  1.25 kB │ gzip:   0.53 kB
dist/assets/Article-Dv-hFfjw2.js                                 1.25 kB │ gzip:   0.53 kB
dist/assets/Article-GHW5ZJ0j.js                                  1.25 kB │ gzip:   0.53 kB
dist/assets/Article-JcYdD4Sw2.js                                 1.25 kB │ gzip:   0.52 kB
dist/assets/Article-NmAtXwxe2.js                                 1.25 kB │ gzip:   0.53 kB
dist/assets/Article-PSZ34NIy2.js                                 1.25 kB │ gzip:   0.53 kB
dist/assets/Article-U8cSDGtf3.js                                 1.25 kB │ gzip:   0.53 kB
dist/assets/Article-VuqVjUY53.js                                 1.25 kB │ gzip:   0.53 kB
dist/assets/Article-YX7pIcQ23.js                                 1.25 kB │ gzip:   0.53 kB
dist/assets/Article-YhMvWjzk2.js                                 1.25 kB │ gzip:   0.53 kB
dist/assets/Article-Yns-QjIp2.js                                 1.25 kB │ gzip:   0.52 kB
dist/assets/Article-Z52Rd4422.js                                 1.25 kB │ gzip:   0.53 kB
dist/assets/Article-dnyGrim32.js                                 1.25 kB │ gzip:   0.53 kB
dist/assets/Article-i7TFy8Z42.js                                 1.25 kB │ gzip:   0.53 kB
dist/assets/Article-mnB-akp_2.js                                 1.25 kB │ gzip:   0.53 kB
dist/assets/Article-n0IfvYfG.js                                  1.25 kB │ gzip:   0.53 kB
dist/assets/Article-sH5-LUYH.js                                  1.25 kB │ gzip:   0.53 kB
dist/assets/Article-vG1pueun.js                                  1.25 kB │ gzip:   0.53 kB
dist/assets/Article-6bAXZkXb.js                                  1.25 kB │ gzip:   0.53 kB
dist/assets/Article-7tfGZ6Dj2.js                                 1.25 kB │ gzip:   0.53 kB
dist/assets/Article-80oAS4uF2.js                                 1.25 kB │ gzip:   0.53 kB
dist/assets/Article-8HOomnWo.js                                  1.25 kB │ gzip:   0.53 kB
dist/assets/Article-B-tm-9Xc3.js                                 1.25 kB │ gzip:   0.53 kB
dist/assets/Article-B241ibcS.js                                  1.25 kB │ gzip:   0.53 kB
dist/assets/Article-B7IIu4z9.js                                  1.25 kB │ gzip:   0.53 kB
dist/assets/Article-BFmGl1Dh3.js                                 1.25 kB │ gzip:   0.53 kB
dist/assets/Article-BHF9BGnq2.js                                 1.25 kB │ gzip:   0.53 kB
dist/assets/Article-BJOZy4Qg4.js                                 1.25 kB │ gzip:   0.53 kB
dist/assets/Article-BOPPp96w3.js                                 1.25 kB │ gzip:   0.53 kB
dist/assets/Article-BRDOBSU32.js                                 1.25 kB │ gzip:   0.53 kB
dist/assets/Article-BV4DyqAt2.js                                 1.25 kB │ gzip:   0.53 kB
dist/assets/Article-B_mHDfog3.js                                 1.25 kB │ gzip:   0.53 kB
dist/assets/Article-BaVU9ErO.js                                  1.25 kB │ gzip:   0.53 kB
dist/assets/Article-BjEMjoVX2.js                                 1.25 kB │ gzip:   0.53 kB
dist/assets/Article-BoNnrrFl3.js                                 1.25 kB │ gzip:   0.53 kB
dist/assets/Article-BpXVTdNW2.js                                 1.25 kB │ gzip:   0.53 kB
dist/assets/Article-BsGUEUC5.js                                  1.25 kB │ gzip:   0.53 kB
dist/assets/Article-BwZkAQaq2.js                                 1.25 kB │ gzip:   0.53 kB
dist/assets/Article-BwZvssMx.js                                  1.25 kB │ gzip:   0.53 kB
dist/assets/Article-C8lXW94I.js                                  1.25 kB │ gzip:   0.53 kB
dist/assets/Article-CGCJZbQU3.js                                 1.25 kB │ gzip:   0.53 kB
dist/assets/Article-CMpa4eeO2.js                                 1.25 kB │ gzip:   0.53 kB
dist/assets/Article-CU5xDMbp4.js                                 1.25 kB │ gzip:   0.53 kB
dist/assets/Article-CUf4YJtX2.js                                 1.25 kB │ gzip:   0.53 kB
dist/assets/Article-CYmWXyRG.js                                  1.25 kB │ gzip:   0.53 kB
dist/assets/Article-CbvGdK3L.js                                  1.25 kB │ gzip:   0.53 kB
dist/assets/Article-CgsbdMO7.js                                  1.25 kB │ gzip:   0.53 kB
dist/assets/Article-CoXA-zIa3.js                                 1.25 kB │ gzip:   0.54 kB
dist/assets/Article-CsoqcQaV.js                                  1.25 kB │ gzip:   0.53 kB
dist/assets/Article-D12w00uY.js                                  1.25 kB │ gzip:   0.53 kB
dist/assets/Article-D1gso9fI.js                                  1.25 kB │ gzip:   0.53 kB
dist/assets/Article-D3nLFEoy.js                                  1.25 kB │ gzip:   0.53 kB
dist/assets/Article-D3pxl1j4.js                                  1.25 kB │ gzip:   0.53 kB
dist/assets/Article-D8XCFk3Y2.js                                 1.25 kB │ gzip:   0.53 kB
dist/assets/Article-DCU6dloV.js                                  1.25 kB │ gzip:   0.53 kB
dist/assets/Article-DKPf_vnT3.js                                 1.25 kB │ gzip:   0.53 kB
dist/assets/Article-DRLkjvhK3.js                                 1.25 kB │ gzip:   0.54 kB
dist/assets/Article-DVqF-4rh2.js                                 1.25 kB │ gzip:   0.53 kB
dist/assets/Article-DYS-m9-o.js                                  1.25 kB │ gzip:   0.53 kB
dist/assets/Article-DhzXSwId4.js                                 1.25 kB │ gzip:   0.54 kB
dist/assets/Article-DjPPm1lJ.js                                  1.25 kB │ gzip:   0.53 kB
dist/assets/Article-DjTj3NK44.js                                 1.25 kB │ gzip:   0.53 kB
dist/assets/Article-DmM8plN-2.js                                 1.25 kB │ gzip:   0.52 kB
dist/assets/Article-DteIUbMe2.js                                 1.25 kB │ gzip:   0.53 kB
dist/assets/Article-DwFlStOG.js                                  1.25 kB │ gzip:   0.53 kB
dist/assets/Article-DyJwqZTx.js                                  1.25 kB │ gzip:   0.53 kB
dist/assets/Article-DzBPnyhO.js                                  1.25 kB │ gzip:   0.53 kB
dist/assets/Article-EclA6u_W.js                                  1.25 kB │ gzip:   0.53 kB
dist/assets/Article-GkIq4RLD.js                                  1.25 kB │ gzip:   0.53 kB
dist/assets/Article-TaTTGIjh3.js                                 1.25 kB │ gzip:   0.53 kB
dist/assets/Article-TlRLte5h3.js                                 1.25 kB │ gzip:   0.53 kB
dist/assets/Article-dMKnAzF03.js                                 1.25 kB │ gzip:   0.54 kB
dist/assets/Article-ifNqScB83.js                                 1.25 kB │ gzip:   0.53 kB
dist/assets/Article-kpPpvseS2.js                                 1.25 kB │ gzip:   0.53 kB
dist/assets/Article-yG23RVOX.js                                  1.25 kB │ gzip:   0.53 kB
dist/assets/Article-2lGm4Zzs.js                                  1.26 kB │ gzip:   0.53 kB
dist/assets/Article-4Sxkubyh.js                                  1.26 kB │ gzip:   0.53 kB
dist/assets/Article-5k9juCGD.js                                  1.26 kB │ gzip:   0.53 kB
dist/assets/Article-9xSOy_Un.js                                  1.26 kB │ gzip:   0.53 kB
dist/assets/Article-B0bum8sm.js                                  1.26 kB │ gzip:   0.53 kB
dist/assets/Article-B7DcxxL-4.js                                 1.26 kB │ gzip:   0.53 kB
dist/assets/Article-B7rZz_Xl2.js                                 1.26 kB │ gzip:   0.53 kB
dist/assets/Article-BCKbwvin.js                                  1.26 kB │ gzip:   0.53 kB
dist/assets/Article-BEMblD013.js                                 1.26 kB │ gzip:   0.53 kB
dist/assets/Article-BIzYcQsl.js                                  1.26 kB │ gzip:   0.53 kB
dist/assets/Article-BPVO2am63.js                                 1.26 kB │ gzip:   0.53 kB
dist/assets/Article-BREn47594.js                                 1.26 kB │ gzip:   0.54 kB
dist/assets/Article-BV24TMkK.js                                  1.26 kB │ gzip:   0.53 kB
dist/assets/Article-BVlXOFd-2.js                                 1.26 kB │ gzip:   0.53 kB
dist/assets/Article-BWUSGXNf2.js                                 1.26 kB │ gzip:   0.53 kB
dist/assets/Article-BXsPeT4C.js                                  1.26 kB │ gzip:   0.53 kB
dist/assets/Article-BY4OL1mf2.js                                 1.26 kB │ gzip:   0.53 kB
dist/assets/Article-BYtrsTtH.js                                  1.26 kB │ gzip:   0.53 kB
dist/assets/Article-B_1LJGMA.js                                  1.26 kB │ gzip:   0.53 kB
dist/assets/Article-BdaCOBH-3.js                                 1.26 kB │ gzip:   0.53 kB
dist/assets/Article-BdejLdlr2.js                                 1.26 kB │ gzip:   0.53 kB
dist/assets/Article-Bl3xgcHU2.js                                 1.26 kB │ gzip:   0.53 kB
dist/assets/Article-BoerDsfc4.js                                 1.26 kB │ gzip:   0.53 kB
dist/assets/Article-BpO1ezao3.js                                 1.26 kB │ gzip:   0.53 kB
dist/assets/Article-BrAEJZ2g4.js                                 1.26 kB │ gzip:   0.53 kB
dist/assets/Article-BsNqXSiX.js                                  1.26 kB │ gzip:   0.53 kB
dist/assets/Article-BvkoBJk72.js                                 1.26 kB │ gzip:   0.53 kB
dist/assets/Article-C3eleWVi.js                                  1.26 kB │ gzip:   0.53 kB
dist/assets/Article-CADZAKRV.js                                  1.26 kB │ gzip:   0.53 kB
dist/assets/Article-CFL5pKb14.js                                 1.26 kB │ gzip:   0.53 kB
dist/assets/Article-CHVi6i-13.js                                 1.26 kB │ gzip:   0.53 kB
dist/assets/Article-COChvUXZ3.js                                 1.26 kB │ gzip:   0.53 kB
dist/assets/Article-CPjJ26vx.js                                  1.26 kB │ gzip:   0.53 kB
dist/assets/Article-CUrEbXqt4.js                                 1.26 kB │ gzip:   0.53 kB
dist/assets/Article-Cg9bqYwV.js                                  1.26 kB │ gzip:   0.53 kB
dist/assets/Article-ChPDDoZ32.js                                 1.26 kB │ gzip:   0.52 kB
dist/assets/Article-CiadiGaU.js                                  1.26 kB │ gzip:   0.53 kB
dist/assets/Article-Cl6M8O8H2.js                                 1.26 kB │ gzip:   0.53 kB
dist/assets/Article-CmuSuE4D2.js                                 1.26 kB │ gzip:   0.53 kB
dist/assets/Article-CrVwQJk-2.js                                 1.26 kB │ gzip:   0.53 kB
dist/assets/Article-CvXJQ67u2.js                                 1.26 kB │ gzip:   0.53 kB
dist/assets/Article-D53Qb3e44.js                                 1.26 kB │ gzip:   0.53 kB
dist/assets/Article-D5IDUjnr3.js                                 1.26 kB │ gzip:   0.53 kB
dist/assets/Article-D5hG0i_T.js                                  1.26 kB │ gzip:   0.53 kB
dist/assets/Article-D6ub3dii.js                                  1.26 kB │ gzip:   0.53 kB
dist/assets/Article-DBCiKmHg.js                                  1.26 kB │ gzip:   0.53 kB
dist/assets/Article-DBP0zYu42.js                                 1.26 kB │ gzip:   0.53 kB
dist/assets/Article-DO9oIL6s.js                                  1.26 kB │ gzip:   0.53 kB
dist/assets/Article-DOfCIyns2.js                                 1.26 kB │ gzip:   0.53 kB
dist/assets/Article-DPQ0B-oL4.js                                 1.26 kB │ gzip:   0.53 kB
dist/assets/Article-DTAZeB702.js                                 1.26 kB │ gzip:   0.54 kB
dist/assets/Article-DTlTGIkr2.js                                 1.26 kB │ gzip:   0.53 kB
dist/assets/Article-DWiAv-s_.js                                  1.26 kB │ gzip:   0.53 kB
dist/assets/Article-DfD2O4bo2.js                                 1.26 kB │ gzip:   0.53 kB
dist/assets/Article-Dhth3yq4.js                                  1.26 kB │ gzip:   0.53 kB
dist/assets/Article-Dkh6ZZ4X.js                                  1.26 kB │ gzip:   0.53 kB
dist/assets/Article-DnGa1-Su.js                                  1.26 kB │ gzip:   0.53 kB
dist/assets/Article-DnWalGkH2.js                                 1.26 kB │ gzip:   0.53 kB
dist/assets/Article-Do68gQJH.js                                  1.26 kB │ gzip:   0.53 kB
dist/assets/Article-DtwnslAt.js                                  1.26 kB │ gzip:   0.53 kB
dist/assets/Article-DuHkg91O.js                                  1.26 kB │ gzip:   0.53 kB
dist/assets/Article-Dvi5NcxE.js                                  1.26 kB │ gzip:   0.53 kB
dist/assets/Article-FaoRks_e.js                                  1.26 kB │ gzip:   0.53 kB
dist/assets/Article-GhL4U2Ti3.js                                 1.26 kB │ gzip:   0.53 kB
dist/assets/Article-IKevyXC3.js                                  1.26 kB │ gzip:   0.53 kB
dist/assets/Article-JVnvs34s.js                                  1.26 kB │ gzip:   0.53 kB
dist/assets/Article-KqyoltMr3.js                                 1.26 kB │ gzip:   0.53 kB
dist/assets/Article-O5BXLETd2.js                                 1.26 kB │ gzip:   0.53 kB
dist/assets/Article-Xy33J-lf2.js                                 1.26 kB │ gzip:   0.53 kB
dist/assets/Article-_rH_CfZZ.js                                  1.26 kB │ gzip:   0.53 kB
dist/assets/Article-gWMRcbft4.js                                 1.26 kB │ gzip:   0.53 kB
dist/assets/Article-pXcef_jT.js                                  1.26 kB │ gzip:   0.53 kB
dist/assets/Article-vRPo2Hvt3.js                                 1.26 kB │ gzip:   0.52 kB
dist/assets/Article-wZpK6RvR.js                                  1.26 kB │ gzip:   0.52 kB
dist/assets/Article-xiMKDABy2.js                                 1.26 kB │ gzip:   0.53 kB
dist/assets/Article-yJdUv7Pe2.js                                 1.26 kB │ gzip:   0.53 kB
dist/assets/Article-09iVEo4n.js                                  1.26 kB │ gzip:   0.53 kB
dist/assets/Article-B02vt6wM3.js                                 1.26 kB │ gzip:   0.53 kB
dist/assets/Article-B26bGXX-.js                                  1.26 kB │ gzip:   0.53 kB
dist/assets/Article-B366y3Fe4.js                                 1.26 kB │ gzip:   0.53 kB
dist/assets/Article-B4j88Pvp.js                                  1.26 kB │ gzip:   0.53 kB
dist/assets/Article-B77BfpqB.js                                  1.26 kB │ gzip:   0.52 kB
dist/assets/Article-B9ZAn-_8.js                                  1.26 kB │ gzip:   0.53 kB
dist/assets/Article-BEVhHUIs2.js                                 1.26 kB │ gzip:   0.53 kB
dist/assets/Article-BKgCnVXE2.js                                 1.26 kB │ gzip:   0.53 kB
dist/assets/Article-BPQy9iPZ2.js                                 1.26 kB │ gzip:   0.52 kB
dist/assets/Article-BPmgesBp2.js                                 1.26 kB │ gzip:   0.53 kB
dist/assets/Article-BYU8M-3o2.js                                 1.26 kB │ gzip:   0.53 kB
dist/assets/Article-Bcn_5Pwe.js                                  1.26 kB │ gzip:   0.53 kB
dist/assets/Article-BcoWSiHy.js                                  1.26 kB │ gzip:   0.53 kB
dist/assets/Article-BdWOysAN2.js                                 1.26 kB │ gzip:   0.53 kB
dist/assets/Article-BfG6HBEV2.js                                 1.26 kB │ gzip:   0.54 kB
dist/assets/Article-BfXFv0ce.js                                  1.26 kB │ gzip:   0.53 kB
dist/assets/Article-BmN3PNKe.js                                  1.26 kB │ gzip:   0.53 kB
dist/assets/Article-Bo3HjEXv2.js                                 1.26 kB │ gzip:   0.53 kB
dist/assets/Article-Bukiuqk6.js                                  1.26 kB │ gzip:   0.53 kB
dist/assets/Article-Bwv90fKN3.js                                 1.26 kB │ gzip:   0.53 kB
dist/assets/Article-By2ZZHgG4.js                                 1.26 kB │ gzip:   0.53 kB
dist/assets/Article-ByZTTQyQ2.js                                 1.26 kB │ gzip:   0.53 kB
dist/assets/Article-BypY69ne.js                                  1.26 kB │ gzip:   0.53 kB
dist/assets/Article-C3-FtgBq.js                                  1.26 kB │ gzip:   0.53 kB
dist/assets/Article-C7do-rLi2.js                                 1.26 kB │ gzip:   0.53 kB
dist/assets/Article-C801tig52.js                                 1.26 kB │ gzip:   0.53 kB
dist/assets/Article-CBmiQ0Wb3.js                                 1.26 kB │ gzip:   0.53 kB
dist/assets/Article-CFrU1QjC.js                                  1.26 kB │ gzip:   0.53 kB
dist/assets/Article-CJI2tAts.js                                  1.26 kB │ gzip:   0.53 kB
dist/assets/Article-CMA8ramb3.js                                 1.26 kB │ gzip:   0.53 kB
dist/assets/Article-CQeD3sTi.js                                  1.26 kB │ gzip:   0.53 kB
dist/assets/Article-CU2CYji7.js                                  1.26 kB │ gzip:   0.52 kB
dist/assets/Article-CUPkNB4-2.js                                 1.26 kB │ gzip:   0.53 kB
dist/assets/Article-CV8Q26ec2.js                                 1.26 kB │ gzip:   0.53 kB
dist/assets/Article-CVrV7Ul4.js                                  1.26 kB │ gzip:   0.53 kB
dist/assets/Article-CWRYdJgN2.js                                 1.26 kB │ gzip:   0.53 kB
dist/assets/Article-CWXkUQC02.js                                 1.26 kB │ gzip:   0.53 kB
dist/assets/Article-CYTD5YhD.js                                  1.26 kB │ gzip:   0.53 kB
dist/assets/Article-CZd1_oAy.js                                  1.26 kB │ gzip:   0.53 kB
dist/assets/Article-C_hqBOcX.js                                  1.26 kB │ gzip:   0.53 kB
dist/assets/Article-CafWDY1k2.js                                 1.26 kB │ gzip:   0.53 kB
dist/assets/Article-Cahn0ziJ.js                                  1.26 kB │ gzip:   0.52 kB
dist/assets/Article-CdMjXScO2.js                                 1.26 kB │ gzip:   0.53 kB
dist/assets/Article-CdX45FT12.js                                 1.26 kB │ gzip:   0.53 kB
dist/assets/Article-CrXZEJlb3.js                                 1.26 kB │ gzip:   0.53 kB
dist/assets/Article-Cr_KbEcg.js                                  1.26 kB │ gzip:   0.53 kB
dist/assets/Article-D6w5njqv4.js                                 1.26 kB │ gzip:   0.53 kB
dist/assets/Article-DAUe2CPP3.js                                 1.26 kB │ gzip:   0.53 kB
dist/assets/Article-DDldVwGb.js                                  1.26 kB │ gzip:   0.53 kB
dist/assets/Article-DF_hrUp5.js                                  1.26 kB │ gzip:   0.53 kB
dist/assets/Article-DK2MvalR2.js                                 1.26 kB │ gzip:   0.53 kB
dist/assets/Article-DK7T7ZVP.js                                  1.26 kB │ gzip:   0.53 kB
dist/assets/Article-DM650RV93.js                                 1.26 kB │ gzip:   0.53 kB
dist/assets/Article-DNMdQwPJ3.js                                 1.26 kB │ gzip:   0.53 kB
dist/assets/Article-DOClJOMQ3.js                                 1.26 kB │ gzip:   0.53 kB
dist/assets/Article-DRDWn3cS4.js                                 1.26 kB │ gzip:   0.53 kB
dist/assets/Article-DVUjdwY2.js                                  1.26 kB │ gzip:   0.53 kB
dist/assets/Article-DXEJI2Em.js                                  1.26 kB │ gzip:   0.52 kB
dist/assets/Article-DXFPxqNK.js                                  1.26 kB │ gzip:   0.53 kB
dist/assets/Article-DXeANM1U4.js                                 1.26 kB │ gzip:   0.53 kB
dist/assets/Article-DZ7LTLLF3.js                                 1.26 kB │ gzip:   0.53 kB
dist/assets/Article-DaYjS3U7.js                                  1.26 kB │ gzip:   0.53 kB
dist/assets/Article-DafEbqTT3.js                                 1.26 kB │ gzip:   0.53 kB
dist/assets/Article-DbndjQeV.js                                  1.26 kB │ gzip:   0.53 kB
dist/assets/Article-Dheecjzr.js                                  1.26 kB │ gzip:   0.53 kB
dist/assets/Article-Dmz1AaY83.js                                 1.26 kB │ gzip:   0.53 kB
dist/assets/Article-DqOuJV88.js                                  1.26 kB │ gzip:   0.54 kB
dist/assets/Article-DsTgFh8m.js                                  1.26 kB │ gzip:   0.53 kB
dist/assets/Article-DvXIruAf4.js                                 1.26 kB │ gzip:   0.53 kB
dist/assets/Article-Dw4H_eDb2.js                                 1.26 kB │ gzip:   0.53 kB
dist/assets/Article-Dy1pMRzM3.js                                 1.26 kB │ gzip:   0.54 kB
dist/assets/Article-FxiFTEz_2.js                                 1.26 kB │ gzip:   0.53 kB
dist/assets/Article-HuT8fWDu4.js                                 1.26 kB │ gzip:   0.53 kB
dist/assets/Article-IMP5pq-e.js                                  1.26 kB │ gzip:   0.53 kB
dist/assets/Article-IkdMKgJy3.js                                 1.26 kB │ gzip:   0.52 kB
dist/assets/Article-MeLvITVk2.js                                 1.26 kB │ gzip:   0.53 kB
dist/assets/Article-MeSV5jVI2.js                                 1.26 kB │ gzip:   0.53 kB
dist/assets/Article-OEWJVgxm2.js                                 1.26 kB │ gzip:   0.53 kB
dist/assets/Article-PFYCwj552.js                                 1.26 kB │ gzip:   0.54 kB
dist/assets/Article-XqwrfOfB3.js                                 1.26 kB │ gzip:   0.53 kB
dist/assets/Article-Yqce2SyT2.js                                 1.26 kB │ gzip:   0.53 kB
dist/assets/Article-b0rs-GyJ2.js                                 1.26 kB │ gzip:   0.53 kB
dist/assets/Article-c_I-EmhB4.js                                 1.26 kB │ gzip:   0.53 kB
dist/assets/Article-hTL8FV_o.js                                  1.26 kB │ gzip:   0.53 kB
dist/assets/Article-hw-7K1hq.js                                  1.26 kB │ gzip:   0.53 kB
dist/assets/Article-n37pGU2K3.js                                 1.26 kB │ gzip:   0.52 kB
dist/assets/Article-tGozuXVv4.js                                 1.26 kB │ gzip:   0.53 kB
dist/assets/Article-u-ILKlUi.js                                  1.26 kB │ gzip:   0.53 kB
dist/assets/Article-zlKRSjxW4.js                                 1.26 kB │ gzip:   0.53 kB
dist/assets/Article-8_U2FPIR4.js                                 1.26 kB │ gzip:   0.53 kB
dist/assets/Article-B0r8LFeT2.js                                 1.26 kB │ gzip:   0.53 kB
dist/assets/Article-B18QWC8_4.js                                 1.26 kB │ gzip:   0.53 kB
dist/assets/Article-B6AmJBAR.js                                  1.26 kB │ gzip:   0.53 kB
dist/assets/Article-B9Tnkm-U3.js                                 1.26 kB │ gzip:   0.53 kB
dist/assets/Article-BAhKrEyK2.js                                 1.26 kB │ gzip:   0.53 kB
dist/assets/Article-BQqGhb852.js                                 1.26 kB │ gzip:   0.53 kB
dist/assets/Article-BXX8Um-t3.js                                 1.26 kB │ gzip:   0.53 kB
dist/assets/Article-BZAjTZ8g2.js                                 1.26 kB │ gzip:   0.53 kB
dist/assets/Article-BZs5H6c22.js                                 1.26 kB │ gzip:   0.53 kB
dist/assets/Article-Bdaidn422.js                                 1.26 kB │ gzip:   0.53 kB
dist/assets/Article-Bes8LnpZ2.js                                 1.26 kB │ gzip:   0.53 kB
dist/assets/Article-BpvmS5Tr.js                                  1.26 kB │ gzip:   0.53 kB
dist/assets/Article-BujeVNgL2.js                                 1.26 kB │ gzip:   0.54 kB
dist/assets/Article-C1UqwG_L3.js                                 1.26 kB │ gzip:   0.53 kB
dist/assets/Article-C1nOMnCU.js                                  1.26 kB │ gzip:   0.53 kB
dist/assets/Article-C3FJ1KNh.js                                  1.26 kB │ gzip:   0.53 kB
dist/assets/Article-C3N8eY4X3.js                                 1.26 kB │ gzip:   0.53 kB
dist/assets/Article-CG6aysHS.js                                  1.26 kB │ gzip:   0.53 kB
dist/assets/Article-CNGYv5pk2.js                                 1.26 kB │ gzip:   0.53 kB
dist/assets/Article-CNKQ7GHE.js                                  1.26 kB │ gzip:   0.53 kB
dist/assets/Article-CRYnAZwP3.js                                 1.26 kB │ gzip:   0.53 kB
dist/assets/Article-CXE-llXV.js                                  1.26 kB │ gzip:   0.53 kB
dist/assets/Article-CXTZBGWp.js                                  1.26 kB │ gzip:   0.53 kB
dist/assets/Article-C_Mzz20j.js                                  1.26 kB │ gzip:   0.53 kB
dist/assets/Article-CaT0Ni3Z.js                                  1.26 kB │ gzip:   0.53 kB
dist/assets/Article-CdA2rbRl2.js                                 1.26 kB │ gzip:   0.54 kB
dist/assets/Article-CdFQCMD1.js                                  1.26 kB │ gzip:   0.52 kB
dist/assets/Article-CiuQKYJV4.js                                 1.26 kB │ gzip:   0.54 kB
dist/assets/Article-CnFGsXze.js                                  1.26 kB │ gzip:   0.53 kB
dist/assets/Article-Cq8fizo62.js                                 1.26 kB │ gzip:   0.53 kB
dist/assets/Article-Cr1obrHg2.js                                 1.26 kB │ gzip:   0.53 kB
dist/assets/Article-CvDJm9o6.js                                  1.26 kB │ gzip:   0.53 kB
dist/assets/Article-D-RFCTR42.js                                 1.26 kB │ gzip:   0.54 kB
dist/assets/Article-D12SoBYU2.js                                 1.26 kB │ gzip:   0.53 kB
dist/assets/Article-D1Ac5xtC3.js                                 1.26 kB │ gzip:   0.53 kB
dist/assets/Article-D2SONHTD2.js                                 1.26 kB │ gzip:   0.53 kB
dist/assets/Article-D3j2eaRh.js                                  1.26 kB │ gzip:   0.53 kB
dist/assets/Article-D9PW0ys22.js                                 1.26 kB │ gzip:   0.53 kB
dist/assets/Article-DOog5HQP3.js                                 1.26 kB │ gzip:   0.53 kB
dist/assets/Article-DVUTN0Ae.js                                  1.26 kB │ gzip:   0.53 kB
dist/assets/Article-DWCLjQbv2.js                                 1.26 kB │ gzip:   0.54 kB
dist/assets/Article-DWZfn9or3.js                                 1.26 kB │ gzip:   0.53 kB
dist/assets/Article-DatNAw8u2.js                                 1.26 kB │ gzip:   0.54 kB
dist/assets/Article-DhRMSc1p3.js                                 1.26 kB │ gzip:   0.54 kB
dist/assets/Article-DiLDbHOO2.js                                 1.26 kB │ gzip:   0.53 kB
dist/assets/Article-DmXSi5xo2.js                                 1.26 kB │ gzip:   0.53 kB
dist/assets/Article-DuZX5o4W.js                                  1.26 kB │ gzip:   0.53 kB
dist/assets/Article-DvT7tIy_.js                                  1.26 kB │ gzip:   0.53 kB
dist/assets/Article-Esr8PQ7o3.js                                 1.26 kB │ gzip:   0.53 kB
dist/assets/Article-FMHg2W7p.js                                  1.26 kB │ gzip:   0.53 kB
dist/assets/Article-JbWSWeBu2.js                                 1.26 kB │ gzip:   0.53 kB
dist/assets/Article-JvEGgo1S.js                                  1.26 kB │ gzip:   0.53 kB
dist/assets/Article-OC2qBnsP.js                                  1.26 kB │ gzip:   0.53 kB
dist/assets/Article-ReB_ELl62.js                                 1.26 kB │ gzip:   0.53 kB
dist/assets/Article-SOv1GhSe2.js                                 1.26 kB │ gzip:   0.54 kB
dist/assets/Article-VJkLnqJE3.js                                 1.26 kB │ gzip:   0.53 kB
dist/assets/Article-VKgwQYti3.js                                 1.26 kB │ gzip:   0.53 kB
dist/assets/Article-YhrsnMXT4.js                                 1.26 kB │ gzip:   0.53 kB
dist/assets/Article-hmUzOVkF3.js                                 1.26 kB │ gzip:   0.53 kB
dist/assets/Article-jEsIcDtv.js                                  1.26 kB │ gzip:   0.53 kB
dist/assets/Article-n1XLMu1U3.js                                 1.26 kB │ gzip:   0.53 kB
dist/assets/Article-qy0Cnvhl2.js                                 1.26 kB │ gzip:   0.53 kB
dist/assets/Article-tCzs3SIs3.js                                 1.26 kB │ gzip:   0.53 kB
dist/assets/Article-x-OFxAXD3.js                                 1.26 kB │ gzip:   0.53 kB
dist/assets/Article-7OYHLB6f3.js                                 1.26 kB │ gzip:   0.52 kB
dist/assets/Article-8njLJJZQ2.js                                 1.26 kB │ gzip:   0.53 kB
dist/assets/Article-9hQpAZom3.js                                 1.26 kB │ gzip:   0.53 kB
dist/assets/Article-B0yJkv7B2.js                                 1.26 kB │ gzip:   0.53 kB
dist/assets/Article-B3yztVui3.js                                 1.26 kB │ gzip:   0.53 kB
dist/assets/Article-B6wsjN5v.js                                  1.26 kB │ gzip:   0.53 kB
dist/assets/Article-B7QC4S4W2.js                                 1.26 kB │ gzip:   0.53 kB
dist/assets/Article-B7enKh9f.js                                  1.26 kB │ gzip:   0.53 kB
dist/assets/Article-B9TZpL603.js                                 1.26 kB │ gzip:   0.53 kB
dist/assets/Article-BE3mjX2_.js                                  1.26 kB │ gzip:   0.53 kB
dist/assets/Article-BHmw3vJL2.js                                 1.26 kB │ gzip:   0.53 kB
dist/assets/Article-BJqdSwpx4.js                                 1.26 kB │ gzip:   0.53 kB
dist/assets/Article-BOCTsV9C4.js                                 1.26 kB │ gzip:   0.53 kB
dist/assets/Article-BSNEhaMA4.js                                 1.26 kB │ gzip:   0.53 kB
dist/assets/Article-BTyGebQl3.js                                 1.26 kB │ gzip:   0.53 kB
dist/assets/Article-Bhgx59w_.js                                  1.26 kB │ gzip:   0.52 kB
dist/assets/Article-Bos3qXbp3.js                                 1.26 kB │ gzip:   0.53 kB
dist/assets/Article-BrgFRZSi.js                                  1.26 kB │ gzip:   0.53 kB
dist/assets/Article-Bs_wt3TQ.js                                  1.26 kB │ gzip:   0.53 kB
dist/assets/Article-BvHpCEQJ2.js                                 1.26 kB │ gzip:   0.53 kB
dist/assets/Article-BwUlZcv04.js                                 1.26 kB │ gzip:   0.53 kB
dist/assets/Article-BymHtP8q.js                                  1.26 kB │ gzip:   0.53 kB
dist/assets/Article-C3wtZPUI.js                                  1.26 kB │ gzip:   0.53 kB
dist/assets/Article-C8Co5Ul_3.js                                 1.26 kB │ gzip:   0.53 kB
dist/assets/Article-C8UWGXPQ3.js                                 1.26 kB │ gzip:   0.52 kB
dist/assets/Article-CBBqE5wA2.js                                 1.26 kB │ gzip:   0.53 kB
dist/assets/Article-CBVzevvj2.js                                 1.26 kB │ gzip:   0.53 kB
dist/assets/Article-CDRqfgz22.js                                 1.26 kB │ gzip:   0.53 kB
dist/assets/Article-CFyx5WnJ3.js                                 1.26 kB │ gzip:   0.53 kB
dist/assets/Article-CMJupCRM2.js                                 1.26 kB │ gzip:   0.53 kB
dist/assets/Article-CP7KKeOr.js                                  1.26 kB │ gzip:   0.52 kB
dist/assets/Article-CZccBnYQ2.js                                 1.26 kB │ gzip:   0.52 kB
dist/assets/Article-CaNm1NrP2.js                                 1.26 kB │ gzip:   0.53 kB
dist/assets/Article-Cho0KCaA4.js                                 1.26 kB │ gzip:   0.53 kB
dist/assets/Article-ClF6ymKv2.js                                 1.26 kB │ gzip:   0.53 kB
dist/assets/Article-CrF_Rlgt4.js                                 1.26 kB │ gzip:   0.53 kB
dist/assets/Article-D1Y-u_1e.js                                  1.26 kB │ gzip:   0.53 kB
dist/assets/Article-D4qM3kQF.js                                  1.26 kB │ gzip:   0.53 kB
dist/assets/Article-D7ikyB8p2.js                                 1.26 kB │ gzip:   0.52 kB
dist/assets/Article-DAMpIdNl2.js                                 1.26 kB │ gzip:   0.53 kB
dist/assets/Article-DAlEZqf72.js                                 1.26 kB │ gzip:   0.53 kB
dist/assets/Article-DCpcfEAt3.js                                 1.26 kB │ gzip:   0.53 kB
dist/assets/Article-DEBg52k32.js                                 1.26 kB │ gzip:   0.53 kB
dist/assets/Article-DEXrztg8.js                                  1.26 kB │ gzip:   0.53 kB
dist/assets/Article-DFDdmd-g3.js                                 1.26 kB │ gzip:   0.52 kB
dist/assets/Article-DKkAbjfB.js                                  1.26 kB │ gzip:   0.53 kB
dist/assets/Article-DNdYAjod.js                                  1.26 kB │ gzip:   0.53 kB
dist/assets/Article-DO56yjQQ.js                                  1.26 kB │ gzip:   0.53 kB
dist/assets/Article-DOkpt5rr2.js                                 1.26 kB │ gzip:   0.53 kB
dist/assets/Article-DPuTsd9n.js                                  1.26 kB │ gzip:   0.53 kB
dist/assets/Article-DR4VJxmz4.js                                 1.26 kB │ gzip:   0.53 kB
dist/assets/Article-DWR5GM7E2.js                                 1.26 kB │ gzip:   0.53 kB
dist/assets/Article-DYL-PxSv.js                                  1.26 kB │ gzip:   0.53 kB
dist/assets/Article-DZFaR4wm2.js                                 1.26 kB │ gzip:   0.53 kB
dist/assets/Article-DgzQ1xDt3.js                                 1.26 kB │ gzip:   0.53 kB
dist/assets/Article-DmbLlyef.js                                  1.26 kB │ gzip:   0.53 kB
dist/assets/Article-DrpQ23D12.js                                 1.26 kB │ gzip:   0.52 kB
dist/assets/Article-DxV2sAmI.js                                  1.26 kB │ gzip:   0.53 kB
dist/assets/Article-LK4n47-s2.js                                 1.26 kB │ gzip:   0.52 kB
dist/assets/Article-MqoVyg6R.js                                  1.26 kB │ gzip:   0.53 kB
dist/assets/Article-OXoJTfhV.js                                  1.26 kB │ gzip:   0.53 kB
dist/assets/Article-RiEhuVOg.js                                  1.26 kB │ gzip:   0.53 kB
dist/assets/Article-b3bpL3vq.js                                  1.26 kB │ gzip:   0.53 kB
dist/assets/Article-cMYEmLEi.js                                  1.26 kB │ gzip:   0.53 kB
dist/assets/Article-k7GZQKJo.js                                  1.26 kB │ gzip:   0.53 kB
dist/assets/Article-kGL8o2Iw.js                                  1.26 kB │ gzip:   0.52 kB
dist/assets/Article-pPJ9tfwx.js                                  1.26 kB │ gzip:   0.53 kB
dist/assets/Article-2RUoVzH82.js                                 1.26 kB │ gzip:   0.53 kB
dist/assets/Article-2nO2xaC32.js                                 1.26 kB │ gzip:   0.53 kB
dist/assets/Article-4FgdkMmI2.js                                 1.26 kB │ gzip:   0.53 kB
dist/assets/Article-54OkIfi82.js                                 1.26 kB │ gzip:   0.53 kB
dist/assets/Article-5FWJoNKw2.js                                 1.26 kB │ gzip:   0.53 kB
dist/assets/Article-6vulp9NT2.js                                 1.26 kB │ gzip:   0.54 kB
dist/assets/Article-B1fl7yoT.js                                  1.26 kB │ gzip:   0.53 kB
dist/assets/Article-B2U6he0R.js                                  1.26 kB │ gzip:   0.53 kB
dist/assets/Article-B7JJyksh.js                                  1.26 kB │ gzip:   0.53 kB
dist/assets/Article-BE8tUVNA3.js                                 1.26 kB │ gzip:   0.54 kB
dist/assets/Article-BET4OIvw2.js                                 1.26 kB │ gzip:   0.53 kB
dist/assets/Article-BFEIqLFO4.js                                 1.26 kB │ gzip:   0.53 kB
dist/assets/Article-BH8T8ILz.js                                  1.26 kB │ gzip:   0.53 kB
dist/assets/Article-BI21uAzL.js                                  1.26 kB │ gzip:   0.53 kB
dist/assets/Article-BI3NewEq.js                                  1.26 kB │ gzip:   0.53 kB
dist/assets/Article-BJsRJkj4.js                                  1.26 kB │ gzip:   0.53 kB
dist/assets/Article-BLP4h7Ph2.js                                 1.26 kB │ gzip:   0.53 kB
dist/assets/Article-BN4VeFnf4.js                                 1.26 kB │ gzip:   0.53 kB
dist/assets/Article-BOo6hUeL3.js                                 1.26 kB │ gzip:   0.54 kB
dist/assets/Article-BRMV4eb-3.js                                 1.26 kB │ gzip:   0.53 kB
dist/assets/Article-BT4adFly.js                                  1.26 kB │ gzip:   0.53 kB
dist/assets/Article-BVWrX6Oe2.js                                 1.26 kB │ gzip:   0.53 kB
dist/assets/Article-BVr7kojZ3.js                                 1.26 kB │ gzip:   0.54 kB
dist/assets/Article-B_SbvD7U.js                                  1.26 kB │ gzip:   0.53 kB
dist/assets/Article-BazsGPOc.js                                  1.26 kB │ gzip:   0.53 kB
dist/assets/Article-BeSgX3dI3.js                                 1.26 kB │ gzip:   0.53 kB
dist/assets/Article-Be_9AMY62.js                                 1.26 kB │ gzip:   0.53 kB
dist/assets/Article-BgL7FTLa2.js                                 1.26 kB │ gzip:   0.53 kB
dist/assets/Article-Bi5-0-fN2.js                                 1.26 kB │ gzip:   0.53 kB
dist/assets/Article-Bkf6jLXQ2.js                                 1.26 kB │ gzip:   0.53 kB
dist/assets/Article-BnhrZ9VM.js                                  1.26 kB │ gzip:   0.53 kB
dist/assets/Article-BnvqwVQR.js                                  1.26 kB │ gzip:   0.53 kB
dist/assets/Article-Bq-2wtMM.js                                  1.26 kB │ gzip:   0.53 kB
dist/assets/Article-Bs9q5gqp.js                                  1.26 kB │ gzip:   0.53 kB
dist/assets/Article-BsdRnxJj2.js                                 1.26 kB │ gzip:   0.54 kB
dist/assets/Article-BtfDVG0D2.js                                 1.26 kB │ gzip:   0.53 kB
dist/assets/Article-BwoY9jWI2.js                                 1.26 kB │ gzip:   0.53 kB
dist/assets/Article-C-_m7Tsc2.js                                 1.26 kB │ gzip:   0.53 kB
dist/assets/Article-C0E_Kn2o2.js                                 1.26 kB │ gzip:   0.53 kB
dist/assets/Article-C0NxmIH9.js                                  1.26 kB │ gzip:   0.53 kB
dist/assets/Article-C0Z8IE0p2.js                                 1.26 kB │ gzip:   0.53 kB
dist/assets/Article-C41PySCS2.js                                 1.26 kB │ gzip:   0.53 kB
dist/assets/Article-C5vZu2Gy2.js                                 1.26 kB │ gzip:   0.53 kB
dist/assets/Article-C9_8ha4S4.js                                 1.26 kB │ gzip:   0.53 kB
dist/assets/Article-CAW4aVW4.js                                  1.26 kB │ gzip:   0.53 kB
dist/assets/Article-CBYecY6x.js                                  1.26 kB │ gzip:   0.53 kB
dist/assets/Article-CDb2WW1s.js                                  1.26 kB │ gzip:   0.53 kB
dist/assets/Article-CHjt0afq2.js                                 1.26 kB │ gzip:   0.53 kB
dist/assets/Article-CJZ5nLo_.js                                  1.26 kB │ gzip:   0.53 kB
dist/assets/Article-CPsGmc5f2.js                                 1.26 kB │ gzip:   0.53 kB
dist/assets/Article-CQTajewV.js                                  1.26 kB │ gzip:   0.53 kB
dist/assets/Article-CQwZOEbO4.js                                 1.26 kB │ gzip:   0.53 kB
dist/assets/Article-CS2457HV3.js                                 1.26 kB │ gzip:   0.53 kB
dist/assets/Article-CUKH4iPe.js                                  1.26 kB │ gzip:   0.53 kB
dist/assets/Article-CXrgfEgr.js                                  1.26 kB │ gzip:   0.54 kB
dist/assets/Article-C_gpqNs5.js                                  1.26 kB │ gzip:   0.54 kB
dist/assets/Article-CbIz68Zr3.js                                 1.26 kB │ gzip:   0.53 kB
dist/assets/Article-CcmCQqI7.js                                  1.26 kB │ gzip:   0.53 kB
dist/assets/Article-CgfOR8hA4.js                                 1.26 kB │ gzip:   0.54 kB
dist/assets/Article-CjYvgTU3.js                                  1.26 kB │ gzip:   0.53 kB
dist/assets/Article-CmxRvDF62.js                                 1.26 kB │ gzip:   0.53 kB
dist/assets/Article-CnC7R8jy2.js                                 1.26 kB │ gzip:   0.53 kB
dist/assets/Article-Cp99Nx7h2.js                                 1.26 kB │ gzip:   0.53 kB
dist/assets/Article-CpNVVVUd.js                                  1.26 kB │ gzip:   0.53 kB
dist/assets/Article-Cq-xarzM2.js                                 1.26 kB │ gzip:   0.53 kB
dist/assets/Article-CrZe-p2n.js                                  1.26 kB │ gzip:   0.54 kB
dist/assets/Article-CuogChD02.js                                 1.26 kB │ gzip:   0.53 kB
dist/assets/Article-CwMQitX73.js                                 1.26 kB │ gzip:   0.52 kB
dist/assets/Article-CzX8_E_Q.js                                  1.26 kB │ gzip:   0.52 kB
dist/assets/Article-Czk3yfFb2.js                                 1.26 kB │ gzip:   0.53 kB
dist/assets/Article-D2PJP3sR.js                                  1.26 kB │ gzip:   0.53 kB
dist/assets/Article-D2ZqiNRG.js                                  1.26 kB │ gzip:   0.53 kB
dist/assets/Article-DCoV7wk42.js                                 1.26 kB │ gzip:   0.53 kB
dist/assets/Article-DHXhdTxC2.js                                 1.26 kB │ gzip:   0.53 kB
dist/assets/Article-DKvLheyH.js                                  1.26 kB │ gzip:   0.53 kB
dist/assets/Article-DPPyavjK2.js                                 1.26 kB │ gzip:   0.53 kB
dist/assets/Article-DZ1vUY0u.js                                  1.26 kB │ gzip:   0.53 kB
dist/assets/Article-D_YWzcE3.js                                  1.26 kB │ gzip:   0.53 kB
dist/assets/Article-DbSg3cT0.js                                  1.26 kB │ gzip:   0.53 kB
dist/assets/Article-DbX2tfE1.js                                  1.26 kB │ gzip:   0.53 kB
dist/assets/Article-Dc1h1Hs9.js                                  1.26 kB │ gzip:   0.53 kB
dist/assets/Article-DgH82aht.js                                  1.26 kB │ gzip:   0.54 kB
dist/assets/Article-Dh03f0gg2.js                                 1.26 kB │ gzip:   0.53 kB
dist/assets/Article-DkUIuQpr.js                                  1.26 kB │ gzip:   0.53 kB
dist/assets/Article-Dl1WB6Ot.js                                  1.26 kB │ gzip:   0.54 kB
dist/assets/Article-DlC-LmgU2.js                                 1.26 kB │ gzip:   0.53 kB
dist/assets/Article-DmpkR8nk.js                                  1.26 kB │ gzip:   0.54 kB
dist/assets/Article-DneDGq4d.js                                  1.26 kB │ gzip:   0.53 kB
dist/assets/Article-Dt5dLgLO.js                                  1.26 kB │ gzip:   0.53 kB
dist/assets/Article-Dzma51jq.js                                  1.26 kB │ gzip:   0.53 kB
dist/assets/Article-GZMMwJaT.js                                  1.26 kB │ gzip:   0.53 kB
dist/assets/Article-KU2O2cHx.js                                  1.26 kB │ gzip:   0.53 kB
dist/assets/Article-QJvbYRcy.js                                  1.26 kB │ gzip:   0.53 kB
dist/assets/Article-Uq5t2MVk2.js                                 1.26 kB │ gzip:   0.53 kB
dist/assets/Article-aF8uGMXO.js                                  1.26 kB │ gzip:   0.53 kB
dist/assets/Article-aZhJDvJs3.js                                 1.26 kB │ gzip:   0.53 kB
dist/assets/Article-cu7XACbz.js                                  1.26 kB │ gzip:   0.53 kB
dist/assets/Article-gpGJVSqS2.js                                 1.26 kB │ gzip:   0.53 kB
dist/assets/Article-hUYx9LrX4.js                                 1.26 kB │ gzip:   0.53 kB
dist/assets/Article-jNHjTM1n4.js                                 1.26 kB │ gzip:   0.53 kB
dist/assets/Article-qB7lmNr_2.js                                 1.26 kB │ gzip:   0.54 kB
dist/assets/Article-qjIDWBBn3.js                                 1.26 kB │ gzip:   0.53 kB
dist/assets/Article-rpqf9pwJ.js                                  1.26 kB │ gzip:   0.53 kB
dist/assets/Article-sx-BFoGE.js                                  1.26 kB │ gzip:   0.53 kB
dist/assets/Article-uC5q4p214.js                                 1.26 kB │ gzip:   0.53 kB
dist/assets/Article-uuPNhkKG.js                                  1.26 kB │ gzip:   0.52 kB
dist/assets/Article-wjWNxomq.js                                  1.26 kB │ gzip:   0.53 kB
dist/assets/Article--unDLE4y.js                                  1.26 kB │ gzip:   0.52 kB
dist/assets/Article--wR9c9922.js                                 1.26 kB │ gzip:   0.53 kB
dist/assets/Article-11jLfy332.js                                 1.26 kB │ gzip:   0.53 kB
dist/assets/Article-1DkaLqv0.js                                  1.26 kB │ gzip:   0.53 kB
dist/assets/Article-2zvYkJOY2.js                                 1.26 kB │ gzip:   0.54 kB
dist/assets/Article-5DBuyMN72.js                                 1.26 kB │ gzip:   0.53 kB
dist/assets/Article-5H0jM05y3.js                                 1.26 kB │ gzip:   0.53 kB
dist/assets/Article-6AM1IYVQ.js                                  1.26 kB │ gzip:   0.53 kB
dist/assets/Article-8nr1kTBB.js                                  1.26 kB │ gzip:   0.53 kB
dist/assets/Article-B22-5uhR3.js                                 1.26 kB │ gzip:   0.54 kB
dist/assets/Article-B2bNUuV5.js                                  1.26 kB │ gzip:   0.53 kB
dist/assets/Article-B87TlCDx.js                                  1.26 kB │ gzip:   0.53 kB
dist/assets/Article-B8CLWngI.js                                  1.26 kB │ gzip:   0.53 kB
dist/assets/Article-BBmL-Db3.js                                  1.26 kB │ gzip:   0.53 kB
dist/assets/Article-BE-6NFbk.js                                  1.26 kB │ gzip:   0.53 kB
dist/assets/Article-BFF4opio3.js                                 1.26 kB │ gzip:   0.53 kB
dist/assets/Article-BGj7jDsd2.js                                 1.26 kB │ gzip:   0.53 kB
dist/assets/Article-BHJuurmp.js                                  1.26 kB │ gzip:   0.53 kB
dist/assets/Article-BHoF66J4.js                                  1.26 kB │ gzip:   0.53 kB
dist/assets/Article-BKQjq4ky.js                                  1.26 kB │ gzip:   0.53 kB
dist/assets/Article-BKQz9Lc02.js                                 1.26 kB │ gzip:   0.53 kB
dist/assets/Article-BOGNAPQU2.js                                 1.26 kB │ gzip:   0.53 kB
dist/assets/Article-BOilOS1f.js                                  1.26 kB │ gzip:   0.53 kB
dist/assets/Article-BSmnrP1z2.js                                 1.26 kB │ gzip:   0.53 kB
dist/assets/Article-BUtyNtbl2.js                                 1.26 kB │ gzip:   0.53 kB
dist/assets/Article-BVgeEvF3.js                                  1.26 kB │ gzip:   0.53 kB
dist/assets/Article-B_eGnzfh3.js                                 1.26 kB │ gzip:   0.53 kB
dist/assets/Article-B_gEPFAL4.js                                 1.26 kB │ gzip:   0.53 kB
dist/assets/Article-BaLznaQS3.js                                 1.26 kB │ gzip:   0.53 kB
dist/assets/Article-BcVEExD2.js                                  1.26 kB │ gzip:   0.53 kB
dist/assets/Article-Bh4vK-Bq2.js                                 1.26 kB │ gzip:   0.53 kB
dist/assets/Article-Bipc1Wtb.js                                  1.26 kB │ gzip:   0.53 kB
dist/assets/Article-BkSzadIx2.js                                 1.26 kB │ gzip:   0.53 kB
dist/assets/Article-Bmi87v7W.js                                  1.26 kB │ gzip:   0.53 kB
dist/assets/Article-BquuDqdw2.js                                 1.26 kB │ gzip:   0.53 kB
dist/assets/Article-BsftP1xv.js                                  1.26 kB │ gzip:   0.53 kB
dist/assets/Article-BylHntBM3.js                                 1.26 kB │ gzip:   0.54 kB
dist/assets/Article-C5z_ffhN2.js                                 1.26 kB │ gzip:   0.53 kB
dist/assets/Article-C7pp2Ukl.js                                  1.26 kB │ gzip:   0.53 kB
dist/assets/Article-CAW2AfS7.js                                  1.26 kB │ gzip:   0.53 kB
dist/assets/Article-CNYxpJfT.js                                  1.26 kB │ gzip:   0.53 kB
dist/assets/Article-CO2xfLwz.js                                  1.26 kB │ gzip:   0.53 kB
dist/assets/Article-CYVZKK73.js                                  1.26 kB │ gzip:   0.53 kB
dist/assets/Article-CagsOxEj.js                                  1.26 kB │ gzip:   0.53 kB
dist/assets/Article-CeHNtTgL.js                                  1.26 kB │ gzip:   0.53 kB
dist/assets/Article-CeMoNevg2.js                                 1.26 kB │ gzip:   0.52 kB
dist/assets/Article-CeTRFgei.js                                  1.26 kB │ gzip:   0.53 kB
dist/assets/Article-CfANRfiD3.js                                 1.26 kB │ gzip:   0.53 kB
dist/assets/Article-Cgd6oKfQ.js                                  1.26 kB │ gzip:   0.53 kB
dist/assets/Article-ChA7GmZY.js                                  1.26 kB │ gzip:   0.53 kB
dist/assets/Article-CkHshoqQ2.js                                 1.26 kB │ gzip:   0.53 kB
dist/assets/Article-CpEQsEC8.js                                  1.26 kB │ gzip:   0.53 kB
dist/assets/Article-Cs-iRjiW3.js                                 1.26 kB │ gzip:   0.54 kB
dist/assets/Article-Cw9if9Ia3.js                                 1.26 kB │ gzip:   0.53 kB
dist/assets/Article-CyVzYni34.js                                 1.26 kB │ gzip:   0.53 kB
dist/assets/Article-D2MMLWF5.js                                  1.26 kB │ gzip:   0.53 kB
dist/assets/Article-D4uyd8Mr2.js                                 1.26 kB │ gzip:   0.53 kB
dist/assets/Article-D6Xmiinm.js                                  1.26 kB │ gzip:   0.53 kB
dist/assets/Article-D9HBwH4Q2.js                                 1.26 kB │ gzip:   0.53 kB
dist/assets/Article-DGt3Ifob3.js                                 1.26 kB │ gzip:   0.53 kB
dist/assets/Article-DTFaYaZg2.js                                 1.26 kB │ gzip:   0.53 kB
dist/assets/Article-DTOYgyQS.js                                  1.26 kB │ gzip:   0.53 kB
dist/assets/Article-DV-ZvQV33.js                                 1.26 kB │ gzip:   0.53 kB
dist/assets/Article-DbLiWYNu2.js                                 1.26 kB │ gzip:   0.53 kB
dist/assets/Article-DcOjOXZI.js                                  1.26 kB │ gzip:   0.53 kB
dist/assets/Article-Dd9Kk8wy.js                                  1.26 kB │ gzip:   0.53 kB
dist/assets/Article-DdeJkz-x.js                                  1.26 kB │ gzip:   0.53 kB
dist/assets/Article-DiO6SXjf4.js                                 1.26 kB │ gzip:   0.54 kB
dist/assets/Article-DmHLWCQW4.js                                 1.26 kB │ gzip:   0.53 kB
dist/assets/Article-DmhgEBt3.js                                  1.26 kB │ gzip:   0.53 kB
dist/assets/Article-DrBD8hmf3.js                                 1.26 kB │ gzip:   0.53 kB
dist/assets/Article-DtUdk9Az3.js                                 1.26 kB │ gzip:   0.53 kB
dist/assets/Article-DuJpy1Fr2.js                                 1.26 kB │ gzip:   0.53 kB
dist/assets/Article-DwyxyRlb2.js                                 1.26 kB │ gzip:   0.53 kB
dist/assets/Article-EzsbfAv12.js                                 1.26 kB │ gzip:   0.53 kB
dist/assets/Article-HAkopWlF.js                                  1.26 kB │ gzip:   0.53 kB
dist/assets/Article-IwOtZcrZ.js                                  1.26 kB │ gzip:   0.53 kB
dist/assets/Article-Kh5TvTs5.js                                  1.26 kB │ gzip:   0.53 kB
dist/assets/Article-LhERh2yL4.js                                 1.26 kB │ gzip:   0.53 kB
dist/assets/Article-Nu9RudTO2.js                                 1.26 kB │ gzip:   0.53 kB
dist/assets/Article-ODG2pjyX.js                                  1.26 kB │ gzip:   0.53 kB
dist/assets/Article-SYeT9oi9.js                                  1.26 kB │ gzip:   0.53 kB
dist/assets/Article-TXyjAMwO.js                                  1.26 kB │ gzip:   0.53 kB
dist/assets/Article-YMLw7vL72.js                                 1.26 kB │ gzip:   0.53 kB
dist/assets/Article-ZZ9bhgGO.js                                  1.26 kB │ gzip:   0.53 kB
dist/assets/Article-aNq80J7y.js                                  1.26 kB │ gzip:   0.53 kB
dist/assets/Article-mAQ2MAHn.js                                  1.26 kB │ gzip:   0.53 kB
dist/assets/Article-m_pmX3vG4.js                                 1.26 kB │ gzip:   0.53 kB
dist/assets/Article-nBPtz6Wt2.js                                 1.26 kB │ gzip:   0.53 kB
dist/assets/Article-nNlURZRX.js                                  1.26 kB │ gzip:   0.53 kB
dist/assets/Article-tYFZK40t.js                                  1.26 kB │ gzip:   0.53 kB
dist/assets/Article-v1C2n47P2.js                                 1.26 kB │ gzip:   0.53 kB
dist/assets/Article-28zSfd1R.js                                  1.26 kB │ gzip:   0.54 kB
dist/assets/Article-6m1np0q32.js                                 1.26 kB │ gzip:   0.53 kB
dist/assets/Article-7ZhhFnSU3.js                                 1.26 kB │ gzip:   0.53 kB
dist/assets/Article-B7E2qNfG.js                                  1.26 kB │ gzip:   0.53 kB
dist/assets/Article-B9BRbULk.js                                  1.26 kB │ gzip:   0.53 kB
dist/assets/Article-BICTTcZJ2.js                                 1.26 kB │ gzip:   0.52 kB
dist/assets/Article-BJHdTECx.js                                  1.26 kB │ gzip:   0.53 kB
dist/assets/Article-BKkbHFs23.js                                 1.26 kB │ gzip:   0.54 kB
dist/assets/Article-BNzebgS12.js                                 1.26 kB │ gzip:   0.53 kB
dist/assets/Article-BThWo4QU2.js                                 1.26 kB │ gzip:   0.53 kB
dist/assets/Article-BU1jsBpo2.js                                 1.26 kB │ gzip:   0.52 kB
dist/assets/Article-BbQAnX-r.js                                  1.26 kB │ gzip:   0.52 kB
dist/assets/Article-Bd2M8riu3.js                                 1.26 kB │ gzip:   0.53 kB
dist/assets/Article-BeM8zRWk2.js                                 1.26 kB │ gzip:   0.54 kB
dist/assets/Article-BgzKjyQF3.js                                 1.26 kB │ gzip:   0.52 kB
dist/assets/Article-Bl5q2FHy.js                                  1.26 kB │ gzip:   0.52 kB
dist/assets/Article-BnOSbDCp2.js                                 1.26 kB │ gzip:   0.52 kB
dist/assets/Article-BnPNOJsf3.js                                 1.26 kB │ gzip:   0.53 kB
dist/assets/Article-BtC_S_kc2.js                                 1.26 kB │ gzip:   0.53 kB
dist/assets/Article-BxEFtXBq.js                                  1.26 kB │ gzip:   0.53 kB
dist/assets/Article-C-VXHlla3.js                                 1.26 kB │ gzip:   0.54 kB
dist/assets/Article-C-pr_X1z.js                                  1.26 kB │ gzip:   0.53 kB
dist/assets/Article-C04UqOtD.js                                  1.26 kB │ gzip:   0.53 kB
dist/assets/Article-C0uNGOCy.js                                  1.26 kB │ gzip:   0.52 kB
dist/assets/Article-C1QbibBb3.js                                 1.26 kB │ gzip:   0.53 kB
dist/assets/Article-C8O3KL4I2.js                                 1.26 kB │ gzip:   0.53 kB
dist/assets/Article-C9nHAPgh2.js                                 1.26 kB │ gzip:   0.53 kB
dist/assets/Article-CD52SWbj2.js                                 1.26 kB │ gzip:   0.53 kB
dist/assets/Article-CEPzPC1H4.js                                 1.26 kB │ gzip:   0.53 kB
dist/assets/Article-CFHtCM0D.js                                  1.26 kB │ gzip:   0.53 kB
dist/assets/Article-CFWSMi3u2.js                                 1.26 kB │ gzip:   0.53 kB
dist/assets/Article-CFb7fL8x.js                                  1.26 kB │ gzip:   0.52 kB
dist/assets/Article-CJTj6As8.js                                  1.26 kB │ gzip:   0.53 kB
dist/assets/Article-CP_wMJ_Y.js                                  1.26 kB │ gzip:   0.53 kB
dist/assets/Article-CQVl5VXE.js                                  1.26 kB │ gzip:   0.53 kB
dist/assets/Article-CQY5A83Q.js                                  1.26 kB │ gzip:   0.53 kB
dist/assets/Article-CRbVg_LG.js                                  1.26 kB │ gzip:   0.53 kB
dist/assets/Article-CTxVvaKd.js                                  1.26 kB │ gzip:   0.53 kB
dist/assets/Article-CW4ZVNW7.js                                  1.26 kB │ gzip:   0.53 kB
dist/assets/Article-CWg-8Eak.js                                  1.26 kB │ gzip:   0.53 kB
dist/assets/Article-C_eTANJo.js                                  1.26 kB │ gzip:   0.53 kB
dist/assets/Article-Cf4bDur8.js                                  1.26 kB │ gzip:   0.53 kB
dist/assets/Article-CgQ2DgcZ4.js                                 1.26 kB │ gzip:   0.54 kB
dist/assets/Article-ChGlm3Oh.js                                  1.26 kB │ gzip:   0.53 kB
dist/assets/Article-ClzKE25S4.js                                 1.26 kB │ gzip:   0.54 kB
dist/assets/Article-Cpj8Drv8.js                                  1.26 kB │ gzip:   0.53 kB
dist/assets/Article-Csu0ihac2.js                                 1.26 kB │ gzip:   0.54 kB
dist/assets/Article-CvZqyWUM.js                                  1.26 kB │ gzip:   0.53 kB
dist/assets/Article-Cvu6ryCA2.js                                 1.26 kB │ gzip:   0.52 kB
dist/assets/Article-D15RnyWx3.js                                 1.26 kB │ gzip:   0.54 kB
dist/assets/Article-D5WGteG7.js                                  1.26 kB │ gzip:   0.53 kB
dist/assets/Article-D9HWVk45.js                                  1.26 kB │ gzip:   0.53 kB
dist/assets/Article-D9vYg-lO2.js                                 1.26 kB │ gzip:   0.53 kB
dist/assets/Article-DEj6IVwp3.js                                 1.26 kB │ gzip:   0.52 kB
dist/assets/Article-DIAbfpeD4.js                                 1.26 kB │ gzip:   0.53 kB
dist/assets/Article-DIcas3bF4.js                                 1.26 kB │ gzip:   0.54 kB
dist/assets/Article-DNSahqWc2.js                                 1.26 kB │ gzip:   0.53 kB
dist/assets/Article-DNkiO9jz.js                                  1.26 kB │ gzip:   0.53 kB
dist/assets/Article-DQpZL1x_3.js                                 1.26 kB │ gzip:   0.53 kB
dist/assets/Article-Dd_xIfQB4.js                                 1.26 kB │ gzip:   0.54 kB
dist/assets/Article-DdrsHzmO.js                                  1.26 kB │ gzip:   0.53 kB
dist/assets/Article-Ded9oTja2.js                                 1.26 kB │ gzip:   0.54 kB
dist/assets/Article-DfxPvWvy2.js                                 1.26 kB │ gzip:   0.53 kB
dist/assets/Article-DmKM4TFa3.js                                 1.26 kB │ gzip:   0.53 kB
dist/assets/Article-Dn09v22S.js                                  1.26 kB │ gzip:   0.54 kB
dist/assets/Article-DoG1EGyE.js                                  1.26 kB │ gzip:   0.53 kB
dist/assets/Article-Dqt3B5kY.js                                  1.26 kB │ gzip:   0.53 kB
dist/assets/Article-Ds-kksW7.js                                  1.26 kB │ gzip:   0.53 kB
dist/assets/Article-DtYvhAUn3.js                                 1.26 kB │ gzip:   0.53 kB
dist/assets/Article-DuRGLbzV2.js                                 1.26 kB │ gzip:   0.53 kB
dist/assets/Article-DvDL0sq22.js                                 1.26 kB │ gzip:   0.53 kB
dist/assets/Article-IoyBY1Nw2.js                                 1.26 kB │ gzip:   0.52 kB
dist/assets/Article-Mx3x6OhV.js                                  1.26 kB │ gzip:   0.52 kB
dist/assets/Article-TYwHRQl_4.js                                 1.26 kB │ gzip:   0.53 kB
dist/assets/Article-UjtQVwf83.js                                 1.26 kB │ gzip:   0.53 kB
dist/assets/Article-ZDhcgUib2.js                                 1.26 kB │ gzip:   0.54 kB
dist/assets/Article-ZHVoPQfY.js                                  1.26 kB │ gzip:   0.53 kB
dist/assets/Article-Zd29_bmW.js                                  1.26 kB │ gzip:   0.53 kB
dist/assets/Article-cH6UpUv-4.js                                 1.26 kB │ gzip:   0.53 kB
dist/assets/Article-eM6Y7_rk2.js                                 1.26 kB │ gzip:   0.54 kB
dist/assets/Article-eWe26Wws.js                                  1.26 kB │ gzip:   0.53 kB
dist/assets/Article-fz8R5fzi.js                                  1.26 kB │ gzip:   0.52 kB
dist/assets/Article-grjRIFqB2.js                                 1.26 kB │ gzip:   0.54 kB
dist/assets/Article-oONsHg1V.js                                  1.26 kB │ gzip:   0.53 kB
dist/assets/Article-udOiLhuf.js                                  1.26 kB │ gzip:   0.54 kB
dist/assets/Article-vkvqt57Q.js                                  1.26 kB │ gzip:   0.53 kB
dist/assets/Article-wYl3qySB.js                                  1.26 kB │ gzip:   0.53 kB
dist/assets/Article-wmbre3rU2.js                                 1.26 kB │ gzip:   0.54 kB
dist/assets/Article-1S938Ha2.js                                  1.26 kB │ gzip:   0.53 kB
dist/assets/Article-50JiS2Qw2.js                                 1.26 kB │ gzip:   0.53 kB
dist/assets/Article-5mJVVOlz3.js                                 1.26 kB │ gzip:   0.53 kB
dist/assets/Article-5zRIll8y.js                                  1.26 kB │ gzip:   0.53 kB
dist/assets/Article-ATTzl55w.js                                  1.26 kB │ gzip:   0.53 kB
dist/assets/Article-AxDsjqvS.js                                  1.26 kB │ gzip:   0.52 kB
dist/assets/Article-B5b-np2z2.js                                 1.26 kB │ gzip:   0.53 kB
dist/assets/Article-B7EAiN_X.js                                  1.26 kB │ gzip:   0.52 kB
dist/assets/Article-B8MgQ-GQ.js                                  1.26 kB │ gzip:   0.53 kB
dist/assets/Article-BDBImWf12.js                                 1.26 kB │ gzip:   0.52 kB
dist/assets/Article-BECWxahM.js                                  1.26 kB │ gzip:   0.53 kB
dist/assets/Article-BFhf-TFZ4.js                                 1.26 kB │ gzip:   0.53 kB
dist/assets/Article-BFpmyniA2.js                                 1.26 kB │ gzip:   0.53 kB
dist/assets/Article-BJGgA8UT2.js                                 1.26 kB │ gzip:   0.54 kB
dist/assets/Article-BJha6QOZ2.js                                 1.26 kB │ gzip:   0.54 kB
dist/assets/Article-BLYkk5MD2.js                                 1.26 kB │ gzip:   0.53 kB
dist/assets/Article-BNvcO3jJ3.js                                 1.26 kB │ gzip:   0.53 kB
dist/assets/Article-BR-OR9iU3.js                                 1.26 kB │ gzip:   0.53 kB
dist/assets/Article-BTmvxZn_2.js                                 1.26 kB │ gzip:   0.53 kB
dist/assets/Article-BUNJbadp.js                                  1.26 kB │ gzip:   0.53 kB
dist/assets/Article-Bc0W696m2.js                                 1.26 kB │ gzip:   0.53 kB
dist/assets/Article-Bcrjmzpx3.js                                 1.26 kB │ gzip:   0.53 kB
dist/assets/Article-BdR_3Ygd.js                                  1.26 kB │ gzip:   0.53 kB
dist/assets/Article-BgCTB96X.js                                  1.26 kB │ gzip:   0.54 kB
dist/assets/Article-BhGsTtaC.js                                  1.26 kB │ gzip:   0.53 kB
dist/assets/Article-BjIoqTWH2.js                                 1.26 kB │ gzip:   0.53 kB
dist/assets/Article-BkFCkMF73.js                                 1.26 kB │ gzip:   0.53 kB
dist/assets/Article-Bot_kV6t.js                                  1.26 kB │ gzip:   0.54 kB
dist/assets/Article-BsTUcpO63.js                                 1.26 kB │ gzip:   0.53 kB
dist/assets/Article-BtdunOb93.js                                 1.26 kB │ gzip:   0.53 kB
dist/assets/Article-BzOR37x54.js                                 1.26 kB │ gzip:   0.54 kB
dist/assets/Article-Bzl2n1fL3.js                                 1.26 kB │ gzip:   0.53 kB
dist/assets/Article-C1M6rUY92.js                                 1.26 kB │ gzip:   0.54 kB
dist/assets/Article-C5aXx3K92.js                                 1.26 kB │ gzip:   0.53 kB
dist/assets/Article-CA-tSNkx2.js                                 1.26 kB │ gzip:   0.53 kB
dist/assets/Article-CBhVe2Od.js                                  1.26 kB │ gzip:   0.53 kB
dist/assets/Article-CCk_Y6Eh2.js                                 1.26 kB │ gzip:   0.54 kB
dist/assets/Article-CE_CKGAu.js                                  1.26 kB │ gzip:   0.53 kB
dist/assets/Article-CIPY87Kc.js                                  1.26 kB │ gzip:   0.53 kB
dist/assets/Article-CIbM9SWq2.js                                 1.26 kB │ gzip:   0.53 kB
dist/assets/Article-CJhE6kPO3.js                                 1.26 kB │ gzip:   0.53 kB
dist/assets/Article-CVt48mIk4.js                                 1.26 kB │ gzip:   0.53 kB
dist/assets/Article-CYQoU10E4.js                                 1.26 kB │ gzip:   0.52 kB
dist/assets/Article-CYmdS3Vz3.js                                 1.26 kB │ gzip:   0.53 kB
dist/assets/Article-C_UFsYCz.js                                  1.26 kB │ gzip:   0.52 kB
dist/assets/Article-Cc19sMN_3.js                                 1.26 kB │ gzip:   0.53 kB
dist/assets/Article-Cgi08QdR2.js                                 1.26 kB │ gzip:   0.53 kB
dist/assets/Article-ChYKzhIX.js                                  1.26 kB │ gzip:   0.54 kB
dist/assets/Article-Ci1sB940.js                                  1.26 kB │ gzip:   0.53 kB
dist/assets/Article-CpQrfR85.js                                  1.26 kB │ gzip:   0.53 kB
dist/assets/Article-CpujUiEQ3.js                                 1.26 kB │ gzip:   0.54 kB
dist/assets/Article-CsuXX0hd.js                                  1.26 kB │ gzip:   0.53 kB
dist/assets/Article-CtVuKygx2.js                                 1.26 kB │ gzip:   0.53 kB
dist/assets/Article-CtsYtrQc2.js                                 1.26 kB │ gzip:   0.54 kB
dist/assets/Article-Ctwr0pHe.js                                  1.26 kB │ gzip:   0.53 kB
dist/assets/Article-CxiPBSlf2.js                                 1.26 kB │ gzip:   0.53 kB
dist/assets/Article-D0wk21yJ3.js                                 1.26 kB │ gzip:   0.53 kB
dist/assets/Article-D1E7mDw6.js                                  1.26 kB │ gzip:   0.53 kB
dist/assets/Article-D2Y2k9OE.js                                  1.26 kB │ gzip:   0.53 kB
dist/assets/Article-D2ntUmx_2.js                                 1.26 kB │ gzip:   0.53 kB
dist/assets/Article-D5kKGS_8.js                                  1.26 kB │ gzip:   0.52 kB
dist/assets/Article-D6H02Yrp3.js                                 1.26 kB │ gzip:   0.53 kB
dist/assets/Article-D7tGpTNc4.js                                 1.26 kB │ gzip:   0.53 kB
dist/assets/Article-DBkpE5B8.js                                  1.26 kB │ gzip:   0.53 kB
dist/assets/Article-DCJL8uAg2.js                                 1.26 kB │ gzip:   0.53 kB
dist/assets/Article-DDTSgOxI2.js                                 1.26 kB │ gzip:   0.53 kB
dist/assets/Article-DEQH9EJW.js                                  1.26 kB │ gzip:   0.53 kB
dist/assets/Article-DFhGNkkj3.js                                 1.26 kB │ gzip:   0.53 kB
dist/assets/Article-DKQqPlHi2.js                                 1.26 kB │ gzip:   0.53 kB
dist/assets/Article-DLPXlLkS.js                                  1.26 kB │ gzip:   0.53 kB
dist/assets/Article-DM918TeD.js                                  1.26 kB │ gzip:   0.53 kB
dist/assets/Article-DNckxsD13.js                                 1.26 kB │ gzip:   0.54 kB
dist/assets/Article-DP_NGYV42.js                                 1.26 kB │ gzip:   0.54 kB
dist/assets/Article-DUV2JMD-.js                                  1.26 kB │ gzip:   0.53 kB
dist/assets/Article-DUw44x8Z.js                                  1.26 kB │ gzip:   0.52 kB
dist/assets/Article-DZv6flg22.js                                 1.26 kB │ gzip:   0.53 kB
dist/assets/Article-DeV9TMor.js                                  1.26 kB │ gzip:   0.53 kB
dist/assets/Article-Dg221UWf4.js                                 1.26 kB │ gzip:   0.53 kB
dist/assets/Article-DhqeGhyS2.js                                 1.26 kB │ gzip:   0.53 kB
dist/assets/Article-Dhuh-vhn2.js                                 1.26 kB │ gzip:   0.53 kB
dist/assets/Article-Dj2mCado.js                                  1.26 kB │ gzip:   0.53 kB
dist/assets/Article-DkiUGgIN.js                                  1.26 kB │ gzip:   0.53 kB
dist/assets/Article-DlpeFbzT3.js                                 1.26 kB │ gzip:   0.53 kB
dist/assets/Article-DmgkWkkY.js                                  1.26 kB │ gzip:   0.53 kB
dist/assets/Article-DmpyALnM.js                                  1.26 kB │ gzip:   0.53 kB
dist/assets/Article-Dsxs5Tf3.js                                  1.26 kB │ gzip:   0.53 kB
dist/assets/Article-DvrRqkmU.js                                  1.26 kB │ gzip:   0.53 kB
dist/assets/Article-DwIBYsk03.js                                 1.26 kB │ gzip:   0.53 kB
dist/assets/Article-Dwkzxbpa3.js                                 1.26 kB │ gzip:   0.53 kB
dist/assets/Article-MJqGy1OS.js                                  1.26 kB │ gzip:   0.53 kB
dist/assets/Article-O3-YFJ2l2.js                                 1.26 kB │ gzip:   0.53 kB
dist/assets/Article-Pjf8oseP.js                                  1.26 kB │ gzip:   0.53 kB
dist/assets/Article-TV-MKkW32.js                                 1.26 kB │ gzip:   0.53 kB
dist/assets/Article-XGuEsDrb3.js                                 1.26 kB │ gzip:   0.54 kB
dist/assets/Article-YMgSy_5l.js                                  1.26 kB │ gzip:   0.53 kB
dist/assets/Article-YxiUKeNu3.js                                 1.26 kB │ gzip:   0.53 kB
dist/assets/Article-cbzDwWLW.js                                  1.26 kB │ gzip:   0.53 kB
dist/assets/Article-eSNzq2Ot4.js                                 1.26 kB │ gzip:   0.53 kB
dist/assets/Article-jk7nIwqI.js                                  1.26 kB │ gzip:   0.52 kB
dist/assets/Article-jkGj3OiO2.js                                 1.26 kB │ gzip:   0.53 kB
dist/assets/Article-sKTE9Q2Q.js                                  1.26 kB │ gzip:   0.54 kB
dist/assets/Article-sbE4o0G7.js                                  1.26 kB │ gzip:   0.53 kB
dist/assets/Article-tTLhNmbx.js                                  1.26 kB │ gzip:   0.53 kB
dist/assets/Article-vXPqNX_q.js                                  1.26 kB │ gzip:   0.53 kB
dist/assets/Article-0cSzxvnw.js                                  1.26 kB │ gzip:   0.53 kB
dist/assets/Article-35B9xhI2.js                                  1.26 kB │ gzip:   0.53 kB
dist/assets/Article-3ntCZ8g-3.js                                 1.26 kB │ gzip:   0.53 kB
dist/assets/Article-4D3f9rz53.js                                 1.26 kB │ gzip:   0.53 kB
dist/assets/Article-552Trpz0.js                                  1.26 kB │ gzip:   0.53 kB
dist/assets/Article-B54oam3t.js                                  1.26 kB │ gzip:   0.52 kB
dist/assets/Article-B6GPpJRI2.js                                 1.26 kB │ gzip:   0.53 kB
dist/assets/Article-B7NFTXUQ.js                                  1.26 kB │ gzip:   0.52 kB
dist/assets/Article-B8W3KeFD.js                                  1.26 kB │ gzip:   0.53 kB
dist/assets/Article-B9D0JOCw2.js                                 1.26 kB │ gzip:   0.53 kB
dist/assets/Article-BACYTp4i.js                                  1.26 kB │ gzip:   0.54 kB
dist/assets/Article-BAKqNv8-3.js                                 1.26 kB │ gzip:   0.54 kB
dist/assets/Article-BAtGOo0t3.js                                 1.26 kB │ gzip:   0.53 kB
dist/assets/Article-BB-80E_Z.js                                  1.26 kB │ gzip:   0.53 kB
dist/assets/Article-BBfk6-JV.js                                  1.26 kB │ gzip:   0.53 kB
dist/assets/Article-BEhED1in3.js                                 1.26 kB │ gzip:   0.54 kB
dist/assets/Article-BGmGLdDv.js                                  1.26 kB │ gzip:   0.54 kB
dist/assets/Article-BOJGeQcj.js                                  1.26 kB │ gzip:   0.52 kB
dist/assets/Article-BPy8w_km.js                                  1.26 kB │ gzip:   0.53 kB
dist/assets/Article-BSV19G_k3.js                                 1.26 kB │ gzip:   0.53 kB
dist/assets/Article-BT4RCpxt2.js                                 1.26 kB │ gzip:   0.53 kB
dist/assets/Article-BYMrSo3G3.js                                 1.26 kB │ gzip:   0.52 kB
dist/assets/Article-BYPffAr_2.js                                 1.26 kB │ gzip:   0.53 kB
dist/assets/Article-B_7_EUKQ2.js                                 1.26 kB │ gzip:   0.54 kB
dist/assets/Article-BagEn6Tt3.js                                 1.26 kB │ gzip:   0.53 kB
dist/assets/Article-BbQccB0Q.js                                  1.26 kB │ gzip:   0.53 kB
dist/assets/Article-Bc6h1Tfx3.js                                 1.26 kB │ gzip:   0.52 kB
dist/assets/Article-BeoJIP1w3.js                                 1.26 kB │ gzip:   0.53 kB
dist/assets/Article-Bj5xKh-_3.js                                 1.26 kB │ gzip:   0.54 kB
dist/assets/Article-Bq9lguIR2.js                                 1.26 kB │ gzip:   0.53 kB
dist/assets/Article-Bt9Mde6L.js                                  1.26 kB │ gzip:   0.53 kB
dist/assets/Article-BuqJaODZ2.js                                 1.26 kB │ gzip:   0.52 kB
dist/assets/Article-Bzf37n052.js                                 1.26 kB │ gzip:   0.54 kB
dist/assets/Article-C2qiEsC02.js                                 1.26 kB │ gzip:   0.53 kB
dist/assets/Article-C41CF-wB2.js                                 1.26 kB │ gzip:   0.53 kB
dist/assets/Article-C6tad_oG2.js                                 1.26 kB │ gzip:   0.53 kB
dist/assets/Article-C82LbBU0.js                                  1.26 kB │ gzip:   0.53 kB
dist/assets/Article-CDXGMl4r.js                                  1.26 kB │ gzip:   0.54 kB
dist/assets/Article-CFFogrzc.js                                  1.26 kB │ gzip:   0.52 kB
dist/assets/Article-CFGm6iZ3.js                                  1.26 kB │ gzip:   0.52 kB
dist/assets/Article-CIOcbAL8.js                                  1.26 kB │ gzip:   0.53 kB
dist/assets/Article-CJXTODXM.js                                  1.26 kB │ gzip:   0.52 kB
dist/assets/Article-CKKShEl73.js                                 1.26 kB │ gzip:   0.54 kB
dist/assets/Article-CODQ2_Kb2.js                                 1.26 kB │ gzip:   0.53 kB
dist/assets/Article-CT52TN7u2.js                                 1.26 kB │ gzip:   0.53 kB
dist/assets/Article-CVF_xSNO.js                                  1.26 kB │ gzip:   0.53 kB
dist/assets/Article-CXx-UDU_.js                                  1.26 kB │ gzip:   0.53 kB
dist/assets/Article-Caf95pce2.js                                 1.26 kB │ gzip:   0.53 kB
dist/assets/Article-CcTlvvpS2.js                                 1.26 kB │ gzip:   0.53 kB
dist/assets/Article-CcZpThLD2.js                                 1.26 kB │ gzip:   0.53 kB
dist/assets/Article-CdCJHnjU2.js                                 1.26 kB │ gzip:   0.53 kB
dist/assets/Article-CiAGB8Kk.js                                  1.26 kB │ gzip:   0.52 kB
dist/assets/Article-CmgInE3K.js                                  1.26 kB │ gzip:   0.52 kB
dist/assets/Article-CmvEQyv7.js                                  1.26 kB │ gzip:   0.53 kB
dist/assets/Article-CupQb2I3.js                                  1.26 kB │ gzip:   0.53 kB
dist/assets/Article-CwsAiS8P2.js                                 1.26 kB │ gzip:   0.53 kB
dist/assets/Article-CzixHPkU.js                                  1.26 kB │ gzip:   0.52 kB
dist/assets/Article-D3oyA6Ki2.js                                 1.26 kB │ gzip:   0.53 kB
dist/assets/Article-D7Qsqusv2.js                                 1.26 kB │ gzip:   0.53 kB
dist/assets/Article-DBzg43rx.js                                  1.26 kB │ gzip:   0.52 kB
dist/assets/Article-DCN758vk2.js                                 1.26 kB │ gzip:   0.53 kB
dist/assets/Article-DDE6VMUR3.js                                 1.26 kB │ gzip:   0.52 kB
dist/assets/Article-DKG1iK5w.js                                  1.26 kB │ gzip:   0.54 kB
dist/assets/Article-DLo6rcei3.js                                 1.26 kB │ gzip:   0.54 kB
dist/assets/Article-DMkdzouV2.js                                 1.26 kB │ gzip:   0.53 kB
dist/assets/Article-DN_MxKSy3.js                                 1.26 kB │ gzip:   0.53 kB
dist/assets/Article-DPtc-fbH3.js                                 1.26 kB │ gzip:   0.53 kB
dist/assets/Article-DQDQxZQC.js                                  1.26 kB │ gzip:   0.53 kB
dist/assets/Article-DSgsbda5.js                                  1.26 kB │ gzip:   0.52 kB
dist/assets/Article-DXBAsXgv3.js                                 1.26 kB │ gzip:   0.54 kB
dist/assets/Article-DZo4mkQN.js                                  1.26 kB │ gzip:   0.53 kB
dist/assets/Article-D_6t5FwP2.js                                 1.26 kB │ gzip:   0.53 kB
dist/assets/Article-D_ZCqdLn2.js                                 1.26 kB │ gzip:   0.52 kB
dist/assets/Article-D_ZJ_Ep54.js                                 1.26 kB │ gzip:   0.54 kB
dist/assets/Article-DgINJcLH.js                                  1.26 kB │ gzip:   0.53 kB
dist/assets/Article-DiudVEHe3.js                                 1.26 kB │ gzip:   0.53 kB
dist/assets/Article-DmP-RsdK3.js                                 1.26 kB │ gzip:   0.53 kB
dist/assets/Article-DpbYAFBQ3.js                                 1.26 kB │ gzip:   0.53 kB
dist/assets/Article-DrfS9mSq3.js                                 1.26 kB │ gzip:   0.53 kB
dist/assets/Article-DrwLE2DN2.js                                 1.26 kB │ gzip:   0.53 kB
dist/assets/Article-DtnMm4r03.js                                 1.26 kB │ gzip:   0.53 kB
dist/assets/Article-KXu5t1Ke.js                                  1.26 kB │ gzip:   0.53 kB
dist/assets/Article-Th7hDwoN.js                                  1.26 kB │ gzip:   0.52 kB
dist/assets/Article-UW0Y65Lk.js                                  1.26 kB │ gzip:   0.53 kB
dist/assets/Article-cBXSLpqb.js                                  1.26 kB │ gzip:   0.53 kB
dist/assets/Article-cQC4SNhW.js                                  1.26 kB │ gzip:   0.53 kB
dist/assets/Article-eGeLULw92.js                                 1.26 kB │ gzip:   0.54 kB
dist/assets/Article-lptdTcxJ3.js                                 1.26 kB │ gzip:   0.53 kB
dist/assets/Article-mmrNRuAu2.js                                 1.26 kB │ gzip:   0.53 kB
dist/assets/Article-uXUSWHBo2.js                                 1.26 kB │ gzip:   0.53 kB
dist/assets/Article-vdnckN20.js                                  1.26 kB │ gzip:   0.53 kB
dist/assets/Article-w4mr21W3.js                                  1.26 kB │ gzip:   0.53 kB
dist/assets/Article-0YiM_nKg.js                                  1.26 kB │ gzip:   0.53 kB
dist/assets/Article-1jbB5iJ93.js                                 1.26 kB │ gzip:   0.52 kB
dist/assets/Article-28fbsSag.js                                  1.26 kB │ gzip:   0.53 kB
dist/assets/Article-3MI0IN5f2.js                                 1.26 kB │ gzip:   0.53 kB
dist/assets/Article-ACYeWUHU3.js                                 1.26 kB │ gzip:   0.53 kB
dist/assets/Article-B-BapyxQ2.js                                 1.26 kB │ gzip:   0.53 kB
dist/assets/Article-B7te82Zm4.js                                 1.26 kB │ gzip:   0.54 kB
dist/assets/Article-BF3vtoU2.js                                  1.26 kB │ gzip:   0.53 kB
dist/assets/Article-BJBnzdba.js                                  1.26 kB │ gzip:   0.54 kB
dist/assets/Article-BKqgS5hI2.js                                 1.26 kB │ gzip:   0.53 kB
dist/assets/Article-BLjAhxsY.js                                  1.26 kB │ gzip:   0.53 kB
dist/assets/Article-BLpwSLw6.js                                  1.26 kB │ gzip:   0.52 kB
dist/assets/Article-BTyMuEZA.js                                  1.26 kB │ gzip:   0.53 kB
dist/assets/Article-BU4pTqCK4.js                                 1.26 kB │ gzip:   0.54 kB
dist/assets/Article-B_Mfd6I7.js                                  1.26 kB │ gzip:   0.53 kB
dist/assets/Article-Bc8I0P-H3.js                                 1.26 kB │ gzip:   0.53 kB
dist/assets/Article-Bd1ZtOxJ.js                                  1.26 kB │ gzip:   0.53 kB
dist/assets/Article-BdRn92dv.js                                  1.26 kB │ gzip:   0.53 kB
dist/assets/Article-Be1oM1EF2.js                                 1.26 kB │ gzip:   0.54 kB
dist/assets/Article-BfS_c5Vq.js                                  1.26 kB │ gzip:   0.52 kB
dist/assets/Article-BwPCQ-Bx4.js                                 1.26 kB │ gzip:   0.53 kB
dist/assets/Article-BwXXfxOl.js                                  1.26 kB │ gzip:   0.54 kB
dist/assets/Article-C2_-Xmqr3.js                                 1.26 kB │ gzip:   0.53 kB
dist/assets/Article-C3J1jMx02.js                                 1.26 kB │ gzip:   0.54 kB
dist/assets/Article-C3TVGjQz.js                                  1.26 kB │ gzip:   0.54 kB
dist/assets/Article-C8TvEJWH.js                                  1.26 kB │ gzip:   0.53 kB
dist/assets/Article-CCZFTZGA2.js                                 1.26 kB │ gzip:   0.53 kB
dist/assets/Article-CFaEsmYN4.js                                 1.26 kB │ gzip:   0.53 kB
dist/assets/Article-CJIfWyNu2.js                                 1.26 kB │ gzip:   0.54 kB
dist/assets/Article-CYj3_-014.js                                 1.26 kB │ gzip:   0.53 kB
dist/assets/Article-CaHHQO7Y4.js                                 1.26 kB │ gzip:   0.54 kB
dist/assets/Article-CctI9Fqx.js                                  1.26 kB │ gzip:   0.53 kB
dist/assets/Article-CjNcDVgy2.js                                 1.26 kB │ gzip:   0.53 kB
dist/assets/Article-CnIttyDU2.js                                 1.26 kB │ gzip:   0.53 kB
dist/assets/Article-CnNqh2vS.js                                  1.26 kB │ gzip:   0.53 kB
dist/assets/Article-CxLqfxJY.js                                  1.26 kB │ gzip:   0.52 kB
dist/assets/Article-Cxc-1cKH2.js                                 1.26 kB │ gzip:   0.53 kB
dist/assets/Article-CysTf0Xn3.js                                 1.26 kB │ gzip:   0.52 kB
dist/assets/Article-D1BYNI2q.js                                  1.26 kB │ gzip:   0.53 kB
dist/assets/Article-D7B28qYE.js                                  1.26 kB │ gzip:   0.54 kB
dist/assets/Article-D7MBuxvS2.js                                 1.26 kB │ gzip:   0.53 kB
dist/assets/Article-D9Oi1_5c4.js                                 1.26 kB │ gzip:   0.54 kB
dist/assets/Article-DClpD9SK.js                                  1.26 kB │ gzip:   0.53 kB
dist/assets/Article-DFO0Mp7L.js                                  1.26 kB │ gzip:   0.53 kB
dist/assets/Article-DItf7Bi42.js                                 1.26 kB │ gzip:   0.54 kB
dist/assets/Article-DMCr8tYe2.js                                 1.26 kB │ gzip:   0.53 kB
dist/assets/Article-DOmVeGpR.js                                  1.26 kB │ gzip:   0.53 kB
dist/assets/Article-DPo32Ioi.js                                  1.26 kB │ gzip:   0.53 kB
dist/assets/Article-DUPqgg9X.js                                  1.26 kB │ gzip:   0.53 kB
dist/assets/Article-DXcsepwk.js                                  1.26 kB │ gzip:   0.53 kB
dist/assets/Article-DbMUoy0G2.js                                 1.26 kB │ gzip:   0.54 kB
dist/assets/Article-Df397rSs.js                                  1.26 kB │ gzip:   0.52 kB
dist/assets/Article-DkupN8Ra3.js                                 1.26 kB │ gzip:   0.53 kB
dist/assets/Article-Dq0a0P2U.js                                  1.26 kB │ gzip:   0.53 kB
dist/assets/Article-DsDOJzX83.js                                 1.26 kB │ gzip:   0.54 kB
dist/assets/Article-DsPtmeYt2.js                                 1.26 kB │ gzip:   0.53 kB
dist/assets/Article-OkP04tqo.js                                  1.26 kB │ gzip:   0.53 kB
dist/assets/Article-QDuXtLwi.js                                  1.26 kB │ gzip:   0.52 kB
dist/assets/Article-SHSv0e0h.js                                  1.26 kB │ gzip:   0.53 kB
dist/assets/Article-_byJJICH3.js                                 1.26 kB │ gzip:   0.53 kB
dist/assets/Article-hthzCKln.js                                  1.26 kB │ gzip:   0.54 kB
dist/assets/Article-i4MgCYDz3.js                                 1.26 kB │ gzip:   0.54 kB
dist/assets/Article-quOdHfWP3.js                                 1.26 kB │ gzip:   0.53 kB
dist/assets/Article-u-KGzkvv2.js                                 1.26 kB │ gzip:   0.53 kB
dist/assets/Article-uIFcbNVp2.js                                 1.26 kB │ gzip:   0.54 kB
dist/assets/Article-5ed-R1sn.js                                  1.27 kB │ gzip:   0.53 kB
dist/assets/Article-98djKB06.js                                  1.27 kB │ gzip:   0.53 kB
dist/assets/Article-B5AhrEdP3.js                                 1.27 kB │ gzip:   0.53 kB
dist/assets/Article-BB0TcET9.js                                  1.27 kB │ gzip:   0.54 kB
dist/assets/Article-BBbR_RVS2.js                                 1.27 kB │ gzip:   0.53 kB
dist/assets/Article-BBkc6l_X4.js                                 1.27 kB │ gzip:   0.53 kB
dist/assets/Article-BCEmWz-F3.js                                 1.27 kB │ gzip:   0.53 kB
dist/assets/Article-BFZI12-U.js                                  1.27 kB │ gzip:   0.52 kB
dist/assets/Article-BPjItEVU.js                                  1.27 kB │ gzip:   0.53 kB
dist/assets/Article-BPmkM-4f3.js                                 1.27 kB │ gzip:   0.54 kB
dist/assets/Article-BSVrcs8W.js                                  1.27 kB │ gzip:   0.53 kB
dist/assets/Article-BTZWFxQC.js                                  1.27 kB │ gzip:   0.53 kB
dist/assets/Article-BYJy-Jh83.js                                 1.27 kB │ gzip:   0.54 kB
dist/assets/Article-BZj7ukzX2.js                                 1.27 kB │ gzip:   0.54 kB
dist/assets/Article-B_TlSpwk2.js                                 1.27 kB │ gzip:   0.54 kB
dist/assets/Article-BaYIV1K64.js                                 1.27 kB │ gzip:   0.54 kB
dist/assets/Article-Bkd76jif3.js                                 1.27 kB │ gzip:   0.52 kB
dist/assets/Article-Bn3CJjOX2.js                                 1.27 kB │ gzip:   0.53 kB
dist/assets/Article-Bnw-_H-q2.js                                 1.27 kB │ gzip:   0.53 kB
dist/assets/Article-Bpn5KHpb.js                                  1.27 kB │ gzip:   0.53 kB
dist/assets/Article-BteiZsV12.js                                 1.27 kB │ gzip:   0.53 kB
dist/assets/Article-Bu81FYpx.js                                  1.27 kB │ gzip:   0.54 kB
dist/assets/Article-BvOI1l_R2.js                                 1.27 kB │ gzip:   0.54 kB
dist/assets/Article-C4B-T0n33.js                                 1.27 kB │ gzip:   0.53 kB
dist/assets/Article-C7fj_b2v.js                                  1.27 kB │ gzip:   0.53 kB
dist/assets/Article-C9o9zVYD3.js                                 1.27 kB │ gzip:   0.53 kB
dist/assets/Article-CMd0Xw9c.js                                  1.27 kB │ gzip:   0.52 kB
dist/assets/Article-CRZBPL87.js                                  1.27 kB │ gzip:   0.54 kB
dist/assets/Article-CStaRobq.js                                  1.27 kB │ gzip:   0.54 kB
dist/assets/Article-CSuNCyIW2.js                                 1.27 kB │ gzip:   0.53 kB
dist/assets/Article-CX2ndh_f3.js                                 1.27 kB │ gzip:   0.53 kB
dist/assets/Article-CXB8bf_g4.js                                 1.27 kB │ gzip:   0.54 kB
dist/assets/Article-CYW4kOaH2.js                                 1.27 kB │ gzip:   0.52 kB
dist/assets/Article-CbuIabhM.js                                  1.27 kB │ gzip:   0.53 kB
dist/assets/Article-CgRTjeux.js                                  1.27 kB │ gzip:   0.53 kB
dist/assets/Article-Ch1ye8EZ.js                                  1.27 kB │ gzip:   0.52 kB
dist/assets/Article-CidngC6a2.js                                 1.27 kB │ gzip:   0.53 kB
dist/assets/Article-Cio43WyB2.js                                 1.27 kB │ gzip:   0.52 kB
dist/assets/Article-ClIr39ku.js                                  1.27 kB │ gzip:   0.53 kB
dist/assets/Article-CqMumAu1.js                                  1.27 kB │ gzip:   0.52 kB
dist/assets/Article-CtX1jS9s2.js                                 1.27 kB │ gzip:   0.53 kB
dist/assets/Article-CzkHokYq.js                                  1.27 kB │ gzip:   0.53 kB
dist/assets/Article-CznyVMck.js                                  1.27 kB │ gzip:   0.53 kB
dist/assets/Article-D3WbD4sW2.js                                 1.27 kB │ gzip:   0.53 kB
dist/assets/Article-D8JZhhH03.js                                 1.27 kB │ gzip:   0.53 kB
dist/assets/Article-DDzjNm-x4.js                                 1.27 kB │ gzip:   0.53 kB
dist/assets/Article-DMXweh1F2.js                                 1.27 kB │ gzip:   0.54 kB
dist/assets/Article-DPhMM_vK2.js                                 1.27 kB │ gzip:   0.53 kB
dist/assets/Article-DUOub8cT2.js                                 1.27 kB │ gzip:   0.53 kB
dist/assets/Article-DXSWKfCu.js                                  1.27 kB │ gzip:   0.53 kB
dist/assets/Article-Dqj4I2od3.js                                 1.27 kB │ gzip:   0.54 kB
dist/assets/Article-Dt3tVHb04.js                                 1.27 kB │ gzip:   0.53 kB
dist/assets/Article-Du3Mu_5W.js                                  1.27 kB │ gzip:   0.52 kB
dist/assets/Article-EED0hCme.js                                  1.27 kB │ gzip:   0.53 kB
dist/assets/Article-GZN9nQrZ3.js                                 1.27 kB │ gzip:   0.54 kB
dist/assets/Article-GsniXfhE.js                                  1.27 kB │ gzip:   0.53 kB
dist/assets/Article-HRawbeU2.js                                  1.27 kB │ gzip:   0.52 kB
dist/assets/Article-Joh1ihWr2.js                                 1.27 kB │ gzip:   0.53 kB
dist/assets/Article-PY2yBOGl2.js                                 1.27 kB │ gzip:   0.54 kB
dist/assets/Article-Q-aksF_I.js                                  1.27 kB │ gzip:   0.53 kB
dist/assets/Article-SMdFf3iA.js                                  1.27 kB │ gzip:   0.53 kB
dist/assets/Article-VeKTP8p92.js                                 1.27 kB │ gzip:   0.53 kB
dist/assets/Article-Z6wAV3HX3.js                                 1.27 kB │ gzip:   0.54 kB
dist/assets/Article-dJE3HLWi2.js                                 1.27 kB │ gzip:   0.53 kB
dist/assets/Article-dqFLzMf32.js                                 1.27 kB │ gzip:   0.53 kB
dist/assets/Article-eUuaqBH82.js                                 1.27 kB │ gzip:   0.54 kB
dist/assets/Article-eyzkhT3y.js                                  1.27 kB │ gzip:   0.54 kB
dist/assets/Article-gg0m2ymG.js                                  1.27 kB │ gzip:   0.53 kB
dist/assets/Article-l4z2VLFZ.js                                  1.27 kB │ gzip:   0.53 kB
dist/assets/Article-o2haBcDr.js                                  1.27 kB │ gzip:   0.53 kB
dist/assets/Article-qj7IIPgK2.js                                 1.27 kB │ gzip:   0.53 kB
dist/assets/Article-ukp_JNXa4.js                                 1.27 kB │ gzip:   0.53 kB
dist/assets/Article-yOoVnOGg4.js                                 1.27 kB │ gzip:   0.52 kB
dist/assets/Article-yblrZi8n.js                                  1.27 kB │ gzip:   0.53 kB
dist/assets/Article--Aco8g_P.js                                  1.27 kB │ gzip:   0.54 kB
dist/assets/Article--ahfiZ7u.js                                  1.27 kB │ gzip:   0.52 kB
dist/assets/Article-3al3x_MA.js                                  1.27 kB │ gzip:   0.53 kB
dist/assets/Article-3dp6M4h82.js                                 1.27 kB │ gzip:   0.54 kB
dist/assets/Article-3iH-M6Px2.js                                 1.27 kB │ gzip:   0.52 kB
dist/assets/Article-4vJe2g6c2.js                                 1.27 kB │ gzip:   0.53 kB
dist/assets/Article-6VYXn5pJ2.js                                 1.27 kB │ gzip:   0.52 kB
dist/assets/Article-6nspv2Y-3.js                                 1.27 kB │ gzip:   0.54 kB
dist/assets/Article-6yM2j1Cp.js                                  1.27 kB │ gzip:   0.52 kB
dist/assets/Article-9v329U242.js                                 1.27 kB │ gzip:   0.52 kB
dist/assets/Article-B-VgdM8P.js                                  1.27 kB │ gzip:   0.54 kB
dist/assets/Article-B2YVstxf2.js                                 1.27 kB │ gzip:   0.53 kB
dist/assets/Article-B4A9QTKb4.js                                 1.27 kB │ gzip:   0.53 kB
dist/assets/Article-B5AAi4Yn.js                                  1.27 kB │ gzip:   0.53 kB
dist/assets/Article-BBNTo4va.js                                  1.27 kB │ gzip:   0.53 kB
dist/assets/Article-BD6HAgHp4.js                                 1.27 kB │ gzip:   0.54 kB
dist/assets/Article-BLMzQG5E2.js                                 1.27 kB │ gzip:   0.53 kB
dist/assets/Article-BN8Fd4j1.js                                  1.27 kB │ gzip:   0.53 kB
dist/assets/Article-BPAR3CHQ.js                                  1.27 kB │ gzip:   0.53 kB
dist/assets/Article-BRGFoqJj.js                                  1.27 kB │ gzip:   0.53 kB
dist/assets/Article-BRXuJ8Lj3.js                                 1.27 kB │ gzip:   0.53 kB
dist/assets/Article-BSO7Ats32.js                                 1.27 kB │ gzip:   0.54 kB
dist/assets/Article-BTUDn_2e2.js                                 1.27 kB │ gzip:   0.52 kB
dist/assets/Article-BTrXOJiJ.js                                  1.27 kB │ gzip:   0.53 kB
dist/assets/Article-BVbpn9g_4.js                                 1.27 kB │ gzip:   0.52 kB
dist/assets/Article-BZKuOzFm.js                                  1.27 kB │ gzip:   0.53 kB
dist/assets/Article-BZpefYKd2.js                                 1.27 kB │ gzip:   0.54 kB
dist/assets/Article-BelAPzaS2.js                                 1.27 kB │ gzip:   0.53 kB
dist/assets/Article-BnB_rRGW.js                                  1.27 kB │ gzip:   0.52 kB
dist/assets/Article-BoDJ10L53.js                                 1.27 kB │ gzip:   0.53 kB
dist/assets/Article-BoRQRbEo3.js                                 1.27 kB │ gzip:   0.53 kB
dist/assets/Article-BqSXs0ZH2.js                                 1.27 kB │ gzip:   0.54 kB
dist/assets/Article-Bql5W7HW.js                                  1.27 kB │ gzip:   0.53 kB
dist/assets/Article-BudXtIZp2.js                                 1.27 kB │ gzip:   0.53 kB
dist/assets/Article-BudozgFQ2.js                                 1.27 kB │ gzip:   0.54 kB
dist/assets/Article-ByEhEvax2.js                                 1.27 kB │ gzip:   0.53 kB
dist/assets/Article-Bz3p5dzc.js                                  1.27 kB │ gzip:   0.53 kB
dist/assets/Article-C1U8O8CE3.js                                 1.27 kB │ gzip:   0.54 kB
dist/assets/Article-C2kwagrl.js                                  1.27 kB │ gzip:   0.53 kB
dist/assets/Article-C2llLJLH2.js                                 1.27 kB │ gzip:   0.52 kB
dist/assets/Article-C69dnqgf.js                                  1.27 kB │ gzip:   0.53 kB
dist/assets/Article-CAGksbGK.js                                  1.27 kB │ gzip:   0.52 kB
dist/assets/Article-CAd8vaqU2.js                                 1.27 kB │ gzip:   0.53 kB
dist/assets/Article-CBSpqAR72.js                                 1.27 kB │ gzip:   0.53 kB
dist/assets/Article-CBnqTnoG.js                                  1.27 kB │ gzip:   0.53 kB
dist/assets/Article-CCKga4OE3.js                                 1.27 kB │ gzip:   0.52 kB
dist/assets/Article-CCp3k8bB.js                                  1.27 kB │ gzip:   0.53 kB
dist/assets/Article-CGZNs7CY4.js                                 1.27 kB │ gzip:   0.53 kB
dist/assets/Article-CHivXkdY3.js                                 1.27 kB │ gzip:   0.53 kB
dist/assets/Article-CM8FlF5x4.js                                 1.27 kB │ gzip:   0.53 kB
dist/assets/Article-CM_ZUkyl2.js                                 1.27 kB │ gzip:   0.54 kB
dist/assets/Article-COR1yV-u3.js                                 1.27 kB │ gzip:   0.54 kB
dist/assets/Article-CUUX7YZp2.js                                 1.27 kB │ gzip:   0.53 kB
dist/assets/Article-CUtp-_4p.js                                  1.27 kB │ gzip:   0.53 kB
dist/assets/Article-Ca-FaGXV.js                                  1.27 kB │ gzip:   0.52 kB
dist/assets/Article-Ca4lxhkT.js                                  1.27 kB │ gzip:   0.53 kB
dist/assets/Article-CeZ1C85h2.js                                 1.27 kB │ gzip:   0.53 kB
dist/assets/Article-CelC5caz.js                                  1.27 kB │ gzip:   0.53 kB
dist/assets/Article-CgZnwt7M.js                                  1.27 kB │ gzip:   0.53 kB
dist/assets/Article-CjxtZfxC4.js                                 1.27 kB │ gzip:   0.53 kB
dist/assets/Article-CkJmq9pC3.js                                 1.27 kB │ gzip:   0.53 kB
dist/assets/Article-CmPso-D4.js                                  1.27 kB │ gzip:   0.53 kB
dist/assets/Article-CrPxQtJb4.js                                 1.27 kB │ gzip:   0.53 kB
dist/assets/Article-D1ezrnHk.js                                  1.27 kB │ gzip:   0.53 kB
dist/assets/Article-D31eOl0y3.js                                 1.27 kB │ gzip:   0.53 kB
dist/assets/Article-D5H_B9af4.js                                 1.27 kB │ gzip:   0.52 kB
dist/assets/Article-D5yhM2Tv2.js                                 1.27 kB │ gzip:   0.54 kB
dist/assets/Article-D7CyiFwh.js                                  1.27 kB │ gzip:   0.54 kB
dist/assets/Article-D7ShDjYM2.js                                 1.27 kB │ gzip:   0.53 kB
dist/assets/Article-D9vqfGmv2.js                                 1.27 kB │ gzip:   0.53 kB
dist/assets/Article-D9zdn-Na.js                                  1.27 kB │ gzip:   0.53 kB
dist/assets/Article-DAt6OIaf.js                                  1.27 kB │ gzip:   0.53 kB
dist/assets/Article-DFwSfWth.js                                  1.27 kB │ gzip:   0.53 kB
dist/assets/Article-DGMXfOWe.js                                  1.27 kB │ gzip:   0.53 kB
dist/assets/Article-DIHIsG8p.js                                  1.27 kB │ gzip:   0.54 kB
dist/assets/Article-DJLNZN0m2.js                                 1.27 kB │ gzip:   0.53 kB
dist/assets/Article-DMASnQji3.js                                 1.27 kB │ gzip:   0.52 kB
dist/assets/Article-DPRX397-3.js                                 1.27 kB │ gzip:   0.52 kB
dist/assets/Article-DPWhtji7.js                                  1.27 kB │ gzip:   0.52 kB
dist/assets/Article-DPb705WR.js                                  1.27 kB │ gzip:   0.53 kB
dist/assets/Article-DR_xIH022.js                                 1.27 kB │ gzip:   0.53 kB
dist/assets/Article-DTa21faP2.js                                 1.27 kB │ gzip:   0.54 kB
dist/assets/Article-DVkGhrOj.js                                  1.27 kB │ gzip:   0.53 kB
dist/assets/Article-DZQCBS7W2.js                                 1.27 kB │ gzip:   0.54 kB
dist/assets/Article-Da058OTb4.js                                 1.27 kB │ gzip:   0.52 kB
dist/assets/Article-Db-gngHY.js                                  1.27 kB │ gzip:   0.53 kB
dist/assets/Article-DcSSEZOP.js                                  1.27 kB │ gzip:   0.54 kB
dist/assets/Article-DdzQDPk2.js                                  1.27 kB │ gzip:   0.52 kB
dist/assets/Article-Deo5lUgN2.js                                 1.27 kB │ gzip:   0.54 kB
dist/assets/Article-Dj1FjbXS.js                                  1.27 kB │ gzip:   0.53 kB
dist/assets/Article-DjbIr4Fv2.js                                 1.27 kB │ gzip:   0.54 kB
dist/assets/Article-DondLmC42.js                                 1.27 kB │ gzip:   0.54 kB
dist/assets/Article-Dp7DYK8Q.js                                  1.27 kB │ gzip:   0.52 kB
dist/assets/Article-Ds5vjbga2.js                                 1.27 kB │ gzip:   0.53 kB
dist/assets/Article-Duw6u_XR4.js                                 1.27 kB │ gzip:   0.53 kB
dist/assets/Article-DwAzWQjt.js                                  1.27 kB │ gzip:   0.54 kB
dist/assets/Article-DwiuoVyV3.js                                 1.27 kB │ gzip:   0.52 kB
dist/assets/Article-DyBJ4i4U.js                                  1.27 kB │ gzip:   0.53 kB
dist/assets/Article-DzmOlZSM.js                                  1.27 kB │ gzip:   0.53 kB
dist/assets/Article-GV7HD3VO2.js                                 1.27 kB │ gzip:   0.53 kB
dist/assets/Article-GkZ8XB7-.js                                  1.27 kB │ gzip:   0.53 kB
dist/assets/Article-J95mw4Up2.js                                 1.27 kB │ gzip:   0.54 kB
dist/assets/Article-K4K16hu02.js                                 1.27 kB │ gzip:   0.54 kB
dist/assets/Article-KyxVqlfK.js                                  1.27 kB │ gzip:   0.52 kB
dist/assets/Article-OQI3QAI0.js                                  1.27 kB │ gzip:   0.54 kB
dist/assets/Article-QSnFmvXz.js                                  1.27 kB │ gzip:   0.52 kB
dist/assets/Article-SFzesNcA3.js                                 1.27 kB │ gzip:   0.53 kB
dist/assets/Article-TjUoSOoI.js                                  1.27 kB │ gzip:   0.53 kB
dist/assets/Article-WZcSmKvQ2.js                                 1.27 kB │ gzip:   0.53 kB
dist/assets/Article-Y9ICqwlC3.js                                 1.27 kB │ gzip:   0.53 kB
dist/assets/Article-YrRLrHzT.js                                  1.27 kB │ gzip:   0.53 kB
dist/assets/Article-Z6qRtF744.js                                 1.27 kB │ gzip:   0.54 kB
dist/assets/Article-_xX43loH3.js                                 1.27 kB │ gzip:   0.53 kB
dist/assets/Article-aEdobqOT3.js                                 1.27 kB │ gzip:   0.54 kB
dist/assets/Article-dBZ_Sjek4.js                                 1.27 kB │ gzip:   0.54 kB
dist/assets/Article-fmkAh1gK.js                                  1.27 kB │ gzip:   0.53 kB
dist/assets/Article-gBnQS-ww2.js                                 1.27 kB │ gzip:   0.52 kB
dist/assets/Article-i_lvsy6l.js                                  1.27 kB │ gzip:   0.53 kB
dist/assets/Article-jFbh3VC14.js                                 1.27 kB │ gzip:   0.54 kB
dist/assets/Article-legYQ4SE.js                                  1.27 kB │ gzip:   0.52 kB
dist/assets/Article-p_ImChaX.js                                  1.27 kB │ gzip:   0.53 kB
dist/assets/Article-q2jims5l3.js                                 1.27 kB │ gzip:   0.54 kB
dist/assets/Article-sDeAb-DO2.js                                 1.27 kB │ gzip:   0.53 kB
dist/assets/Article-tw-NjyxN2.js                                 1.27 kB │ gzip:   0.53 kB
dist/assets/Article-uoZW8reh.js                                  1.27 kB │ gzip:   0.54 kB
dist/assets/Article-vb8tkmae.js                                  1.27 kB │ gzip:   0.52 kB
dist/assets/Article-yZczxGC9.js                                  1.27 kB │ gzip:   0.53 kB
dist/assets/Article-B1VtrjjF.js                                  1.27 kB │ gzip:   0.53 kB
dist/assets/Article-BE9I6Hoj3.js                                 1.27 kB │ gzip:   0.52 kB
dist/assets/Article-BFxtkzh9.js                                  1.27 kB │ gzip:   0.53 kB
dist/assets/Article-BPRH0W0C.js                                  1.27 kB │ gzip:   0.53 kB
dist/assets/Article-BPsgpb2s.js                                  1.27 kB │ gzip:   0.53 kB
dist/assets/Article-BffUN41G.js                                  1.27 kB │ gzip:   0.53 kB
dist/assets/Article-BggO1nzR3.js                                 1.27 kB │ gzip:   0.54 kB
dist/assets/Article-Br-Ia5pH3.js                                 1.27 kB │ gzip:   0.53 kB
dist/assets/Article-Bs9C3EWd4.js                                 1.27 kB │ gzip:   0.54 kB
dist/assets/Article-C77fpBDF.js                                  1.27 kB │ gzip:   0.53 kB
dist/assets/Article-CBGEQCCN.js                                  1.27 kB │ gzip:   0.54 kB
dist/assets/Article-CBVbkWjz3.js                                 1.27 kB │ gzip:   0.53 kB
dist/assets/Article-CLyRi8RU.js                                  1.27 kB │ gzip:   0.53 kB
dist/assets/Article-CV7_2g_J4.js                                 1.27 kB │ gzip:   0.53 kB
dist/assets/Article-ChbIIdvb2.js                                 1.27 kB │ gzip:   0.54 kB
dist/assets/Article-Cm83B1Ez3.js                                 1.27 kB │ gzip:   0.53 kB
dist/assets/Article-D3y-0OqC2.js                                 1.27 kB │ gzip:   0.53 kB
dist/assets/Article-D7lIvfts3.js                                 1.27 kB │ gzip:   0.53 kB
dist/assets/Article-DDT5WLnd2.js                                 1.27 kB │ gzip:   0.53 kB
dist/assets/Article-DNRBDXvh.js                                  1.27 kB │ gzip:   0.53 kB
dist/assets/Article-DWFvpWcH3.js                                 1.27 kB │ gzip:   0.53 kB
dist/assets/Article-DWLwdNgL.js                                  1.27 kB │ gzip:   0.53 kB
dist/assets/Article-DZpXSdFM.js                                  1.27 kB │ gzip:   0.53 kB
dist/assets/Article-DbtmmV1p2.js                                 1.27 kB │ gzip:   0.53 kB
dist/assets/Article-DdFCeeFG.js                                  1.27 kB │ gzip:   0.54 kB
dist/assets/Article-Dg0wxjBo2.js                                 1.27 kB │ gzip:   0.54 kB
dist/assets/Article-DhmCD2zl4.js                                 1.27 kB │ gzip:   0.54 kB
dist/assets/Article-DoZ5eiTa.js                                  1.27 kB │ gzip:   0.53 kB
dist/assets/Article-DrJq7r2G.js                                  1.27 kB │ gzip:   0.52 kB
dist/assets/Article-DuobBgcT2.js                                 1.27 kB │ gzip:   0.53 kB
dist/assets/Article-DwbxAAPZ.js                                  1.27 kB │ gzip:   0.52 kB
dist/assets/Article-Dzcq3oi13.js                                 1.27 kB │ gzip:   0.53 kB
dist/assets/Article-HLYLGMLW3.js                                 1.27 kB │ gzip:   0.54 kB
dist/assets/Article-JFH2Seg_2.js                                 1.27 kB │ gzip:   0.53 kB
dist/assets/Article-PfbsqDpp3.js                                 1.27 kB │ gzip:   0.53 kB
dist/assets/Article-WhRKaVj4.js                                  1.27 kB │ gzip:   0.53 kB
dist/assets/Article-Xt0zmrG24.js                                 1.27 kB │ gzip:   0.54 kB
dist/assets/Article-amnbqBjT3.js                                 1.27 kB │ gzip:   0.53 kB
dist/assets/Article-bprA5EYs4.js                                 1.27 kB │ gzip:   0.53 kB
dist/assets/Article-cxxLfTa1.js                                  1.27 kB │ gzip:   0.54 kB
dist/assets/Article-eTeKj7HK3.js                                 1.27 kB │ gzip:   0.53 kB
dist/assets/Article-rp2fIXse4.js                                 1.27 kB │ gzip:   0.54 kB
dist/assets/Article-5JG4R_Kh.js                                  1.27 kB │ gzip:   0.53 kB
dist/assets/Article-7RI9Sndb.js                                  1.27 kB │ gzip:   0.53 kB
dist/assets/Article-7mNPSQbX.js                                  1.27 kB │ gzip:   0.53 kB
dist/assets/Article-B73dPP4a.js                                  1.27 kB │ gzip:   0.53 kB
dist/assets/Article-BAfWxBKv2.js                                 1.27 kB │ gzip:   0.53 kB
dist/assets/Article-BCHCa98o3.js                                 1.27 kB │ gzip:   0.54 kB
dist/assets/Article-BCerzRA72.js                                 1.27 kB │ gzip:   0.53 kB
dist/assets/Article-BI3jJn-2.js                                  1.27 kB │ gzip:   0.52 kB
dist/assets/Article-BIuu2nH13.js                                 1.27 kB │ gzip:   0.52 kB
dist/assets/Article-BJ82RF862.js                                 1.27 kB │ gzip:   0.53 kB
dist/assets/Article-BJtnDLv54.js                                 1.27 kB │ gzip:   0.53 kB
dist/assets/Article-BLUmn4Ta3.js                                 1.27 kB │ gzip:   0.53 kB
dist/assets/Article-B_T4VCCG.js                                  1.27 kB │ gzip:   0.54 kB
dist/assets/Article-BbEMgFrC2.js                                 1.27 kB │ gzip:   0.54 kB
dist/assets/Article-BcQgS5SQ3.js                                 1.27 kB │ gzip:   0.52 kB
dist/assets/Article-BcpMw2NR2.js                                 1.27 kB │ gzip:   0.53 kB
dist/assets/Article-BdNiQHXk4.js                                 1.27 kB │ gzip:   0.54 kB
dist/assets/Article-BerLIZBD3.js                                 1.27 kB │ gzip:   0.54 kB
dist/assets/Article-BgW799PW.js                                  1.27 kB │ gzip:   0.53 kB
dist/assets/Article-BhadcvoM3.js                                 1.27 kB │ gzip:   0.54 kB
dist/assets/Article-Bn7ql-q22.js                                 1.27 kB │ gzip:   0.53 kB
dist/assets/Article-BqyY8K7z2.js                                 1.27 kB │ gzip:   0.53 kB
dist/assets/Article-BrcS1qSy.js                                  1.27 kB │ gzip:   0.54 kB
dist/assets/Article-C8l9z27c.js                                  1.27 kB │ gzip:   0.54 kB
dist/assets/Article-CAHQtbaD3.js                                 1.27 kB │ gzip:   0.54 kB
dist/assets/Article-CH3zRwrP.js                                  1.27 kB │ gzip:   0.53 kB
dist/assets/Article-CJjWWjQz.js                                  1.27 kB │ gzip:   0.53 kB
dist/assets/Article-CRqzY9A-3.js                                 1.27 kB │ gzip:   0.53 kB
dist/assets/Article-CSfuGn0i.js                                  1.27 kB │ gzip:   0.53 kB
dist/assets/Article-CTn2nIGS3.js                                 1.27 kB │ gzip:   0.54 kB
dist/assets/Article-ClCne0En.js                                  1.27 kB │ gzip:   0.52 kB
dist/assets/Article-ClFHqWdw.js                                  1.27 kB │ gzip:   0.53 kB
dist/assets/Article-Cq5JOC4_.js                                  1.27 kB │ gzip:   0.53 kB
dist/assets/Article-CqTLgrNz.js                                  1.27 kB │ gzip:   0.54 kB
dist/assets/Article-CseraDVf.js                                  1.27 kB │ gzip:   0.53 kB
dist/assets/Article-Ct6jsPcL2.js                                 1.27 kB │ gzip:   0.53 kB
dist/assets/Article-D-yuH1BB.js                                  1.27 kB │ gzip:   0.54 kB
dist/assets/Article-D16E_UkS4.js                                 1.27 kB │ gzip:   0.54 kB
dist/assets/Article-D1QfPsXQ4.js                                 1.27 kB │ gzip:   0.54 kB
dist/assets/Article-D3EBB62C.js                                  1.27 kB │ gzip:   0.53 kB
dist/assets/Article-DCoKLLJq.js                                  1.27 kB │ gzip:   0.52 kB
dist/assets/Article-DCrJkOAg.js                                  1.27 kB │ gzip:   0.53 kB
dist/assets/Article-DFZWD3TM2.js                                 1.27 kB │ gzip:   0.54 kB
dist/assets/Article-DHWglH-Z3.js                                 1.27 kB │ gzip:   0.53 kB
dist/assets/Article-DLdmPDZL.js                                  1.27 kB │ gzip:   0.54 kB
dist/assets/Article-DPceoYOd3.js                                 1.27 kB │ gzip:   0.54 kB
dist/assets/Article-DRhjv4om.js                                  1.27 kB │ gzip:   0.52 kB
dist/assets/Article-DRkqa8bY4.js                                 1.27 kB │ gzip:   0.54 kB
dist/assets/Article-DTckgoHJ.js                                  1.27 kB │ gzip:   0.54 kB
dist/assets/Article-DVK2wVQy.js                                  1.27 kB │ gzip:   0.53 kB
dist/assets/Article-DVfgbnoh.js                                  1.27 kB │ gzip:   0.52 kB
dist/assets/Article-DgisNr7-3.js                                 1.27 kB │ gzip:   0.54 kB
dist/assets/Article-Dj3_bzGZ.js                                  1.27 kB │ gzip:   0.54 kB
dist/assets/Article-Djg9YLiZ3.js                                 1.27 kB │ gzip:   0.54 kB
dist/assets/Article-Dk2GdysG3.js                                 1.27 kB │ gzip:   0.53 kB
dist/assets/Article-DpD7ihxu3.js                                 1.27 kB │ gzip:   0.53 kB
dist/assets/Article-DtwdR-VS.js                                  1.27 kB │ gzip:   0.53 kB
dist/assets/Article-Dy20ea8w.js                                  1.27 kB │ gzip:   0.53 kB
dist/assets/Article-EIFNq0p-.js                                  1.27 kB │ gzip:   0.53 kB
dist/assets/Article-EPmUFKCv.js                                  1.27 kB │ gzip:   0.53 kB
dist/assets/Article-FL55nM-0.js                                  1.27 kB │ gzip:   0.52 kB
dist/assets/Article-HipQ7b5w.js                                  1.27 kB │ gzip:   0.53 kB
dist/assets/Article-IPpd7RyY3.js                                 1.27 kB │ gzip:   0.53 kB
dist/assets/Article-Im_K1LQR4.js                                 1.27 kB │ gzip:   0.54 kB
dist/assets/Article-JVkbN-kK3.js                                 1.27 kB │ gzip:   0.52 kB
dist/assets/Article-Lbr0YlgQ4.js                                 1.27 kB │ gzip:   0.53 kB
dist/assets/Article-NRBd-dF5.js                                  1.27 kB │ gzip:   0.54 kB
dist/assets/Article-Qdlkfpxf2.js                                 1.27 kB │ gzip:   0.54 kB
dist/assets/Article-TI44ceb63.js                                 1.27 kB │ gzip:   0.53 kB
dist/assets/Article-To7sBMTc3.js                                 1.27 kB │ gzip:   0.54 kB
dist/assets/Article-UTjBw0Gr3.js                                 1.27 kB │ gzip:   0.53 kB
dist/assets/Article-XNU0Hj_S.js                                  1.27 kB │ gzip:   0.53 kB
dist/assets/Article-XQ0W6Qn_.js                                  1.27 kB │ gzip:   0.52 kB
dist/assets/Article-bR-3kz35.js                                  1.27 kB │ gzip:   0.53 kB
dist/assets/Article-dlPhgwvL.js                                  1.27 kB │ gzip:   0.53 kB
dist/assets/Article-eJA3u2jf2.js                                 1.27 kB │ gzip:   0.54 kB
dist/assets/Article-hk4ZQmhY.js                                  1.27 kB │ gzip:   0.52 kB
dist/assets/Article-io9hJTsP.js                                  1.27 kB │ gzip:   0.53 kB
dist/assets/Article-kDDQoCsV2.js                                 1.27 kB │ gzip:   0.54 kB
dist/assets/Article-kPAOg9oK.js                                  1.27 kB │ gzip:   0.53 kB
dist/assets/Article-lWazrJCo2.js                                 1.27 kB │ gzip:   0.53 kB
dist/assets/Article-pRWrF7_7.js                                  1.27 kB │ gzip:   0.54 kB
dist/assets/Article-uN34Dife.js                                  1.27 kB │ gzip:   0.53 kB
dist/assets/Article-xKhOTNG92.js                                 1.27 kB │ gzip:   0.53 kB
dist/assets/Article-yMZZ479e2.js                                 1.27 kB │ gzip:   0.53 kB
dist/assets/Article-0Q54Cse43.js                                 1.27 kB │ gzip:   0.52 kB
dist/assets/Article-1Qg1_IDc2.js                                 1.27 kB │ gzip:   0.52 kB
dist/assets/Article-8Ru2NYL43.js                                 1.27 kB │ gzip:   0.53 kB
dist/assets/Article-9Xlzrlt44.js                                 1.27 kB │ gzip:   0.54 kB
dist/assets/Article-B5l17PHU2.js                                 1.27 kB │ gzip:   0.53 kB
dist/assets/Article-B7dvJ8g53.js                                 1.27 kB │ gzip:   0.54 kB
dist/assets/Article-BCYWnjdj.js                                  1.27 kB │ gzip:   0.53 kB
dist/assets/Article-BP4Q08_22.js                                 1.27 kB │ gzip:   0.53 kB
dist/assets/Article-BPUmyRvg2.js                                 1.27 kB │ gzip:   0.53 kB
dist/assets/Article-BQGkz7Q43.js                                 1.27 kB │ gzip:   0.54 kB
dist/assets/Article-BQd5K05u2.js                                 1.27 kB │ gzip:   0.54 kB
dist/assets/Article-BR11Tgzb.js                                  1.27 kB │ gzip:   0.52 kB
dist/assets/Article-BU4pByNi.js                                  1.27 kB │ gzip:   0.53 kB
dist/assets/Article-BaT1smkB.js                                  1.27 kB │ gzip:   0.53 kB
dist/assets/Article-Bi5Tx0LK3.js                                 1.27 kB │ gzip:   0.52 kB
dist/assets/Article-Bk8tmb6O2.js                                 1.27 kB │ gzip:   0.52 kB
dist/assets/Article-BowrZWYP.js                                  1.27 kB │ gzip:   0.53 kB
dist/assets/Article-BsHxI48D3.js                                 1.27 kB │ gzip:   0.53 kB
dist/assets/Article-By8ngGDU.js                                  1.27 kB │ gzip:   0.52 kB
dist/assets/Article-ByC1AZuj.js                                  1.27 kB │ gzip:   0.52 kB
dist/assets/Article-ByCIbBcD.js                                  1.27 kB │ gzip:   0.52 kB
dist/assets/Article-C0v4uuCi2.js                                 1.27 kB │ gzip:   0.52 kB
dist/assets/Article-C1hFbfgm2.js                                 1.27 kB │ gzip:   0.54 kB
dist/assets/Article-CRbHv74q2.js                                 1.27 kB │ gzip:   0.54 kB
dist/assets/Article-CePWReIT4.js                                 1.27 kB │ gzip:   0.54 kB
dist/assets/Article-Cfp70VpR.js                                  1.27 kB │ gzip:   0.53 kB
dist/assets/Article-CjGW_vJj.js                                  1.27 kB │ gzip:   0.54 kB
dist/assets/Article-ClqQMOK13.js                                 1.27 kB │ gzip:   0.54 kB
dist/assets/Article-Crrz7MLz.js                                  1.27 kB │ gzip:   0.53 kB
dist/assets/Article-D0xECdB62.js                                 1.27 kB │ gzip:   0.53 kB
dist/assets/Article-DIJxCcLz.js                                  1.27 kB │ gzip:   0.54 kB
dist/assets/Article-DLs27FGl2.js                                 1.27 kB │ gzip:   0.53 kB
dist/assets/Article-DWBTbOh-3.js                                 1.27 kB │ gzip:   0.53 kB
dist/assets/Article-DYVsoRGG3.js                                 1.27 kB │ gzip:   0.53 kB
dist/assets/Article-DpM7kGJu2.js                                 1.27 kB │ gzip:   0.54 kB
dist/assets/Article-Dt6HtSjp2.js                                 1.27 kB │ gzip:   0.54 kB
dist/assets/Article-J8FPlbmR3.js                                 1.27 kB │ gzip:   0.53 kB
dist/assets/Article-QDsUd4KA3.js                                 1.27 kB │ gzip:   0.54 kB
dist/assets/Article-TiQ6hzWC4.js                                 1.27 kB │ gzip:   0.54 kB
dist/assets/Article-pi6Z9eJt4.js                                 1.27 kB │ gzip:   0.54 kB
dist/assets/Article-wKyyE18p.js                                  1.27 kB │ gzip:   0.52 kB
dist/assets/Article-x-ZSaUb93.js                                 1.27 kB │ gzip:   0.53 kB
dist/assets/Article--XrrkfEU2.js                                 1.27 kB │ gzip:   0.53 kB
dist/assets/Article-01sOBA7B.js                                  1.27 kB │ gzip:   0.53 kB
dist/assets/Article-4WjnjBPX2.js                                 1.27 kB │ gzip:   0.54 kB
dist/assets/Article-6ibc1nak.js                                  1.27 kB │ gzip:   0.53 kB
dist/assets/Article-AsXgfpp44.js                                 1.27 kB │ gzip:   0.54 kB
dist/assets/Article-B1bPRpZy.js                                  1.27 kB │ gzip:   0.53 kB
dist/assets/Article-B32McCL_.js                                  1.27 kB │ gzip:   0.54 kB
dist/assets/Article-BASeTjYm3.js                                 1.27 kB │ gzip:   0.53 kB
dist/assets/Article-BDZO_46e.js                                  1.27 kB │ gzip:   0.53 kB
dist/assets/Article-BDesU1003.js                                 1.27 kB │ gzip:   0.54 kB
dist/assets/Article-BH_p_MHm.js                                  1.27 kB │ gzip:   0.53 kB
dist/assets/Article-BI7KQajG3.js                                 1.27 kB │ gzip:   0.53 kB
dist/assets/Article-BQ03dpDB2.js                                 1.27 kB │ gzip:   0.52 kB
dist/assets/Article-BQuYUz_l2.js                                 1.27 kB │ gzip:   0.54 kB
dist/assets/Article-BhhEaXr4.js                                  1.27 kB │ gzip:   0.54 kB
dist/assets/Article-BhugGu-u3.js                                 1.27 kB │ gzip:   0.54 kB
dist/assets/Article-Bo0q8pVC.js                                  1.27 kB │ gzip:   0.53 kB
dist/assets/Article-BoXN-asK3.js                                 1.27 kB │ gzip:   0.53 kB
dist/assets/Article-BrzDcwSw.js                                  1.27 kB │ gzip:   0.52 kB
dist/assets/Article-BtFxa6172.js                                 1.27 kB │ gzip:   0.53 kB
dist/assets/Article-C0G4MCIl4.js                                 1.27 kB │ gzip:   0.53 kB
dist/assets/Article-C2ZSLeE1.js                                  1.27 kB │ gzip:   0.54 kB
dist/assets/Article-C4FIckmT2.js                                 1.27 kB │ gzip:   0.53 kB
dist/assets/Article-C5KtXS1s.js                                  1.27 kB │ gzip:   0.53 kB
dist/assets/Article-C5UfIuHx2.js                                 1.27 kB │ gzip:   0.54 kB
dist/assets/Article-C8AuQLnv4.js                                 1.27 kB │ gzip:   0.54 kB
dist/assets/Article-CGkL_inD2.js                                 1.27 kB │ gzip:   0.53 kB
dist/assets/Article-CJWrIM8q2.js                                 1.27 kB │ gzip:   0.53 kB
dist/assets/Article-CLKLnKEf3.js                                 1.27 kB │ gzip:   0.53 kB
dist/assets/Article-COtGdogH.js                                  1.27 kB │ gzip:   0.53 kB
dist/assets/Article-CPRRiXOh.js                                  1.27 kB │ gzip:   0.52 kB
dist/assets/Article-CQuyySpJ2.js                                 1.27 kB │ gzip:   0.54 kB
dist/assets/Article-Cdkdb1Jb2.js                                 1.27 kB │ gzip:   0.53 kB
dist/assets/Article-Ch4A-r3K2.js                                 1.27 kB │ gzip:   0.54 kB
dist/assets/Article-ChXNo7Wo2.js                                 1.27 kB │ gzip:   0.53 kB
dist/assets/Article-Cj5ic9bK.js                                  1.27 kB │ gzip:   0.53 kB
dist/assets/Article-CjGb-_8i3.js                                 1.27 kB │ gzip:   0.53 kB
dist/assets/Article-CohUCXgS.js                                  1.27 kB │ gzip:   0.53 kB
dist/assets/Article-CqZnGvns.js                                  1.27 kB │ gzip:   0.54 kB
dist/assets/Article-CxaWaZza.js                                  1.27 kB │ gzip:   0.53 kB
dist/assets/Article-D3o50rtL2.js                                 1.27 kB │ gzip:   0.53 kB
dist/assets/Article-D7GdnnCh.js                                  1.27 kB │ gzip:   0.53 kB
dist/assets/Article-D8fIYr4O2.js                                 1.27 kB │ gzip:   0.53 kB
dist/assets/Article-D9mdcNe62.js                                 1.27 kB │ gzip:   0.54 kB
dist/assets/Article-DJrVOL8-3.js                                 1.27 kB │ gzip:   0.53 kB
dist/assets/Article-DK6I5FQf4.js                                 1.27 kB │ gzip:   0.54 kB
dist/assets/Article-DRGfqHU1.js                                  1.27 kB │ gzip:   0.54 kB
dist/assets/Article-DRn7Gx5d.js                                  1.27 kB │ gzip:   0.54 kB
dist/assets/Article-DUGpWC7L2.js                                 1.27 kB │ gzip:   0.54 kB
dist/assets/Article-DU_EAldD2.js                                 1.27 kB │ gzip:   0.54 kB
dist/assets/Article-DWTOTgye2.js                                 1.27 kB │ gzip:   0.54 kB
dist/assets/Article-DXmJ3FEc2.js                                 1.27 kB │ gzip:   0.53 kB
dist/assets/Article-Da3FWnG3.js                                  1.27 kB │ gzip:   0.53 kB
dist/assets/Article-Db_jIYh5.js                                  1.27 kB │ gzip:   0.53 kB
dist/assets/Article-Dd4Nd_VU.js                                  1.27 kB │ gzip:   0.53 kB
dist/assets/Article-DnJFWZDn.js                                  1.27 kB │ gzip:   0.54 kB
dist/assets/Article-DnYETkF53.js                                 1.27 kB │ gzip:   0.53 kB
dist/assets/Article-DqRPtxjx.js                                  1.27 kB │ gzip:   0.53 kB
dist/assets/Article-DtnsT0Zk.js                                  1.27 kB │ gzip:   0.53 kB
dist/assets/Article-HywmzVML.js                                  1.27 kB │ gzip:   0.53 kB
dist/assets/Article-KuRcavSq.js                                  1.27 kB │ gzip:   0.53 kB
dist/assets/Article-RGPe-trh4.js                                 1.27 kB │ gzip:   0.54 kB
dist/assets/Article-UOQX3Nwz3.js                                 1.27 kB │ gzip:   0.53 kB
dist/assets/Article-_kFH-_-h2.js                                 1.27 kB │ gzip:   0.53 kB
dist/assets/Article-_tKXUNlS3.js                                 1.27 kB │ gzip:   0.54 kB
dist/assets/Article-aWJ-qEgo.js                                  1.27 kB │ gzip:   0.53 kB
dist/assets/Article-amVx_wdG2.js                                 1.27 kB │ gzip:   0.54 kB
dist/assets/Article-helJH6b23.js                                 1.27 kB │ gzip:   0.53 kB
dist/assets/Article-oASZfQYb2.js                                 1.27 kB │ gzip:   0.53 kB
dist/assets/Article-qXd7ldNW2.js                                 1.27 kB │ gzip:   0.54 kB
dist/assets/Article-0OI6gZzz3.js                                 1.27 kB │ gzip:   0.53 kB
dist/assets/Article-40Rlowu32.js                                 1.27 kB │ gzip:   0.54 kB
dist/assets/Article-7DEF9yNj3.js                                 1.27 kB │ gzip:   0.52 kB
dist/assets/Article-9y95UCIo3.js                                 1.27 kB │ gzip:   0.54 kB
dist/assets/Article-B0JJBi9R.js                                  1.27 kB │ gzip:   0.53 kB
dist/assets/Article-B4xT7ZC3.js                                  1.27 kB │ gzip:   0.53 kB
dist/assets/Article-B7FNFjjm2.js                                 1.27 kB │ gzip:   0.54 kB
dist/assets/Article-BDCXqCLm4.js                                 1.27 kB │ gzip:   0.54 kB
dist/assets/Article-BH2yXCuA.js                                  1.27 kB │ gzip:   0.52 kB
dist/assets/Article-BHa-dYu64.js                                 1.27 kB │ gzip:   0.54 kB
dist/assets/Article-BQ82hahg4.js                                 1.27 kB │ gzip:   0.54 kB
dist/assets/Article-BQvUChAu3.js                                 1.27 kB │ gzip:   0.53 kB
dist/assets/Article-BUlovkO43.js                                 1.27 kB │ gzip:   0.52 kB
dist/assets/Article-BVQKqZab.js                                  1.27 kB │ gzip:   0.53 kB
dist/assets/Article-BVbgQQSI.js                                  1.27 kB │ gzip:   0.53 kB
dist/assets/Article-BXzQ6AD63.js                                 1.27 kB │ gzip:   0.54 kB
dist/assets/Article-BZw7BJFF2.js                                 1.27 kB │ gzip:   0.52 kB
dist/assets/Article-BdZjy4lY2.js                                 1.27 kB │ gzip:   0.54 kB
dist/assets/Article-Bf2xCDdK.js                                  1.27 kB │ gzip:   0.53 kB
dist/assets/Article-BprYbf6l.js                                  1.27 kB │ gzip:   0.52 kB
dist/assets/Article-BqO-sZ7d2.js                                 1.27 kB │ gzip:   0.53 kB
dist/assets/Article-BsOGpk-r.js                                  1.27 kB │ gzip:   0.53 kB
dist/assets/Article-BvKQuQzB.js                                  1.27 kB │ gzip:   0.54 kB
dist/assets/Article-C-EVo2a73.js                                 1.27 kB │ gzip:   0.54 kB
dist/assets/Article-C1mlple12.js                                 1.27 kB │ gzip:   0.54 kB
dist/assets/Article-CBeW7k0q3.js                                 1.27 kB │ gzip:   0.53 kB
dist/assets/Article-CDoclFe_4.js                                 1.27 kB │ gzip:   0.54 kB
dist/assets/Article-CEhkJf86.js                                  1.27 kB │ gzip:   0.53 kB
dist/assets/Article-CM98KKRm2.js                                 1.27 kB │ gzip:   0.54 kB
dist/assets/Article-CNKNgNDC4.js                                 1.27 kB │ gzip:   0.54 kB
dist/assets/Article-CNgRIfFT2.js                                 1.27 kB │ gzip:   0.53 kB
dist/assets/Article-CS3LRozq4.js                                 1.27 kB │ gzip:   0.54 kB
dist/assets/Article-CT6vkufj.js                                  1.27 kB │ gzip:   0.53 kB
dist/assets/Article-CTmgZPz83.js                                 1.27 kB │ gzip:   0.52 kB
dist/assets/Article-CVAd8zV42.js                                 1.27 kB │ gzip:   0.53 kB
dist/assets/Article-CXJ2H7Ng3.js                                 1.27 kB │ gzip:   0.53 kB
dist/assets/Article-CZ7fZwYg.js                                  1.27 kB │ gzip:   0.53 kB
dist/assets/Article-CaO1ZXVY2.js                                 1.27 kB │ gzip:   0.52 kB
dist/assets/Article-Cam3dH1Y2.js                                 1.27 kB │ gzip:   0.53 kB
dist/assets/Article-CdZIAaIF.js                                  1.27 kB │ gzip:   0.54 kB
dist/assets/Article-Cgl8iZAu3.js                                 1.27 kB │ gzip:   0.53 kB
dist/assets/Article-CnaZccxM.js                                  1.27 kB │ gzip:   0.54 kB
dist/assets/Article-Cpnc6vuZ2.js                                 1.27 kB │ gzip:   0.54 kB
dist/assets/Article-CxaOY7cd2.js                                 1.27 kB │ gzip:   0.53 kB
dist/assets/Article-D2not1kb2.js                                 1.27 kB │ gzip:   0.54 kB
dist/assets/Article-DCmCZY4I.js                                  1.27 kB │ gzip:   0.54 kB
dist/assets/Article-DJFN0c4q.js                                  1.27 kB │ gzip:   0.53 kB
dist/assets/Article-DKCD9wox.js                                  1.27 kB │ gzip:   0.54 kB
dist/assets/Article-DSz4fk6O3.js                                 1.27 kB │ gzip:   0.54 kB
dist/assets/Article-DTk2-9u02.js                                 1.27 kB │ gzip:   0.53 kB
dist/assets/Article-DTrEu5JP2.js                                 1.27 kB │ gzip:   0.54 kB
dist/assets/Article-DfoEhAuc.js                                  1.27 kB │ gzip:   0.54 kB
dist/assets/Article-DjQO-mKP.js                                  1.27 kB │ gzip:   0.53 kB
dist/assets/Article-DkHDYDUK2.js                                 1.27 kB │ gzip:   0.54 kB
dist/assets/Article-DkZ8zKkX.js                                  1.27 kB │ gzip:   0.53 kB
dist/assets/Article-Dl6jSy7R2.js                                 1.27 kB │ gzip:   0.54 kB
dist/assets/Article-DlYgwxHz.js                                  1.27 kB │ gzip:   0.53 kB
dist/assets/Article-Dm3K54X02.js                                 1.27 kB │ gzip:   0.53 kB
dist/assets/Article-DtxZwQ7A2.js                                 1.27 kB │ gzip:   0.53 kB
dist/assets/Article-DxPTyYBy4.js                                 1.27 kB │ gzip:   0.54 kB
dist/assets/Article-Dxgp5kbD3.js                                 1.27 kB │ gzip:   0.53 kB
dist/assets/Article-FcC6L7Z53.js                                 1.27 kB │ gzip:   0.54 kB
dist/assets/Article-QrWtp5yg.js                                  1.27 kB │ gzip:   0.54 kB
dist/assets/Article-QzFtHUpx2.js                                 1.27 kB │ gzip:   0.52 kB
dist/assets/Article-RMxZjDUe.js                                  1.27 kB │ gzip:   0.54 kB
dist/assets/Article-TbtPECYv3.js                                 1.27 kB │ gzip:   0.52 kB
dist/assets/Article-VAPnSSzS.js                                  1.27 kB │ gzip:   0.53 kB
dist/assets/Article-_HTVEZnJ4.js                                 1.27 kB │ gzip:   0.53 kB
dist/assets/Article-_fILuV9H.js                                  1.27 kB │ gzip:   0.53 kB
dist/assets/Article-e8q16L4G.js                                  1.27 kB │ gzip:   0.54 kB
dist/assets/Article-i00Rt_0c2.js                                 1.27 kB │ gzip:   0.53 kB
dist/assets/Article-ikCjJM20.js                                  1.27 kB │ gzip:   0.54 kB
dist/assets/Article-leapn5bG2.js                                 1.27 kB │ gzip:   0.54 kB
dist/assets/Article-rnww_8VW.js                                  1.27 kB │ gzip:   0.52 kB
dist/assets/Article-sas-KNjc2.js                                 1.27 kB │ gzip:   0.53 kB
dist/assets/Article-tDtJ7ZJa.js                                  1.27 kB │ gzip:   0.53 kB
dist/assets/Article-xQiFSIeF2.js                                 1.27 kB │ gzip:   0.54 kB
dist/assets/Article-xdmNuONy.js                                  1.27 kB │ gzip:   0.53 kB
dist/assets/Article-2d3gl8cj2.js                                 1.27 kB │ gzip:   0.54 kB
dist/assets/Article-B9_EdwyI2.js                                 1.27 kB │ gzip:   0.54 kB
dist/assets/Article-BAl3fzy42.js                                 1.27 kB │ gzip:   0.54 kB
dist/assets/Article-BBsZ885S.js                                  1.27 kB │ gzip:   0.54 kB
dist/assets/Article-BE1EG-iE2.js                                 1.27 kB │ gzip:   0.54 kB
dist/assets/Article-BEMXhpCt.js                                  1.27 kB │ gzip:   0.54 kB
dist/assets/Article-BNq_LYea2.js                                 1.27 kB │ gzip:   0.54 kB
dist/assets/Article-BOjz5Kwm3.js                                 1.27 kB │ gzip:   0.54 kB
dist/assets/Article-BRSLvBZi4.js                                 1.27 kB │ gzip:   0.54 kB
dist/assets/Article-BTRImxO7.js                                  1.27 kB │ gzip:   0.53 kB
dist/assets/Article-BWqs54Ar.js                                  1.27 kB │ gzip:   0.54 kB
dist/assets/Article-BXjhv7l12.js                                 1.27 kB │ gzip:   0.54 kB
dist/assets/Article-BhR6pPpr2.js                                 1.27 kB │ gzip:   0.53 kB
dist/assets/Article-BjrXHCH0.js                                  1.27 kB │ gzip:   0.54 kB
dist/assets/Article-BqLTLBoh.js                                  1.27 kB │ gzip:   0.53 kB
dist/assets/Article-BvGKBuNY.js                                  1.27 kB │ gzip:   0.54 kB
dist/assets/Article-C-mh5SNC.js                                  1.27 kB │ gzip:   0.53 kB
dist/assets/Article-C1F96JkM4.js                                 1.27 kB │ gzip:   0.54 kB
dist/assets/Article-C6gGbYrb.js                                  1.27 kB │ gzip:   0.53 kB
dist/assets/Article-CATrV4Ty.js                                  1.27 kB │ gzip:   0.54 kB
dist/assets/Article-CFknSx453.js                                 1.27 kB │ gzip:   0.54 kB
dist/assets/Article-CHBIrWDo2.js                                 1.27 kB │ gzip:   0.53 kB
dist/assets/Article-CHf9EG_R2.js                                 1.27 kB │ gzip:   0.53 kB
dist/assets/Article-CPGdntUJ.js                                  1.27 kB │ gzip:   0.54 kB
dist/assets/Article-CVOVDKTP.js                                  1.27 kB │ gzip:   0.54 kB
dist/assets/Article-CcQFX_l2.js                                  1.27 kB │ gzip:   0.54 kB
dist/assets/Article-CdUszeOV3.js                                 1.27 kB │ gzip:   0.54 kB
dist/assets/Article-CfnbJWD-4.js                                 1.27 kB │ gzip:   0.54 kB
dist/assets/Article-Cij2M7ri3.js                                 1.27 kB │ gzip:   0.54 kB
dist/assets/Article-CqNb4Orv3.js                                 1.27 kB │ gzip:   0.54 kB
dist/assets/Article-CtTRPCIR2.js                                 1.27 kB │ gzip:   0.52 kB
dist/assets/Article-Cvr6e3mV3.js                                 1.27 kB │ gzip:   0.54 kB
dist/assets/Article-CxD31TCe2.js                                 1.27 kB │ gzip:   0.54 kB
dist/assets/Article-CxDKCjDw2.js                                 1.27 kB │ gzip:   0.54 kB
dist/assets/Article-CyME6BEq2.js                                 1.27 kB │ gzip:   0.53 kB
dist/assets/Article-Czhipq6J.js                                  1.27 kB │ gzip:   0.53 kB
dist/assets/Article-D6sBAW2f.js                                  1.27 kB │ gzip:   0.54 kB
dist/assets/Article-DAUREloc2.js                                 1.27 kB │ gzip:   0.54 kB
dist/assets/Article-DTG4oHYQ.js                                  1.27 kB │ gzip:   0.54 kB
dist/assets/Article-DTN0NPbU.js                                  1.27 kB │ gzip:   0.53 kB
dist/assets/Article-DV5fzFYb3.js                                 1.27 kB │ gzip:   0.54 kB
dist/assets/Article-DVlvV3TD2.js                                 1.27 kB │ gzip:   0.54 kB
dist/assets/Article-DXmC68e4.js                                  1.27 kB │ gzip:   0.54 kB
dist/assets/Article-DbWCA5Bv.js                                  1.27 kB │ gzip:   0.54 kB
dist/assets/Article-DiAd-gLV3.js                                 1.27 kB │ gzip:   0.54 kB
dist/assets/Article-Dsqnvsy13.js                                 1.27 kB │ gzip:   0.54 kB
dist/assets/Article-DuKB-wNY3.js                                 1.27 kB │ gzip:   0.53 kB
dist/assets/Article-DvWJCXuM.js                                  1.27 kB │ gzip:   0.53 kB
dist/assets/Article-HF9fFacN.js                                  1.27 kB │ gzip:   0.54 kB
dist/assets/Article-IyuzEzqF3.js                                 1.27 kB │ gzip:   0.54 kB
dist/assets/Article-JFQKEYLk.js                                  1.27 kB │ gzip:   0.53 kB
dist/assets/Article-JYBRHHUX2.js                                 1.27 kB │ gzip:   0.54 kB
dist/assets/Article-KbFcjqzi.js                                  1.27 kB │ gzip:   0.54 kB
dist/assets/Article-QHO_MU_C2.js                                 1.27 kB │ gzip:   0.54 kB
dist/assets/Article-QN6jDoUM2.js                                 1.27 kB │ gzip:   0.54 kB
dist/assets/Article-Sk-HeKPR.js                                  1.27 kB │ gzip:   0.54 kB
dist/assets/Article-Vv0EYcZc3.js                                 1.27 kB │ gzip:   0.53 kB
dist/assets/Article-bOzQ5JdG.js                                  1.27 kB │ gzip:   0.53 kB
dist/assets/Article-fa0XB7N32.js                                 1.27 kB │ gzip:   0.53 kB
dist/assets/Article-fjpesRaK2.js                                 1.27 kB │ gzip:   0.53 kB
dist/assets/Article-loAFzW4p2.js                                 1.27 kB │ gzip:   0.54 kB
dist/assets/Article-mtVniRxu2.js                                 1.27 kB │ gzip:   0.54 kB
dist/assets/Article-nQYA8CQl2.js                                 1.27 kB │ gzip:   0.54 kB
dist/assets/Article-tMHI3EwK2.js                                 1.27 kB │ gzip:   0.54 kB
dist/assets/Article-yPELLPY42.js                                 1.27 kB │ gzip:   0.53 kB
dist/assets/Article-BD-Wy7RO.js                                  1.27 kB │ gzip:   0.52 kB
dist/assets/Article-BJ7YKnvW.js                                  1.27 kB │ gzip:   0.52 kB
dist/assets/Article-BJGwmRXP.js                                  1.27 kB │ gzip:   0.52 kB
dist/assets/Article-BOAhhawU3.js                                 1.27 kB │ gzip:   0.54 kB
dist/assets/Article-BTFvCck7.js                                  1.27 kB │ gzip:   0.53 kB
dist/assets/Article-BbSku0aC2.js                                 1.27 kB │ gzip:   0.53 kB
dist/assets/Article-BlILBa9v.js                                  1.27 kB │ gzip:   0.52 kB
dist/assets/Article-BmW6B8fi2.js                                 1.27 kB │ gzip:   0.54 kB
dist/assets/Article-BnC7PqK62.js                                 1.27 kB │ gzip:   0.54 kB
dist/assets/Article-BrCcHlO82.js                                 1.27 kB │ gzip:   0.54 kB
dist/assets/Article-CO-fCXwg3.js                                 1.27 kB │ gzip:   0.52 kB
dist/assets/Article-CPajgJM_.js                                  1.27 kB │ gzip:   0.53 kB
dist/assets/Article-CYeXWa2g.js                                  1.27 kB │ gzip:   0.53 kB
dist/assets/Article-C_cdLbe53.js                                 1.27 kB │ gzip:   0.53 kB
dist/assets/Article-CyPBXBAf.js                                  1.27 kB │ gzip:   0.53 kB
dist/assets/Article-CywuDwNO4.js                                 1.27 kB │ gzip:   0.54 kB
dist/assets/Article-D9IMg5aX.js                                  1.27 kB │ gzip:   0.54 kB
dist/assets/Article-DAL9QG9Y2.js                                 1.27 kB │ gzip:   0.52 kB
dist/assets/Article-DAuxOhR9.js                                  1.27 kB │ gzip:   0.52 kB
dist/assets/Article-DDFAnVyg.js                                  1.27 kB │ gzip:   0.52 kB
dist/assets/Article-DFQB-YRE2.js                                 1.27 kB │ gzip:   0.53 kB
dist/assets/Article-DIOdGkzc2.js                                 1.27 kB │ gzip:   0.53 kB
dist/assets/Article-DbPP06zR2.js                                 1.27 kB │ gzip:   0.53 kB
dist/assets/Article-DbgTRqyS.js                                  1.27 kB │ gzip:   0.54 kB
dist/assets/Article-Dr-o4dFF.js                                  1.27 kB │ gzip:   0.52 kB
dist/assets/Article-WyssNApa.js                                  1.27 kB │ gzip:   0.53 kB
dist/assets/Article-eqTqjGaL4.js                                 1.27 kB │ gzip:   0.54 kB
dist/assets/Article-fu0zgFrM.js                                  1.27 kB │ gzip:   0.54 kB
dist/assets/Article-jUGMgYIS2.js                                 1.27 kB │ gzip:   0.52 kB
dist/assets/Article-oUDLVnNt2.js                                 1.27 kB │ gzip:   0.53 kB
dist/assets/Article-rAKXbi-G.js                                  1.27 kB │ gzip:   0.53 kB
dist/assets/Article-0o56s7gY.js                                  1.27 kB │ gzip:   0.53 kB
dist/assets/Article-B1YpRd8t3.js                                 1.27 kB │ gzip:   0.54 kB
dist/assets/Article-BAdG4n7y3.js                                 1.27 kB │ gzip:   0.54 kB
dist/assets/Article-BEYzn6Nq2.js                                 1.27 kB │ gzip:   0.53 kB
dist/assets/Article-BGIE5qGG4.js                                 1.27 kB │ gzip:   0.54 kB
dist/assets/Article-BJ87LKfX.js                                  1.27 kB │ gzip:   0.54 kB
dist/assets/Article-BapJlL8V.js                                  1.27 kB │ gzip:   0.53 kB
dist/assets/Article-BbjS6PMs.js                                  1.27 kB │ gzip:   0.54 kB
dist/assets/Article-Bdn1PHSD2.js                                 1.27 kB │ gzip:   0.54 kB
dist/assets/Article-BemzOEus2.js                                 1.27 kB │ gzip:   0.53 kB
dist/assets/Article-BiKSJqk8.js                                  1.27 kB │ gzip:   0.53 kB
dist/assets/Article-BiQwqGt83.js                                 1.27 kB │ gzip:   0.53 kB
dist/assets/Article-Bk0gTb-S2.js                                 1.27 kB │ gzip:   0.54 kB
dist/assets/Article-Bk6bOneW2.js                                 1.27 kB │ gzip:   0.54 kB
dist/assets/Article-BkpmiJpI3.js                                 1.27 kB │ gzip:   0.53 kB
dist/assets/Article-BoaIXltL.js                                  1.27 kB │ gzip:   0.53 kB
dist/assets/Article-Bu-3SH6t4.js                                 1.27 kB │ gzip:   0.53 kB
dist/assets/Article-BvidFEu93.js                                 1.27 kB │ gzip:   0.53 kB
dist/assets/Article-Bw1PrWPL.js                                  1.27 kB │ gzip:   0.54 kB
dist/assets/Article-BwFWYCgJ2.js                                 1.27 kB │ gzip:   0.53 kB
dist/assets/Article-Bx9rP3xj.js                                  1.27 kB │ gzip:   0.54 kB
dist/assets/Article-BxKYPH2v.js                                  1.27 kB │ gzip:   0.53 kB
dist/assets/Article-BxOogpuW.js                                  1.27 kB │ gzip:   0.54 kB
dist/assets/Article-By7I8buA.js                                  1.27 kB │ gzip:   0.54 kB
dist/assets/Article-C0KfFc9f.js                                  1.27 kB │ gzip:   0.54 kB
dist/assets/Article-C0Z2i6Iv4.js                                 1.27 kB │ gzip:   0.54 kB
dist/assets/Article-C14X-x3J2.js                                 1.27 kB │ gzip:   0.54 kB
dist/assets/Article-C8FakO8p.js                                  1.27 kB │ gzip:   0.54 kB
dist/assets/Article-C8qhb5wy.js                                  1.27 kB │ gzip:   0.53 kB
dist/assets/Article-CHMaXbR12.js                                 1.27 kB │ gzip:   0.53 kB
dist/assets/Article-CYB-h7Yy.js                                  1.27 kB │ gzip:   0.53 kB
dist/assets/Article-CgiPN98U.js                                  1.27 kB │ gzip:   0.54 kB
dist/assets/Article-CifJVD4-2.js                                 1.27 kB │ gzip:   0.53 kB
dist/assets/Article-Cl8kOIjD2.js                                 1.27 kB │ gzip:   0.53 kB
dist/assets/Article-CmpKn_Bp3.js                                 1.27 kB │ gzip:   0.53 kB
dist/assets/Article-CoYDzt-A.js                                  1.27 kB │ gzip:   0.54 kB
dist/assets/Article-CoYkH65O.js                                  1.27 kB │ gzip:   0.54 kB
dist/assets/Article-CpSkbYV02.js                                 1.27 kB │ gzip:   0.53 kB
dist/assets/Article-CrUUstoy.js                                  1.27 kB │ gzip:   0.53 kB
dist/assets/Article-D712C1ep2.js                                 1.27 kB │ gzip:   0.54 kB
dist/assets/Article-D8GMU5V2.js                                  1.27 kB │ gzip:   0.52 kB
dist/assets/Article-D8nYvlDs2.js                                 1.27 kB │ gzip:   0.53 kB
dist/assets/Article-D9kcSIjV.js                                  1.27 kB │ gzip:   0.54 kB
dist/assets/Article-DB7lttHI4.js                                 1.27 kB │ gzip:   0.53 kB
dist/assets/Article-DEdrTYl02.js                                 1.27 kB │ gzip:   0.53 kB
dist/assets/Article-DFOY8sWL3.js                                 1.27 kB │ gzip:   0.54 kB
dist/assets/Article-DH6lMhZP3.js                                 1.27 kB │ gzip:   0.53 kB
dist/assets/Article-DILMm8rl2.js                                 1.27 kB │ gzip:   0.53 kB
dist/assets/Article-DJM_8Jan.js                                  1.27 kB │ gzip:   0.53 kB
dist/assets/Article-DKbPluDU2.js                                 1.27 kB │ gzip:   0.54 kB
dist/assets/Article-DNfDm3ft.js                                  1.27 kB │ gzip:   0.54 kB
dist/assets/Article-DNsMRzKj4.js                                 1.27 kB │ gzip:   0.53 kB
dist/assets/Article-DR8csilm.js                                  1.27 kB │ gzip:   0.52 kB
dist/assets/Article-D_e10r1O2.js                                 1.27 kB │ gzip:   0.53 kB
dist/assets/Article-DshKONxc.js                                  1.27 kB │ gzip:   0.54 kB
dist/assets/Article-Dx8eEM942.js                                 1.27 kB │ gzip:   0.53 kB
dist/assets/Article-Dx9adsiO2.js                                 1.27 kB │ gzip:   0.53 kB
dist/assets/Article-DzMR3DTL.js                                  1.27 kB │ gzip:   0.53 kB
dist/assets/Article-L5MiZZjV.js                                  1.27 kB │ gzip:   0.53 kB
dist/assets/Article-QQPUW4TZ3.js                                 1.27 kB │ gzip:   0.53 kB
dist/assets/Article-S0Bk8UZ14.js                                 1.27 kB │ gzip:   0.53 kB
dist/assets/Article-TFu9nvIr3.js                                 1.27 kB │ gzip:   0.53 kB
dist/assets/Article-bhZbOuc04.js                                 1.27 kB │ gzip:   0.54 kB
dist/assets/Article-c57AuHxQ4.js                                 1.27 kB │ gzip:   0.54 kB
dist/assets/Article-dZMaMzwT.js                                  1.27 kB │ gzip:   0.53 kB
dist/assets/Article-dkFfNnSh.js                                  1.27 kB │ gzip:   0.53 kB
dist/assets/Article-s5mV68Ik.js                                  1.27 kB │ gzip:   0.54 kB
dist/assets/Article-wJHCTsol2.js                                 1.27 kB │ gzip:   0.54 kB
dist/assets/Article--CU_fWtf3.js                                 1.28 kB │ gzip:   0.54 kB
dist/assets/Article-4ijTKHxB.js                                  1.28 kB │ gzip:   0.53 kB
dist/assets/Article-9eB7MXav4.js                                 1.28 kB │ gzip:   0.53 kB
dist/assets/Article-A-6DV0cQ3.js                                 1.28 kB │ gzip:   0.54 kB
dist/assets/Article-B1ZG5Xr4.js                                  1.28 kB │ gzip:   0.52 kB
dist/assets/Article-B5I2Hx3h.js                                  1.28 kB │ gzip:   0.54 kB
dist/assets/Article-B5M4P1fM2.js                                 1.28 kB │ gzip:   0.54 kB
dist/assets/Article-B8K-Zueq3.js                                 1.28 kB │ gzip:   0.54 kB
dist/assets/Article-B9zCMjUE.js                                  1.28 kB │ gzip:   0.53 kB
dist/assets/Article-BAkMwCLT.js                                  1.28 kB │ gzip:   0.53 kB
dist/assets/Article-BFTSpAci3.js                                 1.28 kB │ gzip:   0.52 kB
dist/assets/Article-BOOX6M9G4.js                                 1.28 kB │ gzip:   0.53 kB
dist/assets/Article-BPv4RB6Y.js                                  1.28 kB │ gzip:   0.53 kB
dist/assets/Article-BUih3q7e.js                                  1.28 kB │ gzip:   0.53 kB
dist/assets/Article-BYP71Qcz.js                                  1.28 kB │ gzip:   0.53 kB
dist/assets/Article-BZ1I36hA2.js                                 1.28 kB │ gzip:   0.53 kB
dist/assets/Article-BZ67eHfo.js                                  1.28 kB │ gzip:   0.53 kB
dist/assets/Article-BjpGyNsz3.js                                 1.28 kB │ gzip:   0.54 kB
dist/assets/Article-Bkx3-ZRM.js                                  1.28 kB │ gzip:   0.53 kB
dist/assets/Article-Btz-J4tS.js                                  1.28 kB │ gzip:   0.53 kB
dist/assets/Article-Bw7tCQL_.js                                  1.28 kB │ gzip:   0.53 kB
dist/assets/Article-Bz0JgQVO4.js                                 1.28 kB │ gzip:   0.53 kB
dist/assets/Article-C9ThnHr12.js                                 1.28 kB │ gzip:   0.53 kB
dist/assets/Article-C9djGCW2.js                                  1.28 kB │ gzip:   0.53 kB
dist/assets/Article-CGkN3Nfe.js                                  1.28 kB │ gzip:   0.53 kB
dist/assets/Article-CMuOZpxw3.js                                 1.28 kB │ gzip:   0.53 kB
dist/assets/Article-CWJVz3l_2.js                                 1.28 kB │ gzip:   0.54 kB
dist/assets/Article-CclrP6SQ.js                                  1.28 kB │ gzip:   0.53 kB
dist/assets/Article-ClAofobm2.js                                 1.28 kB │ gzip:   0.53 kB
dist/assets/Article-ClSQeKhx2.js                                 1.28 kB │ gzip:   0.53 kB
dist/assets/Article-CmqRgjSE3.js                                 1.28 kB │ gzip:   0.54 kB
dist/assets/Article-Cpw4QERk.js                                  1.28 kB │ gzip:   0.53 kB
dist/assets/Article-Cs_6dJvM4.js                                 1.28 kB │ gzip:   0.53 kB
dist/assets/Article-CvHWtDkP4.js                                 1.28 kB │ gzip:   0.52 kB
dist/assets/Article-CzY2VBCU.js                                  1.28 kB │ gzip:   0.53 kB
dist/assets/Article-D-9Y1TT_.js                                  1.28 kB │ gzip:   0.53 kB
dist/assets/Article-D0bodw3K2.js                                 1.28 kB │ gzip:   0.53 kB
dist/assets/Article-D7ZrqxUK3.js                                 1.28 kB │ gzip:   0.54 kB
dist/assets/Article-DDo8Bpx1.js                                  1.28 kB │ gzip:   0.53 kB
dist/assets/Article-DF60Mdnh3.js                                 1.28 kB │ gzip:   0.54 kB
dist/assets/Article-DJMEPoPC3.js                                 1.28 kB │ gzip:   0.54 kB
dist/assets/Article-DJe2EDcV3.js                                 1.28 kB │ gzip:   0.53 kB
dist/assets/Article-DL4U7SDs.js                                  1.28 kB │ gzip:   0.53 kB
dist/assets/Article-DUBjpvgz3.js                                 1.28 kB │ gzip:   0.53 kB
dist/assets/Article-DhK3MRrT.js                                  1.28 kB │ gzip:   0.53 kB
dist/assets/Article-DjZx7_yy2.js                                 1.28 kB │ gzip:   0.53 kB
dist/assets/Article-DpkI9oSy.js                                  1.28 kB │ gzip:   0.52 kB
dist/assets/Article-DrvNI9Xj.js                                  1.28 kB │ gzip:   0.53 kB
dist/assets/Article-DtiOICub.js                                  1.28 kB │ gzip:   0.53 kB
dist/assets/Article-Dw3VCDVW.js                                  1.28 kB │ gzip:   0.53 kB
dist/assets/Article-DzPZx6qK2.js                                 1.28 kB │ gzip:   0.53 kB
dist/assets/Article-ECL-lNpx2.js                                 1.28 kB │ gzip:   0.53 kB
dist/assets/Article-Ir8JTrgG3.js                                 1.28 kB │ gzip:   0.54 kB
dist/assets/Article-LKlra_NU2.js                                 1.28 kB │ gzip:   0.53 kB
dist/assets/Article-SAOpOKns.js                                  1.28 kB │ gzip:   0.53 kB
dist/assets/Article-W4MXHJ3e3.js                                 1.28 kB │ gzip:   0.53 kB
dist/assets/Article-_F8bmSxa2.js                                 1.28 kB │ gzip:   0.54 kB
dist/assets/Article-bEsn1MQB3.js                                 1.28 kB │ gzip:   0.54 kB
dist/assets/Article-efSD06eG.js                                  1.28 kB │ gzip:   0.54 kB
dist/assets/Article-ern2_f0A4.js                                 1.28 kB │ gzip:   0.54 kB
dist/assets/Article-gVmsq0pL2.js                                 1.28 kB │ gzip:   0.53 kB
dist/assets/Article-h8WMpXpk2.js                                 1.28 kB │ gzip:   0.54 kB
dist/assets/Article-mZuCeVpG.js                                  1.28 kB │ gzip:   0.53 kB
dist/assets/Article-r4jgWVyI4.js                                 1.28 kB │ gzip:   0.54 kB
dist/assets/Article-rwfG0fhh2.js                                 1.28 kB │ gzip:   0.53 kB
dist/assets/Article-u1rtX-VF.js                                  1.28 kB │ gzip:   0.53 kB
dist/assets/Article-uV7HTDAh4.js                                 1.28 kB │ gzip:   0.54 kB
dist/assets/Article-7VmkvfY73.js                                 1.28 kB │ gzip:   0.54 kB
dist/assets/Article-B8W40dbL.js                                  1.28 kB │ gzip:   0.54 kB
dist/assets/Article-BEu2U6WO3.js                                 1.28 kB │ gzip:   0.52 kB
dist/assets/Article-BG0nwu4R3.js                                 1.28 kB │ gzip:   0.52 kB
dist/assets/Article-BHXSPQpk3.js                                 1.28 kB │ gzip:   0.54 kB
dist/assets/Article-BVNaV8Fl4.js                                 1.28 kB │ gzip:   0.54 kB
dist/assets/Article-BZzsLgVi.js                                  1.28 kB │ gzip:   0.52 kB
dist/assets/Article-Bcz_iy2g2.js                                 1.28 kB │ gzip:   0.54 kB
dist/assets/Article-BdsAzJ4n3.js                                 1.28 kB │ gzip:   0.54 kB
dist/assets/Article-BinCcTd0.js                                  1.28 kB │ gzip:   0.54 kB
dist/assets/Article-BjFRGxnw.js                                  1.28 kB │ gzip:   0.52 kB
dist/assets/Article-BnVCwntK2.js                                 1.28 kB │ gzip:   0.53 kB
dist/assets/Article-BqMvlL2r.js                                  1.28 kB │ gzip:   0.53 kB
dist/assets/Article-Bqrw3nME.js                                  1.28 kB │ gzip:   0.53 kB
dist/assets/Article-BrQY47BG.js                                  1.28 kB │ gzip:   0.54 kB
dist/assets/Article-Bsv3DjCP3.js                                 1.28 kB │ gzip:   0.54 kB
dist/assets/Article-ByXeAd-K.js                                  1.28 kB │ gzip:   0.54 kB
dist/assets/Article-C0hkXFo02.js                                 1.28 kB │ gzip:   0.53 kB
dist/assets/Article-C2cG9Vcy.js                                  1.28 kB │ gzip:   0.53 kB
dist/assets/Article-C6sAQjOG3.js                                 1.28 kB │ gzip:   0.53 kB
dist/assets/Article-C7ljA5hF3.js                                 1.28 kB │ gzip:   0.52 kB
dist/assets/Article-C8Cbwyqg3.js                                 1.28 kB │ gzip:   0.53 kB
dist/assets/Article-CGCafSl62.js                                 1.28 kB │ gzip:   0.53 kB
dist/assets/Article-CK_eZKWn.js                                  1.28 kB │ gzip:   0.53 kB
dist/assets/Article-CLdWz4Ji2.js                                 1.28 kB │ gzip:   0.52 kB
dist/assets/Article-CVk6X6Vv.js                                  1.28 kB │ gzip:   0.54 kB
dist/assets/Article-CePe5jDt3.js                                 1.28 kB │ gzip:   0.53 kB
dist/assets/Article-CePrEffc4.js                                 1.28 kB │ gzip:   0.53 kB
dist/assets/Article-Cgaol03s.js                                  1.28 kB │ gzip:   0.53 kB
dist/assets/Article-CktkZAG12.js                                 1.28 kB │ gzip:   0.52 kB
dist/assets/Article-CsLgVcUD2.js                                 1.28 kB │ gzip:   0.54 kB
dist/assets/Article-CvWp-LUO2.js                                 1.28 kB │ gzip:   0.54 kB
dist/assets/Article-D0wdj3RI.js                                  1.28 kB │ gzip:   0.53 kB
dist/assets/Article-D64yGGNT.js                                  1.28 kB │ gzip:   0.53 kB
dist/assets/Article-D96r0D6I.js                                  1.28 kB │ gzip:   0.53 kB
dist/assets/Article-D9_LGI7W3.js                                 1.28 kB │ gzip:   0.54 kB
dist/assets/Article-DCFA8lI3.js                                  1.28 kB │ gzip:   0.53 kB
dist/assets/Article-DHRroTsd2.js                                 1.28 kB │ gzip:   0.54 kB
dist/assets/Article-DN9ujiH-4.js                                 1.28 kB │ gzip:   0.54 kB
dist/assets/Article-DNDs7Ov72.js                                 1.28 kB │ gzip:   0.54 kB
dist/assets/Article-DOHHjvnr3.js                                 1.28 kB │ gzip:   0.54 kB
dist/assets/Article-DRbxK4pg.js                                  1.28 kB │ gzip:   0.53 kB
dist/assets/Article-DSVkvUsv2.js                                 1.28 kB │ gzip:   0.53 kB
dist/assets/Article-DYHuMTQB.js                                  1.28 kB │ gzip:   0.53 kB
dist/assets/Article-D_JbJJcO3.js                                 1.28 kB │ gzip:   0.53 kB
dist/assets/Article-D_yCg77f.js                                  1.28 kB │ gzip:   0.53 kB
dist/assets/Article-DjsrrJuH2.js                                 1.28 kB │ gzip:   0.53 kB
dist/assets/Article-Dphf68aG.js                                  1.28 kB │ gzip:   0.54 kB
dist/assets/Article-Dqbfjc53.js                                  1.28 kB │ gzip:   0.53 kB
dist/assets/Article-Hx9XAQlf.js                                  1.28 kB │ gzip:   0.53 kB
dist/assets/Article-PgWiTto72.js                                 1.28 kB │ gzip:   0.53 kB
dist/assets/Article-QjiMdPNH2.js                                 1.28 kB │ gzip:   0.52 kB
dist/assets/Article-SVHRYp_j.js                                  1.28 kB │ gzip:   0.53 kB
dist/assets/Article-Tpno-o5_2.js                                 1.28 kB │ gzip:   0.53 kB
dist/assets/Article-UdMBXxRU2.js                                 1.28 kB │ gzip:   0.54 kB
dist/assets/Article-gU8ZsSc2.js                                  1.28 kB │ gzip:   0.54 kB
dist/assets/Article-gqxm2UW92.js                                 1.28 kB │ gzip:   0.53 kB
dist/assets/Article-gvPqrf5Y2.js                                 1.28 kB │ gzip:   0.53 kB
dist/assets/Article-lnVca0j-3.js                                 1.28 kB │ gzip:   0.53 kB
dist/assets/Article-mWHDrUHL3.js                                 1.28 kB │ gzip:   0.53 kB
dist/assets/Article-pTncT9NO4.js                                 1.28 kB │ gzip:   0.54 kB
dist/assets/Article-z9rPayLr2.js                                 1.28 kB │ gzip:   0.54 kB
dist/assets/Article-B-uDi8Ql.js                                  1.28 kB │ gzip:   0.53 kB
dist/assets/Article-B71kencs4.js                                 1.28 kB │ gzip:   0.53 kB
dist/assets/Article-B9IGHF7D.js                                  1.28 kB │ gzip:   0.54 kB
dist/assets/Article-BC40K6R6.js                                  1.28 kB │ gzip:   0.54 kB
dist/assets/Article-BGDSfCtj.js                                  1.28 kB │ gzip:   0.54 kB
dist/assets/Article-BGlpckX63.js                                 1.28 kB │ gzip:   0.54 kB
dist/assets/Article-BTtTCVTT2.js                                 1.28 kB │ gzip:   0.54 kB
dist/assets/Article-BV2xV5jK3.js                                 1.28 kB │ gzip:   0.54 kB
dist/assets/Article-BZjAEnOX3.js                                 1.28 kB │ gzip:   0.53 kB
dist/assets/Article-BivZAWUn.js                                  1.28 kB │ gzip:   0.54 kB
dist/assets/Article-Bm2pZLVe.js                                  1.28 kB │ gzip:   0.53 kB
dist/assets/Article-BnlwTvK53.js                                 1.28 kB │ gzip:   0.54 kB
dist/assets/Article-BrkQnhCA2.js                                 1.28 kB │ gzip:   0.53 kB
dist/assets/Article-C2H5SYZi2.js                                 1.28 kB │ gzip:   0.54 kB
dist/assets/Article-CB0JvGZ02.js                                 1.28 kB │ gzip:   0.54 kB
dist/assets/Article-CR-_7M4r.js                                  1.28 kB │ gzip:   0.53 kB
dist/assets/Article-CjAwvtPQ2.js                                 1.28 kB │ gzip:   0.54 kB
dist/assets/Article-Cyze1WzZ2.js                                 1.28 kB │ gzip:   0.53 kB
dist/assets/Article-D-bPkdmG.js                                  1.28 kB │ gzip:   0.54 kB
dist/assets/Article-D1mEGcTp.js                                  1.28 kB │ gzip:   0.54 kB
dist/assets/Article-DBDxxBVV.js                                  1.28 kB │ gzip:   0.54 kB
dist/assets/Article-DJuG2TNa3.js                                 1.28 kB │ gzip:   0.53 kB
dist/assets/Article-DVJWzAx74.js                                 1.28 kB │ gzip:   0.53 kB
dist/assets/Article-DVLaMPfy2.js                                 1.28 kB │ gzip:   0.53 kB
dist/assets/Article-DXGAsTwb.js                                  1.28 kB │ gzip:   0.53 kB
dist/assets/Article-WK8uJUFj.js                                  1.28 kB │ gzip:   0.53 kB
dist/assets/Article-a4ko7chK.js                                  1.28 kB │ gzip:   0.53 kB
dist/assets/Article-d4yt2Wkv.js                                  1.28 kB │ gzip:   0.53 kB
dist/assets/Article-xw41CSfi2.js                                 1.28 kB │ gzip:   0.53 kB
dist/assets/Article-3xmjoyZO2.js                                 1.28 kB │ gzip:   0.53 kB
dist/assets/Article-4RFNlRgY2.js                                 1.28 kB │ gzip:   0.53 kB
dist/assets/Article-4kaQrAw93.js                                 1.28 kB │ gzip:   0.53 kB
dist/assets/Article-B32rJ3lQ3.js                                 1.28 kB │ gzip:   0.53 kB
dist/assets/Article-B5XyDA-u3.js                                 1.28 kB │ gzip:   0.53 kB
dist/assets/Article-B6n1dAOn2.js                                 1.28 kB │ gzip:   0.53 kB
dist/assets/Article-BFIQgKbu.js                                  1.28 kB │ gzip:   0.53 kB
dist/assets/Article-BHL5NeRj.js                                  1.28 kB │ gzip:   0.52 kB
dist/assets/Article-BJNxvA7p3.js                                 1.28 kB │ gzip:   0.53 kB
dist/assets/Article-BOgL0zAo.js                                  1.28 kB │ gzip:   0.53 kB
dist/assets/Article-BPVgcwq3.js                                  1.28 kB │ gzip:   0.52 kB
dist/assets/Article-BY428kbc2.js                                 1.28 kB │ gzip:   0.52 kB
dist/assets/Article-BjS5109T.js                                  1.28 kB │ gzip:   0.53 kB
dist/assets/Article-BlDkyWpq2.js                                 1.28 kB │ gzip:   0.53 kB
dist/assets/Article-Bm7gx16o2.js                                 1.28 kB │ gzip:   0.54 kB
dist/assets/Article-Bplvys6M3.js                                 1.28 kB │ gzip:   0.54 kB
dist/assets/Article-BsYHLBYa.js                                  1.28 kB │ gzip:   0.53 kB
dist/assets/Article-Bwusk395.js                                  1.28 kB │ gzip:   0.53 kB
dist/assets/Article-C7-QlTIC.js                                  1.28 kB │ gzip:   0.53 kB
dist/assets/Article-C7ECjGKh3.js                                 1.28 kB │ gzip:   0.53 kB
dist/assets/Article-C7NjWa_32.js                                 1.28 kB │ gzip:   0.53 kB
dist/assets/Article-CSkQG8Yg2.js                                 1.28 kB │ gzip:   0.53 kB
dist/assets/Article-CVQbUZGX.js                                  1.28 kB │ gzip:   0.53 kB
dist/assets/Article-CZkJCFxd3.js                                 1.28 kB │ gzip:   0.52 kB
dist/assets/Article-CbRiCGGe.js                                  1.28 kB │ gzip:   0.52 kB
dist/assets/Article-ChrmYPVd2.js                                 1.28 kB │ gzip:   0.54 kB
dist/assets/Article-Cijpi11m.js                                  1.28 kB │ gzip:   0.52 kB
dist/assets/Article-CjkMlvc82.js                                 1.28 kB │ gzip:   0.53 kB
dist/assets/Article-Cmvp8qPQ.js                                  1.28 kB │ gzip:   0.53 kB
dist/assets/Article-Cs8fil6P3.js                                 1.28 kB │ gzip:   0.54 kB
dist/assets/Article-D1HBjGJx3.js                                 1.28 kB │ gzip:   0.54 kB
dist/assets/Article-D3a5NAt3.js                                  1.28 kB │ gzip:   0.54 kB
dist/assets/Article-DAjUfw1l3.js                                 1.28 kB │ gzip:   0.53 kB
dist/assets/Article-DTnJRnhX3.js                                 1.28 kB │ gzip:   0.53 kB
dist/assets/Article-DWTU7AgW.js                                  1.28 kB │ gzip:   0.54 kB
dist/assets/Article-Di3uCeKk3.js                                 1.28 kB │ gzip:   0.53 kB
dist/assets/Article-DktCgcGK2.js                                 1.28 kB │ gzip:   0.53 kB
dist/assets/Article-DmQA0h1J2.js                                 1.28 kB │ gzip:   0.55 kB
dist/assets/Article-DqDMeo252.js                                 1.28 kB │ gzip:   0.53 kB
dist/assets/Article-DywV_nCP2.js                                 1.28 kB │ gzip:   0.53 kB
dist/assets/Article-GcUidJHt.js                                  1.28 kB │ gzip:   0.53 kB
dist/assets/Article-GvS7LXax3.js                                 1.28 kB │ gzip:   0.54 kB
dist/assets/Article-fApEFm5d.js                                  1.28 kB │ gzip:   0.53 kB
dist/assets/Article-qqhjgvG24.js                                 1.28 kB │ gzip:   0.53 kB
dist/assets/Article-wMwHmupi2.js                                 1.28 kB │ gzip:   0.54 kB
dist/assets/Article-B4BdLeWf.js                                  1.28 kB │ gzip:   0.54 kB
dist/assets/Article-B4U4Gb95.js                                  1.28 kB │ gzip:   0.54 kB
dist/assets/Article-BA3UtEtM3.js                                 1.28 kB │ gzip:   0.53 kB
dist/assets/Article-BB98hib9.js                                  1.28 kB │ gzip:   0.53 kB
dist/assets/Article-BIevv6WS.js                                  1.28 kB │ gzip:   0.53 kB
dist/assets/Article-Bm-uxPrV.js                                  1.28 kB │ gzip:   0.53 kB
dist/assets/Article-BtZoN9ns3.js                                 1.28 kB │ gzip:   0.53 kB
dist/assets/Article-C1UvObIK.js                                  1.28 kB │ gzip:   0.53 kB
dist/assets/Article-CAUDxiAn.js                                  1.28 kB │ gzip:   0.54 kB
dist/assets/Article-CEgBSAXp.js                                  1.28 kB │ gzip:   0.53 kB
dist/assets/Article-COyrNO5q4.js                                 1.28 kB │ gzip:   0.53 kB
dist/assets/Article-CaKvQ5aC.js                                  1.28 kB │ gzip:   0.53 kB
dist/assets/Article-Ce-DHni52.js                                 1.28 kB │ gzip:   0.53 kB
dist/assets/Article-CeH5YJX53.js                                 1.28 kB │ gzip:   0.53 kB
dist/assets/Article-Ch8o0FIv3.js                                 1.28 kB │ gzip:   0.53 kB
dist/assets/Article-Cjo7l6bY3.js                                 1.28 kB │ gzip:   0.53 kB
dist/assets/Article-DN-XJSnM3.js                                 1.28 kB │ gzip:   0.53 kB
dist/assets/Article-DQu0Wg_f.js                                  1.28 kB │ gzip:   0.53 kB
dist/assets/Article-Dfk_WNIq.js                                  1.28 kB │ gzip:   0.54 kB
dist/assets/Article-Dk3I3hyV2.js                                 1.28 kB │ gzip:   0.53 kB
dist/assets/Article-DkrwnFhA.js                                  1.28 kB │ gzip:   0.54 kB
dist/assets/Article-DxX6wj4i.js                                  1.28 kB │ gzip:   0.53 kB
dist/assets/Article-IQyTdxZT2.js                                 1.28 kB │ gzip:   0.53 kB
dist/assets/Article-RuIh8DQU.js                                  1.28 kB │ gzip:   0.54 kB
dist/assets/Article-byvyn21D2.js                                 1.28 kB │ gzip:   0.53 kB
dist/assets/Article-k2n5Ya-R.js                                  1.28 kB │ gzip:   0.53 kB
dist/assets/Article-muLxP7oc2.js                                 1.28 kB │ gzip:   0.54 kB
dist/assets/Article-7V_MzzFm.js                                  1.28 kB │ gzip:   0.53 kB
dist/assets/Article-BBNygkSt.js                                  1.28 kB │ gzip:   0.53 kB
dist/assets/Article-BDI5hl-j2.js                                 1.28 kB │ gzip:   0.53 kB
dist/assets/Article-BLKaAXB-2.js                                 1.28 kB │ gzip:   0.53 kB
dist/assets/Article-BLeMSi0u4.js                                 1.28 kB │ gzip:   0.53 kB
dist/assets/Article-BUJcAhT92.js                                 1.28 kB │ gzip:   0.53 kB
dist/assets/Article-BWoZMo8j3.js                                 1.28 kB │ gzip:   0.54 kB
dist/assets/Article-B_yFDofA2.js                                 1.28 kB │ gzip:   0.53 kB
dist/assets/Article-BjFPbVlV.js                                  1.28 kB │ gzip:   0.54 kB
dist/assets/Article-Bq1E_9BK2.js                                 1.28 kB │ gzip:   0.53 kB
dist/assets/Article-BqyTbgv03.js                                 1.28 kB │ gzip:   0.53 kB
dist/assets/Article-C-9zzzm23.js                                 1.28 kB │ gzip:   0.53 kB
dist/assets/Article-C0EON9mM4.js                                 1.28 kB │ gzip:   0.53 kB
dist/assets/Article-C29p27aS4.js                                 1.28 kB │ gzip:   0.54 kB
dist/assets/Article-C5bkEIyz.js                                  1.28 kB │ gzip:   0.53 kB
dist/assets/Article-C6VX-qk42.js                                 1.28 kB │ gzip:   0.54 kB
dist/assets/Article-CIEJFheC4.js                                 1.28 kB │ gzip:   0.53 kB
dist/assets/Article-CR1IkVrI.js                                  1.28 kB │ gzip:   0.53 kB
dist/assets/Article-CRPkk60b.js                                  1.28 kB │ gzip:   0.53 kB
dist/assets/Article-CTj8_KcK3.js                                 1.28 kB │ gzip:   0.54 kB
dist/assets/Article-CTnceo28.js                                  1.28 kB │ gzip:   0.53 kB
dist/assets/Article-CV7al9s42.js                                 1.28 kB │ gzip:   0.53 kB
dist/assets/Article-CZ5h0uVa2.js                                 1.28 kB │ gzip:   0.53 kB
dist/assets/Article-Cb3qRczQ4.js                                 1.28 kB │ gzip:   0.53 kB
dist/assets/Article-CbUBXgJF2.js                                 1.28 kB │ gzip:   0.54 kB
dist/assets/Article-CoFtaejQ.js                                  1.28 kB │ gzip:   0.53 kB
dist/assets/Article-CvfmG3pQ2.js                                 1.28 kB │ gzip:   0.53 kB
dist/assets/Article-Cwn8xyGp.js                                  1.28 kB │ gzip:   0.53 kB
dist/assets/Article-D63ZaRhF.js                                  1.28 kB │ gzip:   0.53 kB
dist/assets/Article-D6R0PKwE.js                                  1.28 kB │ gzip:   0.53 kB
dist/assets/Article-D928Yiyh2.js                                 1.28 kB │ gzip:   0.54 kB
dist/assets/Article-D9xu5llH2.js                                 1.28 kB │ gzip:   0.54 kB
dist/assets/Article-DAnRQItB2.js                                 1.28 kB │ gzip:   0.53 kB
dist/assets/Article-DFrsryqU2.js                                 1.28 kB │ gzip:   0.53 kB
dist/assets/Article-DiCxvYkf2.js                                 1.28 kB │ gzip:   0.53 kB
dist/assets/Article-DuLhNueg.js                                  1.28 kB │ gzip:   0.53 kB
dist/assets/Article-ITY0ODyl.js                                  1.28 kB │ gzip:   0.53 kB
dist/assets/Article-WBfetKui2.js                                 1.28 kB │ gzip:   0.54 kB
dist/assets/Article-fCl6ZTRF.js                                  1.28 kB │ gzip:   0.53 kB
dist/assets/Article-f_uDXut3.js                                  1.28 kB │ gzip:   0.54 kB
dist/assets/Article-klTvCEJS2.js                                 1.28 kB │ gzip:   0.53 kB
dist/assets/Article-noMuU2rX2.js                                 1.28 kB │ gzip:   0.53 kB
dist/assets/Article-u0WA3X9V.js                                  1.28 kB │ gzip:   0.53 kB
dist/assets/Article-7U53qGWk2.js                                 1.28 kB │ gzip:   0.53 kB
dist/assets/Article-BC4xVjKS.js                                  1.28 kB │ gzip:   0.54 kB
dist/assets/Article-BPLXtMB-.js                                  1.28 kB │ gzip:   0.54 kB
dist/assets/Article-BbPRcON2.js                                  1.28 kB │ gzip:   0.53 kB
dist/assets/Article-BgCUZi7E2.js                                 1.28 kB │ gzip:   0.54 kB
dist/assets/Article-BgYyYsYE2.js                                 1.28 kB │ gzip:   0.53 kB
dist/assets/Article-BgtiNxyg.js                                  1.28 kB │ gzip:   0.53 kB
dist/assets/Article-BjKqZhLS.js                                  1.28 kB │ gzip:   0.53 kB
dist/assets/Article-Bn1kt-jh3.js                                 1.28 kB │ gzip:   0.53 kB
dist/assets/Article-BtCKNLLs3.js                                 1.28 kB │ gzip:   0.52 kB
dist/assets/Article-BwXrfBXO.js                                  1.28 kB │ gzip:   0.53 kB
dist/assets/Article-BxYlH89U3.js                                 1.28 kB │ gzip:   0.54 kB
dist/assets/Article-C623RttL.js                                  1.28 kB │ gzip:   0.53 kB
dist/assets/Article-C9noWEP_4.js                                 1.28 kB │ gzip:   0.53 kB
dist/assets/Article-CBy8GgQq.js                                  1.28 kB │ gzip:   0.53 kB
dist/assets/Article-CDzqoJR43.js                                 1.28 kB │ gzip:   0.53 kB
dist/assets/Article-CLMRmn6F2.js                                 1.28 kB │ gzip:   0.54 kB
dist/assets/Article-CMd0-SEG4.js                                 1.28 kB │ gzip:   0.54 kB
dist/assets/Article-CTJdyXrm3.js                                 1.28 kB │ gzip:   0.54 kB
dist/assets/Article-C_dp9TWc3.js                                 1.28 kB │ gzip:   0.54 kB
dist/assets/Article-Cdx8N6D_2.js                                 1.28 kB │ gzip:   0.54 kB
dist/assets/Article-Cf_bmYBQ3.js                                 1.28 kB │ gzip:   0.54 kB
dist/assets/Article-CicYlx802.js                                 1.28 kB │ gzip:   0.53 kB
dist/assets/Article-CliDdHpr.js                                  1.28 kB │ gzip:   0.53 kB
dist/assets/Article-CmtRaQE72.js                                 1.28 kB │ gzip:   0.53 kB
dist/assets/Article-Cr55Qder.js                                  1.28 kB │ gzip:   0.53 kB
dist/assets/Article-Cv10b9tU.js                                  1.28 kB │ gzip:   0.54 kB
dist/assets/Article-Cz3U5rQ8.js                                  1.28 kB │ gzip:   0.53 kB
dist/assets/Article-D2q8kcBF3.js                                 1.28 kB │ gzip:   0.52 kB
dist/assets/Article-D6Vy7-KJ.js                                  1.28 kB │ gzip:   0.53 kB
dist/assets/Article-D6vnQL1J2.js                                 1.28 kB │ gzip:   0.53 kB
dist/assets/Article-D7Hd0r5S.js                                  1.28 kB │ gzip:   0.53 kB
dist/assets/Article-DKqSNZ-42.js                                 1.28 kB │ gzip:   0.53 kB
dist/assets/Article-DRieh2bC3.js                                 1.28 kB │ gzip:   0.54 kB
dist/assets/Article-DTFTbZmw4.js                                 1.28 kB │ gzip:   0.54 kB
dist/assets/Article-DV0y6joa2.js                                 1.28 kB │ gzip:   0.53 kB
dist/assets/Article-DmdfUV5C.js                                  1.28 kB │ gzip:   0.53 kB
dist/assets/Article-Do5DQAbc.js                                  1.28 kB │ gzip:   0.53 kB
dist/assets/Article-Dp7Ol_t3.js                                  1.28 kB │ gzip:   0.53 kB
dist/assets/Article-DxP_DCsh.js                                  1.28 kB │ gzip:   0.53 kB
dist/assets/Article-DxT1PTkd.js                                  1.28 kB │ gzip:   0.54 kB
dist/assets/Article-HGstPzHZ3.js                                 1.28 kB │ gzip:   0.54 kB
dist/assets/Article-Hr6qN40t.js                                  1.28 kB │ gzip:   0.53 kB
dist/assets/Article-IcPcYnS7.js                                  1.28 kB │ gzip:   0.53 kB
dist/assets/Article-NQVSYS3d.js                                  1.28 kB │ gzip:   0.53 kB
dist/assets/Article-Yudoxa9V.js                                  1.28 kB │ gzip:   0.53 kB
dist/assets/Article-mKp2kda92.js                                 1.28 kB │ gzip:   0.54 kB
dist/assets/Article-pED2HjnQ.js                                  1.28 kB │ gzip:   0.53 kB
dist/assets/Article-qpSEveky3.js                                 1.28 kB │ gzip:   0.54 kB
dist/assets/Article-vwKgJjoi.js                                  1.28 kB │ gzip:   0.53 kB
dist/assets/Article-xh4OqUcf.js                                  1.28 kB │ gzip:   0.53 kB
dist/assets/Article-4AoD_WkY3.js                                 1.28 kB │ gzip:   0.53 kB
dist/assets/Article-AA3zQ-zf.js                                  1.28 kB │ gzip:   0.53 kB
dist/assets/Article-B8AbAFA04.js                                 1.28 kB │ gzip:   0.53 kB
dist/assets/Article-BB1nerks.js                                  1.28 kB │ gzip:   0.53 kB
dist/assets/Article-BMrtPcLb2.js                                 1.28 kB │ gzip:   0.53 kB
dist/assets/Article-BTTX5oPl.js                                  1.28 kB │ gzip:   0.53 kB
dist/assets/Article-BgUspB6G.js                                  1.28 kB │ gzip:   0.54 kB
dist/assets/Article-Bmu4I5J8.js                                  1.28 kB │ gzip:   0.55 kB
dist/assets/Article-BuR7yI6R2.js                                 1.28 kB │ gzip:   0.53 kB
dist/assets/Article-ByyWcFQu2.js                                 1.28 kB │ gzip:   0.54 kB
dist/assets/Article-C-kCycxz2.js                                 1.28 kB │ gzip:   0.54 kB
dist/assets/Article-CJQGbNa_2.js                                 1.28 kB │ gzip:   0.54 kB
dist/assets/Article-CLPqYZm_.js                                  1.28 kB │ gzip:   0.54 kB
dist/assets/Article-CWgR8fIW.js                                  1.28 kB │ gzip:   0.53 kB
dist/assets/Article-CalJveCq2.js                                 1.28 kB │ gzip:   0.53 kB
dist/assets/Article-Cxwq4rG34.js                                 1.28 kB │ gzip:   0.54 kB
dist/assets/Article-CySIjLZe.js                                  1.28 kB │ gzip:   0.53 kB
dist/assets/Article-CyXSBd2c3.js                                 1.28 kB │ gzip:   0.53 kB
dist/assets/Article-D-pfIT2V2.js                                 1.28 kB │ gzip:   0.54 kB
dist/assets/Article-DJLXxSr-.js                                  1.28 kB │ gzip:   0.54 kB
dist/assets/Article-DKDQ7Yp9.js                                  1.28 kB │ gzip:   0.53 kB
dist/assets/Article-DMxQ_EUW.js                                  1.28 kB │ gzip:   0.53 kB
dist/assets/Article-DOcBRyO34.js                                 1.28 kB │ gzip:   0.53 kB
dist/assets/Article-DPJEXGMb.js                                  1.28 kB │ gzip:   0.53 kB
dist/assets/Article-DwwSrJcp.js                                  1.28 kB │ gzip:   0.53 kB
dist/assets/Article-MZQEyRqb3.js                                 1.28 kB │ gzip:   0.53 kB
dist/assets/Article-YF8YunzK.js                                  1.28 kB │ gzip:   0.53 kB
dist/assets/Article-egJGh4ng.js                                  1.28 kB │ gzip:   0.54 kB
dist/assets/Article-rLTema2S3.js                                 1.28 kB │ gzip:   0.53 kB
dist/assets/Article-uHmUId7M4.js                                 1.28 kB │ gzip:   0.53 kB
dist/assets/Article-vSVA1GlD3.js                                 1.28 kB │ gzip:   0.54 kB
dist/assets/Article--v7-85bK.js                                  1.28 kB │ gzip:   0.54 kB
dist/assets/Article-5CYe2QvO4.js                                 1.28 kB │ gzip:   0.54 kB
dist/assets/Article-6BD3R9BX.js                                  1.28 kB │ gzip:   0.54 kB
dist/assets/Article-8I3JQiZm.js                                  1.28 kB │ gzip:   0.53 kB
dist/assets/Article-AEsH2emT.js                                  1.28 kB │ gzip:   0.54 kB
dist/assets/Article-BMQvdVO33.js                                 1.28 kB │ gzip:   0.53 kB
dist/assets/Article-BOJq-cMG.js                                  1.28 kB │ gzip:   0.53 kB
dist/assets/Article-BPDryWe04.js                                 1.28 kB │ gzip:   0.53 kB
dist/assets/Article-BQ10WQnu.js                                  1.28 kB │ gzip:   0.54 kB
dist/assets/Article-BcXgaVMw2.js                                 1.28 kB │ gzip:   0.54 kB
dist/assets/Article-Bep1Ak7d3.js                                 1.28 kB │ gzip:   0.53 kB
dist/assets/Article-BnblOdck2.js                                 1.28 kB │ gzip:   0.54 kB
dist/assets/Article-Bqj0kN7W3.js                                 1.28 kB │ gzip:   0.53 kB
dist/assets/Article-Buoleanr.js                                  1.28 kB │ gzip:   0.53 kB
dist/assets/Article-BwN8Zz8v3.js                                 1.28 kB │ gzip:   0.53 kB
dist/assets/Article-BwbM9TIl.js                                  1.28 kB │ gzip:   0.53 kB
dist/assets/Article-C3mUwgjx2.js                                 1.28 kB │ gzip:   0.54 kB
dist/assets/Article-C4NYwJ_F3.js                                 1.28 kB │ gzip:   0.53 kB
dist/assets/Article-C4xe2IR7.js                                  1.28 kB │ gzip:   0.53 kB
dist/assets/Article-C5xWfwGU.js                                  1.28 kB │ gzip:   0.53 kB
dist/assets/Article-C99EYKyY4.js                                 1.28 kB │ gzip:   0.53 kB
dist/assets/Article-CJdlPfGS2.js                                 1.28 kB │ gzip:   0.54 kB
dist/assets/Article-CMfsAW4x3.js                                 1.28 kB │ gzip:   0.54 kB
dist/assets/Article-CUHZYlO-2.js                                 1.28 kB │ gzip:   0.53 kB
dist/assets/Article-CUgr_udM3.js                                 1.28 kB │ gzip:   0.54 kB
dist/assets/Article-CVneXOUL3.js                                 1.28 kB │ gzip:   0.53 kB
dist/assets/Article-CYm-BuYP4.js                                 1.28 kB │ gzip:   0.54 kB
dist/assets/Article-CbcTUGkq2.js                                 1.28 kB │ gzip:   0.54 kB
dist/assets/Article-Ce5-TDH02.js                                 1.28 kB │ gzip:   0.54 kB
dist/assets/Article-Cn5GJ1QM.js                                  1.28 kB │ gzip:   0.54 kB
dist/assets/Article-Cpekd25W4.js                                 1.28 kB │ gzip:   0.54 kB
dist/assets/Article-CtB1Yh_v3.js                                 1.28 kB │ gzip:   0.54 kB
dist/assets/Article-CwwlqCe93.js                                 1.28 kB │ gzip:   0.54 kB
dist/assets/Article-D-fVGpJW4.js                                 1.28 kB │ gzip:   0.53 kB
dist/assets/Article-D2L0XO3b2.js                                 1.28 kB │ gzip:   0.53 kB
dist/assets/Article-D3Dnh0ey2.js                                 1.28 kB │ gzip:   0.54 kB
dist/assets/Article-D8M6Hjo43.js                                 1.28 kB │ gzip:   0.53 kB
dist/assets/Article-DCPibONO.js                                  1.28 kB │ gzip:   0.53 kB
dist/assets/Article-DHG4thls.js                                  1.28 kB │ gzip:   0.53 kB
dist/assets/Article-DHbmyuhs2.js                                 1.28 kB │ gzip:   0.54 kB
dist/assets/Article-DUWWQAhe4.js                                 1.28 kB │ gzip:   0.53 kB
dist/assets/Article-DUctOTh4.js                                  1.28 kB │ gzip:   0.53 kB
dist/assets/Article-DY7cHOZt.js                                  1.28 kB │ gzip:   0.54 kB
dist/assets/Article-Dd9P4vo-2.js                                 1.28 kB │ gzip:   0.54 kB
dist/assets/Article-Dp7KH1Fv2.js                                 1.28 kB │ gzip:   0.53 kB
dist/assets/Article-DreOBAC0.js                                  1.28 kB │ gzip:   0.54 kB
dist/assets/Article-DvoLIQLA.js                                  1.28 kB │ gzip:   0.54 kB
dist/assets/Article-EuVzu6_9.js                                  1.28 kB │ gzip:   0.54 kB
dist/assets/Article-GaUWFLNu2.js                                 1.28 kB │ gzip:   0.53 kB
dist/assets/Article-P7NVG4xO4.js                                 1.28 kB │ gzip:   0.54 kB
dist/assets/Article-U1YlzB2B3.js                                 1.28 kB │ gzip:   0.54 kB
dist/assets/Article-_kDUoMzI2.js                                 1.28 kB │ gzip:   0.53 kB
dist/assets/Article-b49PJKE62.js                                 1.28 kB │ gzip:   0.54 kB
dist/assets/Article-oKshsvfp.js                                  1.28 kB │ gzip:   0.54 kB
dist/assets/Article-qmbJ-yCx.js                                  1.28 kB │ gzip:   0.53 kB
dist/assets/Article-suAKLDn22.js                                 1.28 kB │ gzip:   0.52 kB
dist/assets/Article-8gIOJoJa.js                                  1.28 kB │ gzip:   0.54 kB
dist/assets/Article-8rBtaKkZ2.js                                 1.28 kB │ gzip:   0.53 kB
dist/assets/Article-B00C1Haf2.js                                 1.28 kB │ gzip:   0.53 kB
dist/assets/Article-B3UbwyCJ2.js                                 1.28 kB │ gzip:   0.53 kB
dist/assets/Article-BNUT-VnS2.js                                 1.28 kB │ gzip:   0.54 kB
dist/assets/Article-BNaKTGGZ.js                                  1.28 kB │ gzip:   0.55 kB
dist/assets/Article-BQSHxlJ93.js                                 1.28 kB │ gzip:   0.54 kB
dist/assets/Article-BSQBKe1M.js                                  1.28 kB │ gzip:   0.53 kB
dist/assets/Article-BV039kAc2.js                                 1.28 kB │ gzip:   0.54 kB
dist/assets/Article-BVi23USI.js                                  1.28 kB │ gzip:   0.53 kB
dist/assets/Article-BbtBWnHU2.js                                 1.28 kB │ gzip:   0.53 kB
dist/assets/Article-BhsQ9nBv3.js                                 1.28 kB │ gzip:   0.53 kB
dist/assets/Article-BjCw-caP2.js                                 1.28 kB │ gzip:   0.54 kB
dist/assets/Article-BplM7t-n4.js                                 1.28 kB │ gzip:   0.53 kB
dist/assets/Article-BthfBEK92.js                                 1.28 kB │ gzip:   0.53 kB
dist/assets/Article-C78ACg4m3.js                                 1.28 kB │ gzip:   0.54 kB
dist/assets/Article-COVo0zS02.js                                 1.28 kB │ gzip:   0.54 kB
dist/assets/Article-CPUzjNpg.js                                  1.28 kB │ gzip:   0.54 kB
dist/assets/Article-CSeFK3He4.js                                 1.28 kB │ gzip:   0.53 kB
dist/assets/Article-CVaYkeVx2.js                                 1.28 kB │ gzip:   0.54 kB
dist/assets/Article-C_VW89Ma3.js                                 1.28 kB │ gzip:   0.54 kB
dist/assets/Article-Ckgw23n1.js                                  1.28 kB │ gzip:   0.53 kB
dist/assets/Article-CotIgABC4.js                                 1.28 kB │ gzip:   0.54 kB
dist/assets/Article-CqwHxuKo2.js                                 1.28 kB │ gzip:   0.54 kB
dist/assets/Article-D1iGk4HR2.js                                 1.28 kB │ gzip:   0.53 kB
dist/assets/Article-D6n3If6O2.js                                 1.28 kB │ gzip:   0.53 kB
dist/assets/Article-DAB2rbID2.js                                 1.28 kB │ gzip:   0.54 kB
dist/assets/Article-DBPfa9-h3.js                                 1.28 kB │ gzip:   0.54 kB
dist/assets/Article-Da70Sttn2.js                                 1.28 kB │ gzip:   0.54 kB
dist/assets/Article-DdI-Bb9q.js                                  1.28 kB │ gzip:   0.54 kB
dist/assets/Article-Dk08TKGL.js                                  1.28 kB │ gzip:   0.54 kB
dist/assets/Article-Dk6cGYQa.js                                  1.28 kB │ gzip:   0.54 kB
dist/assets/Article-Dp_36BD2.js                                  1.28 kB │ gzip:   0.54 kB
dist/assets/Article-DvsdvutL.js                                  1.28 kB │ gzip:   0.53 kB
dist/assets/Article-ISjVM5zZ2.js                                 1.28 kB │ gzip:   0.54 kB
dist/assets/Article-MELt4cyl2.js                                 1.28 kB │ gzip:   0.54 kB
dist/assets/Article-S5MFTkqB3.js                                 1.28 kB │ gzip:   0.53 kB
dist/assets/Article-esSVPz-d3.js                                 1.28 kB │ gzip:   0.53 kB
dist/assets/Article-gW0_zyVz3.js                                 1.28 kB │ gzip:   0.53 kB
dist/assets/Article-iLiNR8WU.js                                  1.28 kB │ gzip:   0.54 kB
dist/assets/Article-j7rRUYuD3.js                                 1.28 kB │ gzip:   0.54 kB
dist/assets/Article-nb-R3DBj.js                                  1.28 kB │ gzip:   0.54 kB
dist/assets/Article-opZluJU13.js                                 1.28 kB │ gzip:   0.54 kB
dist/assets/Article-v4t5-YO4.js                                  1.28 kB │ gzip:   0.54 kB
dist/assets/Article-BNdHZ0i0.js                                  1.29 kB │ gzip:   0.54 kB
dist/assets/Article-Bia7kkBM.js                                  1.29 kB │ gzip:   0.54 kB
dist/assets/Article-Bpwlzj4L.js                                  1.29 kB │ gzip:   0.54 kB
dist/assets/Article-Bw9I0p1C3.js                                 1.29 kB │ gzip:   0.53 kB
dist/assets/Article-CJ2e191J2.js                                 1.29 kB │ gzip:   0.53 kB
dist/assets/Article-CVbfOW9o2.js                                 1.29 kB │ gzip:   0.54 kB
dist/assets/Article-C_bbjV30.js                                  1.29 kB │ gzip:   0.53 kB
dist/assets/Article-Cbjbzu0h2.js                                 1.29 kB │ gzip:   0.54 kB
dist/assets/Article-CiVX9MiS3.js                                 1.29 kB │ gzip:   0.54 kB
dist/assets/Article-CoPVXWwk3.js                                 1.29 kB │ gzip:   0.54 kB
dist/assets/Article-DDnFxDpk3.js                                 1.29 kB │ gzip:   0.53 kB
dist/assets/Article-DEOHD9NL3.js                                 1.29 kB │ gzip:   0.54 kB
dist/assets/Article-DKMlPL5V4.js                                 1.29 kB │ gzip:   0.54 kB
dist/assets/Article-DZLhFKjO.js                                  1.29 kB │ gzip:   0.53 kB
dist/assets/Article-DaPCJjeR3.js                                 1.29 kB │ gzip:   0.53 kB
dist/assets/Article-DpjW4DSX2.js                                 1.29 kB │ gzip:   0.53 kB
dist/assets/Article-DuRNC2ef4.js                                 1.29 kB │ gzip:   0.54 kB
dist/assets/Article-Q-3Fl--z.js                                  1.29 kB │ gzip:   0.53 kB
dist/assets/Article-VBIOijTF.js                                  1.29 kB │ gzip:   0.54 kB
dist/assets/Article-VJ_FUjkM.js                                  1.29 kB │ gzip:   0.54 kB
dist/assets/Article-kW3xW9DE3.js                                 1.29 kB │ gzip:   0.53 kB
dist/assets/Article-ozH1BZw73.js                                 1.29 kB │ gzip:   0.54 kB
dist/assets/Article-uV0CoaAX.js                                  1.29 kB │ gzip:   0.54 kB
dist/assets/Article-07EpCWad.js                                  1.29 kB │ gzip:   0.53 kB
dist/assets/Article-18uLic0Z3.js                                 1.29 kB │ gzip:   0.53 kB
dist/assets/Article-3KAtlWr72.js                                 1.29 kB │ gzip:   0.54 kB
dist/assets/Article-BNuhxcb5.js                                  1.29 kB │ gzip:   0.53 kB
dist/assets/Article-BTp1SIxa2.js                                 1.29 kB │ gzip:   0.54 kB
dist/assets/Article-BWHq4FjN2.js                                 1.29 kB │ gzip:   0.54 kB
dist/assets/Article-BYnhcai2.js                                  1.29 kB │ gzip:   0.54 kB
dist/assets/Article-Bc2P7fMK.js                                  1.29 kB │ gzip:   0.53 kB
dist/assets/Article-Bcxft6KH2.js                                 1.29 kB │ gzip:   0.54 kB
dist/assets/Article-Bd7N-ZR-2.js                                 1.29 kB │ gzip:   0.54 kB
dist/assets/Article-BfWIbx7K.js                                  1.29 kB │ gzip:   0.53 kB
dist/assets/Article-BgGqcwmC3.js                                 1.29 kB │ gzip:   0.53 kB
dist/assets/Article-Bhl79zPu2.js                                 1.29 kB │ gzip:   0.54 kB
dist/assets/Article-Bkhk95Z84.js                                 1.29 kB │ gzip:   0.53 kB
dist/assets/Article-Bl9cHPIR2.js                                 1.29 kB │ gzip:   0.53 kB
dist/assets/Article-BpivJr9Q3.js                                 1.29 kB │ gzip:   0.53 kB
dist/assets/Article-Bu41jKIr2.js                                 1.29 kB │ gzip:   0.54 kB
dist/assets/Article-By9rKFUn.js                                  1.29 kB │ gzip:   0.53 kB
dist/assets/Article-C-Vt5DWC.js                                  1.29 kB │ gzip:   0.53 kB
dist/assets/Article-C3MtAnhv.js                                  1.29 kB │ gzip:   0.54 kB
dist/assets/Article-C5W_FXiq3.js                                 1.29 kB │ gzip:   0.54 kB
dist/assets/Article-C92ZElZl2.js                                 1.29 kB │ gzip:   0.54 kB
dist/assets/Article-CDKYYGYZ2.js                                 1.29 kB │ gzip:   0.52 kB
dist/assets/Article-CXyo8xhx3.js                                 1.29 kB │ gzip:   0.53 kB
dist/assets/Article-Ce34IqvK2.js                                 1.29 kB │ gzip:   0.53 kB
dist/assets/Article-Ckbisrxx3.js                                 1.29 kB │ gzip:   0.53 kB
dist/assets/Article-ClT-cO6W.js                                  1.29 kB │ gzip:   0.53 kB
dist/assets/Article-CqaVVQ10.js                                  1.29 kB │ gzip:   0.54 kB
dist/assets/Article-D2_Y8i9e2.js                                 1.29 kB │ gzip:   0.54 kB
dist/assets/Article-D5ZtjOlY.js                                  1.29 kB │ gzip:   0.54 kB
dist/assets/Article-DGIZIVXG.js                                  1.29 kB │ gzip:   0.54 kB
dist/assets/Article-DHQvl5zm.js                                  1.29 kB │ gzip:   0.54 kB
dist/assets/Article-DNdj8JZu3.js                                 1.29 kB │ gzip:   0.54 kB
dist/assets/Article-DUi3bTwZ2.js                                 1.29 kB │ gzip:   0.54 kB
dist/assets/Article-DbdyXVPQ3.js                                 1.29 kB │ gzip:   0.54 kB
dist/assets/Article-DptkN3Dq.js                                  1.29 kB │ gzip:   0.54 kB
dist/assets/Article-DwmT1EcX2.js                                 1.29 kB │ gzip:   0.53 kB
dist/assets/Article-DzzIyXck2.js                                 1.29 kB │ gzip:   0.53 kB
dist/assets/Article-IJVLWrQW2.js                                 1.29 kB │ gzip:   0.53 kB
dist/assets/Article-KNTz720s.js                                  1.29 kB │ gzip:   0.53 kB
dist/assets/Article-Nkg-ze4Q2.js                                 1.29 kB │ gzip:   0.54 kB
dist/assets/Article-QLXPzRaJ.js                                  1.29 kB │ gzip:   0.53 kB
dist/assets/Article-S87h-u1g4.js                                 1.29 kB │ gzip:   0.54 kB
dist/assets/Article-VMSOomb73.js                                 1.29 kB │ gzip:   0.53 kB
dist/assets/Article-a6DMLoSL2.js                                 1.29 kB │ gzip:   0.54 kB
dist/assets/Article-gab6As2j.js                                  1.29 kB │ gzip:   0.54 kB
dist/assets/Article-hwB9IZ5p.js                                  1.29 kB │ gzip:   0.52 kB
dist/assets/Article-iirLth203.js                                 1.29 kB │ gzip:   0.53 kB
dist/assets/Article-jYJYXXxN2.js                                 1.29 kB │ gzip:   0.54 kB
dist/assets/Article-kTMSjUnC3.js                                 1.29 kB │ gzip:   0.53 kB
dist/assets/Article-mP2ozK27.js                                  1.29 kB │ gzip:   0.54 kB
dist/assets/Article-uerXZkWA.js                                  1.29 kB │ gzip:   0.52 kB
dist/assets/Article-0mCSXY6S2.js                                 1.29 kB │ gzip:   0.54 kB
dist/assets/Article-7HOU6-8p4.js                                 1.29 kB │ gzip:   0.54 kB
dist/assets/Article-AMGrbPlI.js                                  1.29 kB │ gzip:   0.53 kB
dist/assets/Article-B-VHFXXH4.js                                 1.29 kB │ gzip:   0.54 kB
dist/assets/Article-B3i4Fcpb2.js                                 1.29 kB │ gzip:   0.53 kB
dist/assets/Article-BDWNB9bo2.js                                 1.29 kB │ gzip:   0.54 kB
dist/assets/Article-BMfoH2HB2.js                                 1.29 kB │ gzip:   0.54 kB
dist/assets/Article-BTqkPuFZ.js                                  1.29 kB │ gzip:   0.53 kB
dist/assets/Article-BY5Ji96e.js                                  1.29 kB │ gzip:   0.53 kB
dist/assets/Article-BaSMOIQ92.js                                 1.29 kB │ gzip:   0.54 kB
dist/assets/Article-Bb2y3uVY.js                                  1.29 kB │ gzip:   0.53 kB
dist/assets/Article-BfC-PeYJ2.js                                 1.29 kB │ gzip:   0.53 kB
dist/assets/Article-BftDbNFn3.js                                 1.29 kB │ gzip:   0.54 kB
dist/assets/Article-BlVxpsWq4.js                                 1.29 kB │ gzip:   0.54 kB
dist/assets/Article-BmUzYebg.js                                  1.29 kB │ gzip:   0.54 kB
dist/assets/Article-C0RHTCzM2.js                                 1.29 kB │ gzip:   0.54 kB
dist/assets/Article-C0iPUbqF.js                                  1.29 kB │ gzip:   0.54 kB
dist/assets/Article-C25ejYKU.js                                  1.29 kB │ gzip:   0.54 kB
dist/assets/Article-CAGJYd-e2.js                                 1.29 kB │ gzip:   0.54 kB
dist/assets/Article-CFFgR_UA.js                                  1.29 kB │ gzip:   0.54 kB
dist/assets/Article-CL6Ef3s5.js                                  1.29 kB │ gzip:   0.54 kB
dist/assets/Article-CP_-DyzE.js                                  1.29 kB │ gzip:   0.54 kB
dist/assets/Article-CWIGYAde4.js                                 1.29 kB │ gzip:   0.54 kB
dist/assets/Article-C_sL7oIL2.js                                 1.29 kB │ gzip:   0.54 kB
dist/assets/Article-Cbcjc_tx2.js                                 1.29 kB │ gzip:   0.53 kB
dist/assets/Article-CglxoUCg3.js                                 1.29 kB │ gzip:   0.54 kB
dist/assets/Article-CjWdTkoA.js                                  1.29 kB │ gzip:   0.54 kB
dist/assets/Article-CpjO_o73.js                                  1.29 kB │ gzip:   0.53 kB
dist/assets/Article-CxYIOhMF.js                                  1.29 kB │ gzip:   0.53 kB
dist/assets/Article-CzGKb0-D2.js                                 1.29 kB │ gzip:   0.54 kB
dist/assets/Article-D3Vie9Wy.js                                  1.29 kB │ gzip:   0.53 kB
dist/assets/Article-D4mTv2wg.js                                  1.29 kB │ gzip:   0.54 kB
dist/assets/Article-D95o7HEC3.js                                 1.29 kB │ gzip:   0.54 kB
dist/assets/Article-DBSvIO4a4.js                                 1.29 kB │ gzip:   0.54 kB
dist/assets/Article-DGgKmJNU3.js                                 1.29 kB │ gzip:   0.54 kB
dist/assets/Article-DI61itir.js                                  1.29 kB │ gzip:   0.54 kB
dist/assets/Article-DQQOOtiG2.js                                 1.29 kB │ gzip:   0.54 kB
dist/assets/Article-DY6TsoNr.js                                  1.29 kB │ gzip:   0.54 kB
dist/assets/Article-DZ-ZpkKe2.js                                 1.29 kB │ gzip:   0.54 kB
dist/assets/Article-Dg8fE8nO4.js                                 1.29 kB │ gzip:   0.54 kB
dist/assets/Article-Dji3fCu3.js                                  1.29 kB │ gzip:   0.54 kB
dist/assets/Article-DqWtFU4M2.js                                 1.29 kB │ gzip:   0.54 kB
dist/assets/Article-Gqdf7UlK3.js                                 1.29 kB │ gzip:   0.54 kB
dist/assets/Article-J1oR4SBz.js                                  1.29 kB │ gzip:   0.53 kB
dist/assets/Article-LnVdYi4A2.js                                 1.29 kB │ gzip:   0.54 kB
dist/assets/Article-NTMMUtmo.js                                  1.29 kB │ gzip:   0.54 kB
dist/assets/Article-WMLHC_3L3.js                                 1.29 kB │ gzip:   0.53 kB
dist/assets/Article-gxzitQam.js                                  1.29 kB │ gzip:   0.53 kB
dist/assets/Article-i1A-fU142.js                                 1.29 kB │ gzip:   0.54 kB
dist/assets/Article-iyAFdETH.js                                  1.29 kB │ gzip:   0.54 kB
dist/assets/Article-m0M9-20m3.js                                 1.29 kB │ gzip:   0.53 kB
dist/assets/Article-mT_2uDsf3.js                                 1.29 kB │ gzip:   0.53 kB
dist/assets/Article-pY8CdyPL4.js                                 1.29 kB │ gzip:   0.54 kB
dist/assets/Article--bOD8qgZ2.js                                 1.29 kB │ gzip:   0.53 kB
dist/assets/Article-3j3jsug14.js                                 1.29 kB │ gzip:   0.53 kB
dist/assets/Article-B97j3asO4.js                                 1.29 kB │ gzip:   0.54 kB
dist/assets/Article-BNoSsV5H2.js                                 1.29 kB │ gzip:   0.54 kB
dist/assets/Article-BPFLxeVz.js                                  1.29 kB │ gzip:   0.54 kB
dist/assets/Article-BVWMsS7k2.js                                 1.29 kB │ gzip:   0.53 kB
dist/assets/Article-B_EMLpbG2.js                                 1.29 kB │ gzip:   0.54 kB
dist/assets/Article-BceNCVii.js                                  1.29 kB │ gzip:   0.53 kB
dist/assets/Article-Bsdlkq_E4.js                                 1.29 kB │ gzip:   0.54 kB
dist/assets/Article-C1swLdkx2.js                                 1.29 kB │ gzip:   0.53 kB
dist/assets/Article-CXHi9bBg.js                                  1.29 kB │ gzip:   0.53 kB
dist/assets/Article-C_PdTFEI4.js                                 1.29 kB │ gzip:   0.54 kB
dist/assets/Article-Cgge_89d.js                                  1.29 kB │ gzip:   0.53 kB
dist/assets/Article-CgxmOjqU3.js                                 1.29 kB │ gzip:   0.53 kB
dist/assets/Article-ClY1f9LB4.js                                 1.29 kB │ gzip:   0.53 kB
dist/assets/Article-CwdO4m822.js                                 1.29 kB │ gzip:   0.53 kB
dist/assets/Article-D0cMDuxo3.js                                 1.29 kB │ gzip:   0.54 kB
dist/assets/Article-DA-1RUYq2.js                                 1.29 kB │ gzip:   0.54 kB
dist/assets/Article-DD3vDTa43.js                                 1.29 kB │ gzip:   0.53 kB
dist/assets/Article-DVewP5cz2.js                                 1.29 kB │ gzip:   0.53 kB
dist/assets/Article-DXHgTqFG4.js                                 1.29 kB │ gzip:   0.53 kB
dist/assets/Article-DirgzxM63.js                                 1.29 kB │ gzip:   0.53 kB
dist/assets/Article-DnLbYe864.js                                 1.29 kB │ gzip:   0.54 kB
dist/assets/Article-DyujUlIg3.js                                 1.29 kB │ gzip:   0.53 kB
dist/assets/Article-uT__uC142.js                                 1.29 kB │ gzip:   0.54 kB
dist/assets/Article-vnhZWVFc.js                                  1.29 kB │ gzip:   0.54 kB
dist/assets/Article-wAaHKmDI4.js                                 1.29 kB │ gzip:   0.54 kB
dist/assets/Article-58rIq2ps3.js                                 1.29 kB │ gzip:   0.54 kB
dist/assets/Article-B1IAD21R2.js                                 1.29 kB │ gzip:   0.54 kB
dist/assets/Article-B32SGPFG2.js                                 1.29 kB │ gzip:   0.54 kB
dist/assets/Article-BBuaf8aR3.js                                 1.29 kB │ gzip:   0.54 kB
dist/assets/Article-BnlfYhW43.js                                 1.29 kB │ gzip:   0.54 kB
dist/assets/Article-Bo1NHiSs.js                                  1.29 kB │ gzip:   0.54 kB
dist/assets/Article-C5svJ8p0.js                                  1.29 kB │ gzip:   0.54 kB
dist/assets/Article-C8yyi43r2.js                                 1.29 kB │ gzip:   0.53 kB
dist/assets/Article-CJ2wlisW.js                                  1.29 kB │ gzip:   0.54 kB
dist/assets/Article-CLMeDkxH.js                                  1.29 kB │ gzip:   0.54 kB
dist/assets/Article-CVP8dh1X3.js                                 1.29 kB │ gzip:   0.54 kB
dist/assets/Article-Ccl-tfAq.js                                  1.29 kB │ gzip:   0.54 kB
dist/assets/Article-CxgC1d9X2.js                                 1.29 kB │ gzip:   0.54 kB
dist/assets/Article-CyfivkEI.js                                  1.29 kB │ gzip:   0.54 kB
dist/assets/Article-D0vrPX5N2.js                                 1.29 kB │ gzip:   0.54 kB
dist/assets/Article-D2hpFxWj2.js                                 1.29 kB │ gzip:   0.54 kB
dist/assets/Article-DEsuMlP_.js                                  1.29 kB │ gzip:   0.54 kB
dist/assets/Article-DJwAamCM.js                                  1.29 kB │ gzip:   0.54 kB
dist/assets/Article-DfGHBM9A2.js                                 1.29 kB │ gzip:   0.54 kB
dist/assets/Article-DfwxpFFV4.js                                 1.29 kB │ gzip:   0.54 kB
dist/assets/Article-Dkd_0O5l.js                                  1.29 kB │ gzip:   0.54 kB
dist/assets/Article-DutvU2rn2.js                                 1.29 kB │ gzip:   0.54 kB
dist/assets/Article-H8X3KOCR3.js                                 1.29 kB │ gzip:   0.54 kB
dist/assets/Article-ZrpGfFta3.js                                 1.29 kB │ gzip:   0.54 kB
dist/assets/Article-oioEF71t.js                                  1.29 kB │ gzip:   0.54 kB
dist/assets/Article-rs_x-GTz3.js                                 1.29 kB │ gzip:   0.54 kB
dist/assets/Article-wlSe3ER04.js                                 1.29 kB │ gzip:   0.54 kB
dist/assets/Article-zrPsPzl_.js                                  1.29 kB │ gzip:   0.54 kB
dist/assets/Article-0g1INkZ5.js                                  1.29 kB │ gzip:   0.53 kB
dist/assets/Article-8fM74JqY3.js                                 1.29 kB │ gzip:   0.52 kB
dist/assets/Article-9lyt4HR8.js                                  1.29 kB │ gzip:   0.53 kB
dist/assets/Article-B1s0D7ub2.js                                 1.29 kB │ gzip:   0.54 kB
dist/assets/Article-B5P5xRM72.js                                 1.29 kB │ gzip:   0.53 kB
dist/assets/Article-BBo9uQF32.js                                 1.29 kB │ gzip:   0.53 kB
dist/assets/Article-BbsTJPU22.js                                 1.29 kB │ gzip:   0.54 kB
dist/assets/Article-Bcdzxu1F3.js                                 1.29 kB │ gzip:   0.54 kB
dist/assets/Article-BfMMGwyG3.js                                 1.29 kB │ gzip:   0.53 kB
dist/assets/Article-BjJdUwI-3.js                                 1.29 kB │ gzip:   0.54 kB
dist/assets/Article-Bw2jqaC42.js                                 1.29 kB │ gzip:   0.54 kB
dist/assets/Article-C1VAbAqf.js                                  1.29 kB │ gzip:   0.53 kB
dist/assets/Article-C226qXwc2.js                                 1.29 kB │ gzip:   0.53 kB
dist/assets/Article-C3WRJfol3.js                                 1.29 kB │ gzip:   0.53 kB
dist/assets/Article-CK9Ru6qD.js                                  1.29 kB │ gzip:   0.53 kB
dist/assets/Article-CiPMsz3F2.js                                 1.29 kB │ gzip:   0.53 kB
dist/assets/Article-CkkjcF9d2.js                                 1.29 kB │ gzip:   0.53 kB
dist/assets/Article-Cwa7yaoJ.js                                  1.29 kB │ gzip:   0.53 kB
dist/assets/Article-D07aOgNp4.js                                 1.29 kB │ gzip:   0.53 kB
dist/assets/Article-D1cL6Nyh4.js                                 1.29 kB │ gzip:   0.53 kB
dist/assets/Article-D4BJrAjV.js                                  1.29 kB │ gzip:   0.54 kB
dist/assets/Article-DE6tE-9r2.js                                 1.29 kB │ gzip:   0.53 kB
dist/assets/Article-DMuD3kAG2.js                                 1.29 kB │ gzip:   0.54 kB
dist/assets/Article-DTjklRUM2.js                                 1.29 kB │ gzip:   0.54 kB
dist/assets/Article-DWkOa2wH.js                                  1.29 kB │ gzip:   0.53 kB
dist/assets/Article-DefD-NJY2.js                                 1.29 kB │ gzip:   0.53 kB
dist/assets/Article-DnRSuI354.js                                 1.29 kB │ gzip:   0.54 kB
dist/assets/Article-DnvTH105.js                                  1.29 kB │ gzip:   0.53 kB
dist/assets/Article-cYA7KjzF2.js                                 1.29 kB │ gzip:   0.53 kB
dist/assets/Article-hk3t5Xb92.js                                 1.29 kB │ gzip:   0.53 kB
dist/assets/Article-i3GZjXa1.js                                  1.29 kB │ gzip:   0.53 kB
dist/assets/Article-1sqtUtKP2.js                                 1.29 kB │ gzip:   0.54 kB
dist/assets/Article-2INR0ZBt3.js                                 1.29 kB │ gzip:   0.53 kB
dist/assets/Article-2QRHnkje4.js                                 1.29 kB │ gzip:   0.54 kB
dist/assets/Article-4fXsdwZk2.js                                 1.29 kB │ gzip:   0.53 kB
dist/assets/Article-B0b-1G-H.js                                  1.29 kB │ gzip:   0.53 kB
dist/assets/Article-B23NZN8X.js                                  1.29 kB │ gzip:   0.53 kB
dist/assets/Article-B4OCkYCu3.js                                 1.29 kB │ gzip:   0.53 kB
dist/assets/Article-BEu1jWWo3.js                                 1.29 kB │ gzip:   0.53 kB
dist/assets/Article-BPQTgQRr2.js                                 1.29 kB │ gzip:   0.53 kB
dist/assets/Article-BRHULmlr2.js                                 1.29 kB │ gzip:   0.53 kB
dist/assets/Article-BXFqYlZc.js                                  1.29 kB │ gzip:   0.54 kB
dist/assets/Article-BY-Suogk2.js                                 1.29 kB │ gzip:   0.53 kB
dist/assets/Article-BcZAHvun2.js                                 1.29 kB │ gzip:   0.53 kB
dist/assets/Article-BhcIFq2p.js                                  1.29 kB │ gzip:   0.53 kB
dist/assets/Article-Bni63ans2.js                                 1.29 kB │ gzip:   0.54 kB
dist/assets/Article-BrFQ8Q2J4.js                                 1.29 kB │ gzip:   0.54 kB
dist/assets/Article-BugPQ7r74.js                                 1.29 kB │ gzip:   0.53 kB
dist/assets/Article-C-fx_ylI3.js                                 1.29 kB │ gzip:   0.53 kB
dist/assets/Article-CE_tBUIX2.js                                 1.29 kB │ gzip:   0.54 kB
dist/assets/Article-CFup3rUq.js                                  1.29 kB │ gzip:   0.53 kB
dist/assets/Article-CR-BWol73.js                                 1.29 kB │ gzip:   0.53 kB
dist/assets/Article-CSDaUFmy2.js                                 1.29 kB │ gzip:   0.54 kB
dist/assets/Article-CUktB62p.js                                  1.29 kB │ gzip:   0.53 kB
dist/assets/Article-CWbguvuM.js                                  1.29 kB │ gzip:   0.53 kB
dist/assets/Article-Ca0NnoGy3.js                                 1.29 kB │ gzip:   0.53 kB
dist/assets/Article-CjBj--OB2.js                                 1.29 kB │ gzip:   0.55 kB
dist/assets/Article-CmRvMOZK2.js                                 1.29 kB │ gzip:   0.53 kB
dist/assets/Article-CskRUizq.js                                  1.29 kB │ gzip:   0.54 kB
dist/assets/Article-D4AYoAF83.js                                 1.29 kB │ gzip:   0.53 kB
dist/assets/Article-DEbwxhI_2.js                                 1.29 kB │ gzip:   0.53 kB
dist/assets/Article-DEfdHdYv2.js                                 1.29 kB │ gzip:   0.54 kB
dist/assets/Article-DICVSRTK.js                                  1.29 kB │ gzip:   0.54 kB
dist/assets/Article-DP5kFVY6.js                                  1.29 kB │ gzip:   0.54 kB
dist/assets/Article-DVWU_B513.js                                 1.29 kB │ gzip:   0.53 kB
dist/assets/Article-Dfa8xyeu3.js                                 1.29 kB │ gzip:   0.53 kB
dist/assets/Article-DfgNgTKS2.js                                 1.29 kB │ gzip:   0.53 kB
dist/assets/Article-DkjPnK0n.js                                  1.29 kB │ gzip:   0.53 kB
dist/assets/Article-DrMsVwCI.js                                  1.29 kB │ gzip:   0.53 kB
dist/assets/Article-Dt2ZAWHd2.js                                 1.29 kB │ gzip:   0.53 kB
dist/assets/Article-DtPjHWtX2.js                                 1.29 kB │ gzip:   0.54 kB
dist/assets/Article-DuoYcUBS2.js                                 1.29 kB │ gzip:   0.54 kB
dist/assets/Article-Dwax54N2.js                                  1.29 kB │ gzip:   0.53 kB
dist/assets/Article-DyqLP8uS.js                                  1.29 kB │ gzip:   0.53 kB
dist/assets/Article-JCt6bdGU2.js                                 1.29 kB │ gzip:   0.53 kB
dist/assets/Article-PJq2MIAi.js                                  1.29 kB │ gzip:   0.54 kB
dist/assets/Article-QXSL61IV2.js                                 1.29 kB │ gzip:   0.52 kB
dist/assets/Article-QXpo8fCB4.js                                 1.29 kB │ gzip:   0.54 kB
dist/assets/Article-T477pbQU4.js                                 1.29 kB │ gzip:   0.54 kB
dist/assets/Article-WFjA8hJe2.js                                 1.29 kB │ gzip:   0.54 kB
dist/assets/Article-xAgJcK4z.js                                  1.29 kB │ gzip:   0.53 kB
dist/assets/Article-721mBeiU.js                                  1.29 kB │ gzip:   0.54 kB
dist/assets/Article-B-QLFZR0.js                                  1.29 kB │ gzip:   0.54 kB
dist/assets/Article-BAbc5eyw2.js                                 1.29 kB │ gzip:   0.54 kB
dist/assets/Article-BBFIQ0Og3.js                                 1.29 kB │ gzip:   0.53 kB
dist/assets/Article-BGFcR6BL.js                                  1.29 kB │ gzip:   0.54 kB
dist/assets/Article-BVqOQT6B2.js                                 1.29 kB │ gzip:   0.54 kB
dist/assets/Article-Bb0yMVSo.js                                  1.29 kB │ gzip:   0.54 kB
dist/assets/Article-BcbGBm_z4.js                                 1.29 kB │ gzip:   0.54 kB
dist/assets/Article-BlSMebbR2.js                                 1.29 kB │ gzip:   0.54 kB
dist/assets/Article-Bw4MdCxQ4.js                                 1.29 kB │ gzip:   0.53 kB
dist/assets/Article-C-9Gu4fG.js                                  1.29 kB │ gzip:   0.54 kB
dist/assets/Article-C8AfHpua2.js                                 1.29 kB │ gzip:   0.53 kB
dist/assets/Article-CCxwqxwk.js                                  1.29 kB │ gzip:   0.53 kB
dist/assets/Article-CPEpCEqD2.js                                 1.29 kB │ gzip:   0.53 kB
dist/assets/Article-CWmpdh1h3.js                                 1.29 kB │ gzip:   0.54 kB
dist/assets/Article-CgFH8NxV2.js                                 1.29 kB │ gzip:   0.54 kB
dist/assets/Article-CoC8XOcG2.js                                 1.29 kB │ gzip:   0.54 kB
dist/assets/Article-ColkK9bl3.js                                 1.29 kB │ gzip:   0.53 kB
dist/assets/Article-CqH8-CNC2.js                                 1.29 kB │ gzip:   0.54 kB
dist/assets/Article-DIaU2obZ2.js                                 1.29 kB │ gzip:   0.54 kB
dist/assets/Article-DQiCQrqP3.js                                 1.29 kB │ gzip:   0.55 kB
dist/assets/Article-Dhkr0Q_W3.js                                 1.29 kB │ gzip:   0.53 kB
dist/assets/Article-MjRST6q82.js                                 1.29 kB │ gzip:   0.54 kB
dist/assets/Article-SGeAL0Bw2.js                                 1.29 kB │ gzip:   0.53 kB
dist/assets/Article-TODLTRFd4.js                                 1.29 kB │ gzip:   0.54 kB
dist/assets/Article-Uaf_u9ye3.js                                 1.29 kB │ gzip:   0.54 kB
dist/assets/Article-qBVArPZR2.js                                 1.29 kB │ gzip:   0.54 kB
dist/assets/Article--NSm6Hf42.js                                 1.29 kB │ gzip:   0.54 kB
dist/assets/Article-2lRZ7sPv.js                                  1.29 kB │ gzip:   0.54 kB
dist/assets/Article-4o3yrr1E4.js                                 1.29 kB │ gzip:   0.54 kB
dist/assets/Article-B-c4vjiq3.js                                 1.29 kB │ gzip:   0.54 kB
dist/assets/Article-BAmy7Fte2.js                                 1.29 kB │ gzip:   0.54 kB
dist/assets/Article-BH_zUFo54.js                                 1.29 kB │ gzip:   0.54 kB
dist/assets/Article-BRApnx6R2.js                                 1.29 kB │ gzip:   0.54 kB
dist/assets/Article-BT54N6T62.js                                 1.29 kB │ gzip:   0.54 kB
dist/assets/Article-BUqc60ES2.js                                 1.29 kB │ gzip:   0.54 kB
dist/assets/Article-Ba2NefT0.js                                  1.29 kB │ gzip:   0.53 kB
dist/assets/Article-BkKTnWnb.js                                  1.29 kB │ gzip:   0.54 kB
dist/assets/Article-BtVlElQW2.js                                 1.29 kB │ gzip:   0.54 kB
dist/assets/Article-C338jN8G3.js                                 1.29 kB │ gzip:   0.54 kB
dist/assets/Article-CX_W_z5H2.js                                 1.29 kB │ gzip:   0.54 kB
dist/assets/Article-Cb_oriJI2.js                                 1.29 kB │ gzip:   0.54 kB
dist/assets/Article-CcjshM8G2.js                                 1.29 kB │ gzip:   0.54 kB
dist/assets/Article-D7EiamSU2.js                                 1.29 kB │ gzip:   0.53 kB
dist/assets/Article-DLsaUnjt2.js                                 1.29 kB │ gzip:   0.54 kB
dist/assets/Article-DgzesLca2.js                                 1.29 kB │ gzip:   0.54 kB
dist/assets/Article-DlH5bSCK2.js                                 1.29 kB │ gzip:   0.54 kB
dist/assets/Article-DuOta5N22.js                                 1.29 kB │ gzip:   0.54 kB
dist/assets/Article-DwG_Xzss2.js                                 1.29 kB │ gzip:   0.54 kB
dist/assets/Article-I2fQxu-5.js                                  1.29 kB │ gzip:   0.54 kB
dist/assets/Article-OMt_YT2M2.js                                 1.29 kB │ gzip:   0.54 kB
dist/assets/Article-ddsnE0ZV3.js                                 1.29 kB │ gzip:   0.52 kB
dist/assets/Article-l22ZV1Q_2.js                                 1.29 kB │ gzip:   0.54 kB
dist/assets/Article-mPAFkc0-4.js                                 1.29 kB │ gzip:   0.54 kB
dist/assets/Article-q_lY4O4M2.js                                 1.29 kB │ gzip:   0.54 kB
dist/assets/Article-qy4yXjKT.js                                  1.29 kB │ gzip:   0.54 kB
dist/assets/Article-sj9jXbXA2.js                                 1.29 kB │ gzip:   0.54 kB
dist/assets/Article-wd9kKtF43.js                                 1.29 kB │ gzip:   0.54 kB
dist/assets/Article-90vZJMl1.js                                  1.29 kB │ gzip:   0.53 kB
dist/assets/Article-BT8ndkEW2.js                                 1.29 kB │ gzip:   0.55 kB
dist/assets/Article-C0ltlzsL3.js                                 1.29 kB │ gzip:   0.53 kB
dist/assets/Article-CAn4Urfl.js                                  1.29 kB │ gzip:   0.53 kB
dist/assets/Article-CQbuflqt4.js                                 1.29 kB │ gzip:   0.53 kB
dist/assets/Article-CReM7Qv_4.js                                 1.29 kB │ gzip:   0.54 kB
dist/assets/Article-CWnd3bjM2.js                                 1.29 kB │ gzip:   0.54 kB
dist/assets/Article-D1O9Dv4C2.js                                 1.29 kB │ gzip:   0.54 kB
dist/assets/Article-D1n2Ygg13.js                                 1.29 kB │ gzip:   0.54 kB
dist/assets/Article-DIb6-tBA3.js                                 1.29 kB │ gzip:   0.53 kB
dist/assets/Article-DN_TguZb2.js                                 1.29 kB │ gzip:   0.54 kB
dist/assets/Article-E_hHeSK42.js                                 1.29 kB │ gzip:   0.54 kB
dist/assets/Article-NOD0-8_k4.js                                 1.29 kB │ gzip:   0.53 kB
dist/assets/Article-founKIn7.js                                  1.29 kB │ gzip:   0.54 kB
dist/assets/Article-2mVFWpBq.js                                  1.30 kB │ gzip:   0.53 kB
dist/assets/Article-B5ALbq-q4.js                                 1.30 kB │ gzip:   0.55 kB
dist/assets/Article-B7ziuwSe3.js                                 1.30 kB │ gzip:   0.53 kB
dist/assets/Article-BAtU5oUd2.js                                 1.30 kB │ gzip:   0.53 kB
dist/assets/Article-BBQc_bQD2.js                                 1.30 kB │ gzip:   0.54 kB
dist/assets/Article-BLMk-sA24.js                                 1.30 kB │ gzip:   0.53 kB
dist/assets/Article-BTdxK_-r2.js                                 1.30 kB │ gzip:   0.53 kB
dist/assets/Article-BZiFCegP3.js                                 1.30 kB │ gzip:   0.53 kB
dist/assets/Article-BlGaveX9.js                                  1.30 kB │ gzip:   0.54 kB
dist/assets/Article-Bm7LxGUd.js                                  1.30 kB │ gzip:   0.54 kB
dist/assets/Article-Bodbz60O2.js                                 1.30 kB │ gzip:   0.54 kB
dist/assets/Article-BraKFA58.js                                  1.30 kB │ gzip:   0.53 kB
dist/assets/Article-C-GYtgQP3.js                                 1.30 kB │ gzip:   0.54 kB
dist/assets/Article-C2N0pP-a.js                                  1.30 kB │ gzip:   0.54 kB
dist/assets/Article-C97qSsEx2.js                                 1.30 kB │ gzip:   0.53 kB
dist/assets/Article-C9PagIrC3.js                                 1.30 kB │ gzip:   0.53 kB
dist/assets/Article-CAqqzSIl.js                                  1.30 kB │ gzip:   0.53 kB
dist/assets/Article-CH_RMjeF2.js                                 1.30 kB │ gzip:   0.53 kB
dist/assets/Article-CW-wCYU22.js                                 1.30 kB │ gzip:   0.53 kB
dist/assets/Article-CXXEZwfj2.js                                 1.30 kB │ gzip:   0.53 kB
dist/assets/Article-CavERRB6.js                                  1.30 kB │ gzip:   0.54 kB
dist/assets/Article-CynT_xps.js                                  1.30 kB │ gzip:   0.54 kB
dist/assets/Article-D-iNaa-m2.js                                 1.30 kB │ gzip:   0.54 kB
dist/assets/Article-D0C74NIh.js                                  1.30 kB │ gzip:   0.53 kB
dist/assets/Article-D3CLVFBz.js                                  1.30 kB │ gzip:   0.53 kB
dist/assets/Article-D5w5m71y.js                                  1.30 kB │ gzip:   0.54 kB
dist/assets/Article-DGFnqoHU.js                                  1.30 kB │ gzip:   0.54 kB
dist/assets/Article-DhNTLWnV2.js                                 1.30 kB │ gzip:   0.53 kB
dist/assets/Article-DxzKoADn.js                                  1.30 kB │ gzip:   0.53 kB
dist/assets/Article-JaFsQIhg.js                                  1.30 kB │ gzip:   0.53 kB
dist/assets/Article-N8Ct7LAo4.js                                 1.30 kB │ gzip:   0.54 kB
dist/assets/Article-dm2G5L6O2.js                                 1.30 kB │ gzip:   0.54 kB
dist/assets/Article-iGi1vjKo.js                                  1.30 kB │ gzip:   0.53 kB
dist/assets/Article-khE5cXYw3.js                                 1.30 kB │ gzip:   0.54 kB
dist/assets/Article-w3Fs7QTJ.js                                  1.30 kB │ gzip:   0.53 kB
dist/assets/Article-7g5UGqZa4.js                                 1.30 kB │ gzip:   0.55 kB
dist/assets/Article-9qgCoAJO2.js                                 1.30 kB │ gzip:   0.53 kB
dist/assets/Article-B48-t-tb3.js                                 1.30 kB │ gzip:   0.54 kB
dist/assets/Article-BM4IaECB2.js                                 1.30 kB │ gzip:   0.53 kB
dist/assets/Article-BN0m80pu2.js                                 1.30 kB │ gzip:   0.53 kB
dist/assets/Article-BXBavd1t.js                                  1.30 kB │ gzip:   0.53 kB
dist/assets/Article-BXI2v3ZX3.js                                 1.30 kB │ gzip:   0.54 kB
dist/assets/Article-BZ7d3Jtb2.js                                 1.30 kB │ gzip:   0.53 kB
dist/assets/Article-BqCuTYAq3.js                                 1.30 kB │ gzip:   0.54 kB
dist/assets/Article-BzGhrDtu2.js                                 1.30 kB │ gzip:   0.53 kB
dist/assets/Article-C3HrlIoT2.js                                 1.30 kB │ gzip:   0.53 kB
dist/assets/Article-CDcE8yzZ2.js                                 1.30 kB │ gzip:   0.53 kB
dist/assets/Article-CSEwRwWr.js                                  1.30 kB │ gzip:   0.54 kB
dist/assets/Article-CWOmlEDi2.js                                 1.30 kB │ gzip:   0.54 kB
dist/assets/Article-C_OSNKtx2.js                                 1.30 kB │ gzip:   0.52 kB
dist/assets/Article-CbuVKhPu3.js                                 1.30 kB │ gzip:   0.54 kB
dist/assets/Article-CepMmhim3.js                                 1.30 kB │ gzip:   0.54 kB
dist/assets/Article-Ck9lOMI42.js                                 1.30 kB │ gzip:   0.54 kB
dist/assets/Article-CoS2_VQa2.js                                 1.30 kB │ gzip:   0.53 kB
dist/assets/Article-CtwHYNzm2.js                                 1.30 kB │ gzip:   0.52 kB
dist/assets/Article-DI3qK1a53.js                                 1.30 kB │ gzip:   0.55 kB
dist/assets/Article-DIcz10XI2.js                                 1.30 kB │ gzip:   0.54 kB
dist/assets/Article-DJRp725m3.js                                 1.30 kB │ gzip:   0.54 kB
dist/assets/Article-DLMOm_uC2.js                                 1.30 kB │ gzip:   0.53 kB
dist/assets/Article-DNaQcwAX2.js                                 1.30 kB │ gzip:   0.53 kB
dist/assets/Article-DPfT6tOq.js                                  1.30 kB │ gzip:   0.53 kB
dist/assets/Article-DTeMdkWU2.js                                 1.30 kB │ gzip:   0.54 kB
dist/assets/Article-DXEDSLU0.js                                  1.30 kB │ gzip:   0.53 kB
dist/assets/Article-DafFGqr73.js                                 1.30 kB │ gzip:   0.53 kB
dist/assets/Article-Dq-G0BTR.js                                  1.30 kB │ gzip:   0.53 kB
dist/assets/Article-DsvM6mgg4.js                                 1.30 kB │ gzip:   0.54 kB
dist/assets/Article-ESo6_hLC2.js                                 1.30 kB │ gzip:   0.53 kB
dist/assets/Article-QrBjXbE32.js                                 1.30 kB │ gzip:   0.53 kB
dist/assets/Article-W-fWkx_Q3.js                                 1.30 kB │ gzip:   0.53 kB
dist/assets/Article-_DpZv8ZS2.js                                 1.30 kB │ gzip:   0.53 kB
dist/assets/Article-fVsfLBCQ2.js                                 1.30 kB │ gzip:   0.53 kB
dist/assets/Article-hnGPIIiX2.js                                 1.30 kB │ gzip:   0.53 kB
dist/assets/Article-kvQbXMlR2.js                                 1.30 kB │ gzip:   0.53 kB
dist/assets/Article-mR354nE02.js                                 1.30 kB │ gzip:   0.53 kB
dist/assets/Article-oT1MZ1Xm4.js                                 1.30 kB │ gzip:   0.53 kB
dist/assets/Article-q4T0lyTO2.js                                 1.30 kB │ gzip:   0.53 kB
dist/assets/Article-u8aOq3It.js                                  1.30 kB │ gzip:   0.53 kB
dist/assets/Article-zDmIXIZ52.js                                 1.30 kB │ gzip:   0.53 kB
dist/assets/Article-BIEc_qfA3.js                                 1.30 kB │ gzip:   0.54 kB
dist/assets/Article-Bldbrm0k3.js                                 1.30 kB │ gzip:   0.54 kB
dist/assets/Article-BlkJNAdQ2.js                                 1.30 kB │ gzip:   0.54 kB
dist/assets/Article-Bpsyve-f2.js                                 1.30 kB │ gzip:   0.54 kB
dist/assets/Article-BqfVvnER3.js                                 1.30 kB │ gzip:   0.54 kB
dist/assets/Article-C-qHq0kC2.js                                 1.30 kB │ gzip:   0.54 kB
dist/assets/Article-CJsqJwto4.js                                 1.30 kB │ gzip:   0.54 kB
dist/assets/Article-Cmd1tyLf2.js                                 1.30 kB │ gzip:   0.54 kB
dist/assets/Article-DA0_R9lm.js                                  1.30 kB │ gzip:   0.54 kB
dist/assets/Article-DIvmzKGM.js                                  1.30 kB │ gzip:   0.54 kB
dist/assets/Article-VgE_LuTs4.js                                 1.30 kB │ gzip:   0.54 kB
dist/assets/Article-VzuG1vce2.js                                 1.30 kB │ gzip:   0.54 kB
dist/assets/Article-wq13oSwS2.js                                 1.30 kB │ gzip:   0.54 kB
dist/assets/Article-B2hJNABc2.js                                 1.30 kB │ gzip:   0.54 kB
dist/assets/Article-BBLmi5yT3.js                                 1.30 kB │ gzip:   0.53 kB
dist/assets/Article-BMo_Asgv2.js                                 1.30 kB │ gzip:   0.53 kB
dist/assets/Article-BmSfUzoH2.js                                 1.30 kB │ gzip:   0.53 kB
dist/assets/Article-By6zyjJx.js                                  1.30 kB │ gzip:   0.53 kB
dist/assets/Article-C0PWaKSN4.js                                 1.30 kB │ gzip:   0.54 kB
dist/assets/Article-C0zzrWdI.js                                  1.30 kB │ gzip:   0.54 kB
dist/assets/Article-CCqajNoV.js                                  1.30 kB │ gzip:   0.55 kB
dist/assets/Article-CQ7HNWor.js                                  1.30 kB │ gzip:   0.53 kB
dist/assets/Article-C_SImbeE3.js                                 1.30 kB │ gzip:   0.54 kB
dist/assets/Article-CkMjIQch4.js                                 1.30 kB │ gzip:   0.53 kB
dist/assets/Article-Cl3OkoN3.js                                  1.30 kB │ gzip:   0.53 kB
dist/assets/Article-CwKKDkWu.js                                  1.30 kB │ gzip:   0.53 kB
dist/assets/Article-Cwr8UXKB.js                                  1.30 kB │ gzip:   0.53 kB
dist/assets/Article-CwyjI26q.js                                  1.30 kB │ gzip:   0.53 kB
dist/assets/Article-CxTCaNqX4.js                                 1.30 kB │ gzip:   0.53 kB
dist/assets/Article-D-9ijDn33.js                                 1.30 kB │ gzip:   0.54 kB
dist/assets/Article-DOJNnI_-2.js                                 1.30 kB │ gzip:   0.53 kB
dist/assets/Article-DfGX9lQx2.js                                 1.30 kB │ gzip:   0.54 kB
dist/assets/Article-DpOTPl8D2.js                                 1.30 kB │ gzip:   0.53 kB
dist/assets/Article-Dsi6PVR5.js                                  1.30 kB │ gzip:   0.53 kB
dist/assets/Article-LOPx4v0v2.js                                 1.30 kB │ gzip:   0.54 kB
dist/assets/Article-URIFtxQd2.js                                 1.30 kB │ gzip:   0.53 kB
dist/assets/Article-ffFU7f9o3.js                                 1.30 kB │ gzip:   0.55 kB
dist/assets/Article-m1MWWVdq.js                                  1.30 kB │ gzip:   0.54 kB
dist/assets/Article-uIJKz8Im2.js                                 1.30 kB │ gzip:   0.53 kB
dist/assets/Article-490ePMI62.js                                 1.30 kB │ gzip:   0.53 kB
dist/assets/Article-B-1Poxsy2.js                                 1.30 kB │ gzip:   0.53 kB
dist/assets/Article-BX9O_KcK.js                                  1.30 kB │ gzip:   0.54 kB
dist/assets/Article-BuGW8H5i2.js                                 1.30 kB │ gzip:   0.54 kB
dist/assets/Article-C5Gf8ZDO3.js                                 1.30 kB │ gzip:   0.54 kB
dist/assets/Article-CVSVXkPM3.js                                 1.30 kB │ gzip:   0.53 kB
dist/assets/Article-ChZckRvz3.js                                 1.30 kB │ gzip:   0.53 kB
dist/assets/Article-CjC0zClR2.js                                 1.30 kB │ gzip:   0.53 kB
dist/assets/Article-CzeNWDnn2.js                                 1.30 kB │ gzip:   0.54 kB
dist/assets/Article-DBv5zOEd2.js                                 1.30 kB │ gzip:   0.53 kB
dist/assets/Article-DPcDKGZE2.js                                 1.30 kB │ gzip:   0.54 kB
dist/assets/Article-DT996U_s2.js                                 1.30 kB │ gzip:   0.53 kB
dist/assets/Article-DY7z8hva.js                                  1.30 kB │ gzip:   0.53 kB
dist/assets/Article-Dani2eV82.js                                 1.30 kB │ gzip:   0.54 kB
dist/assets/Article-DnZMvk4s4.js                                 1.30 kB │ gzip:   0.54 kB
dist/assets/Article-J78eQARd.js                                  1.30 kB │ gzip:   0.53 kB
dist/assets/Article-WkGQlVt73.js                                 1.30 kB │ gzip:   0.53 kB
dist/assets/Article-rtXrn33m2.js                                 1.30 kB │ gzip:   0.53 kB
dist/assets/Article-toaTHmbg2.js                                 1.30 kB │ gzip:   0.53 kB
dist/assets/Article-6eMf92DO2.js                                 1.30 kB │ gzip:   0.53 kB
dist/assets/Article-B0pZRruB2.js                                 1.30 kB │ gzip:   0.53 kB
dist/assets/Article-BWaqfRPi.js                                  1.30 kB │ gzip:   0.55 kB
dist/assets/Article-BjCbxrG7.js                                  1.30 kB │ gzip:   0.54 kB
dist/assets/Article-Bu3EEhoc.js                                  1.30 kB │ gzip:   0.53 kB
dist/assets/Article-BuEV-I1h3.js                                 1.30 kB │ gzip:   0.53 kB
dist/assets/Article-CAvs8BQx.js                                  1.30 kB │ gzip:   0.54 kB
dist/assets/Article-CHPwpVql.js                                  1.30 kB │ gzip:   0.53 kB
dist/assets/Article-CiJIzTF62.js                                 1.30 kB │ gzip:   0.53 kB
dist/assets/Article-Cr-cVzzk.js                                  1.30 kB │ gzip:   0.53 kB
dist/assets/Article-CuSETgBa2.js                                 1.30 kB │ gzip:   0.53 kB
dist/assets/Article-Cw-hAPYy4.js                                 1.30 kB │ gzip:   0.53 kB
dist/assets/Article-DOOmcK1n3.js                                 1.30 kB │ gzip:   0.53 kB
dist/assets/Article-DTbIkp672.js                                 1.30 kB │ gzip:   0.53 kB
dist/assets/Article-Di1glR7_2.js                                 1.30 kB │ gzip:   0.54 kB
dist/assets/Article-rfs9wq2c2.js                                 1.30 kB │ gzip:   0.53 kB
dist/assets/Article-vRMTHr34.js                                  1.30 kB │ gzip:   0.53 kB
dist/assets/Article-0K0E_r7n2.js                                 1.30 kB │ gzip:   0.53 kB
dist/assets/Article-6vPIUYH-.js                                  1.30 kB │ gzip:   0.53 kB
dist/assets/Article-8iAhksOi3.js                                 1.30 kB │ gzip:   0.53 kB
dist/assets/Article-BJQcL7FE.js                                  1.30 kB │ gzip:   0.53 kB
dist/assets/Article-BlxhAeWQ4.js                                 1.30 kB │ gzip:   0.55 kB
dist/assets/Article-Bys1MBjN3.js                                 1.30 kB │ gzip:   0.55 kB
dist/assets/Article-CHLIetZ-.js                                  1.30 kB │ gzip:   0.53 kB
dist/assets/Article-CRalFSBo2.js                                 1.30 kB │ gzip:   0.54 kB
dist/assets/Article-CSVVODzT2.js                                 1.30 kB │ gzip:   0.55 kB
dist/assets/Article-Cqi4raj_3.js                                 1.30 kB │ gzip:   0.53 kB
dist/assets/Article-DEKbXOMk.js                                  1.30 kB │ gzip:   0.53 kB
dist/assets/Article-DjfIKsVK.js                                  1.30 kB │ gzip:   0.53 kB
dist/assets/Article-DnE0QPwI.js                                  1.30 kB │ gzip:   0.53 kB
dist/assets/Article-IH5Yf6PU2.js                                 1.30 kB │ gzip:   0.53 kB
dist/assets/Article-S1QYNixo2.js                                 1.30 kB │ gzip:   0.53 kB
dist/assets/Article-UJQJ8yOt.js                                  1.30 kB │ gzip:   0.53 kB
dist/assets/Article-au287bwj2.js                                 1.30 kB │ gzip:   0.53 kB
dist/assets/Article-sl1xnWLC.js                                  1.30 kB │ gzip:   0.54 kB
dist/assets/Article-3m3FLj_g2.js                                 1.30 kB │ gzip:   0.53 kB
dist/assets/Article-5Z_1Jc8N2.js                                 1.30 kB │ gzip:   0.54 kB
dist/assets/Article-Br_cOP973.js                                 1.30 kB │ gzip:   0.54 kB
dist/assets/Article-BsG84H7L2.js                                 1.30 kB │ gzip:   0.53 kB
dist/assets/Article-BvoXs2q-.js                                  1.30 kB │ gzip:   0.54 kB
dist/assets/Article-C916aldJ2.js                                 1.30 kB │ gzip:   0.54 kB
dist/assets/Article-CAqj_uRQ.js                                  1.30 kB │ gzip:   0.53 kB
dist/assets/Article-CKJz2loA2.js                                 1.30 kB │ gzip:   0.55 kB
dist/assets/Article-Cq_57MBs3.js                                 1.30 kB │ gzip:   0.55 kB
dist/assets/Article-DO_pNPnZ2.js                                 1.30 kB │ gzip:   0.54 kB
dist/assets/Article-DtPgeHKS3.js                                 1.30 kB │ gzip:   0.55 kB
dist/assets/Article-DwBucJBL.js                                  1.30 kB │ gzip:   0.53 kB
dist/assets/Article-6AodFetl.js                                  1.30 kB │ gzip:   0.53 kB
dist/assets/Article-B9EOHY1W3.js                                 1.30 kB │ gzip:   0.53 kB
dist/assets/Article-BEFhrifE.js                                  1.30 kB │ gzip:   0.53 kB
dist/assets/Article-BWLicS7d4.js                                 1.30 kB │ gzip:   0.53 kB
dist/assets/Article-BjOQtgo53.js                                 1.30 kB │ gzip:   0.53 kB
dist/assets/Article-Bn0HoWnC3.js                                 1.30 kB │ gzip:   0.53 kB
dist/assets/Article-C-o9UOCN.js                                  1.30 kB │ gzip:   0.53 kB
dist/assets/Article-CFL3RyAP2.js                                 1.30 kB │ gzip:   0.53 kB
dist/assets/Article-CyIWLXs5.js                                  1.30 kB │ gzip:   0.53 kB
dist/assets/Article-D1MMXcFP.js                                  1.30 kB │ gzip:   0.53 kB
dist/assets/Article-D5W7HIQc.js                                  1.30 kB │ gzip:   0.53 kB
dist/assets/Article-DCHK14Rd.js                                  1.30 kB │ gzip:   0.53 kB
dist/assets/Article-DHKFU5Mn2.js                                 1.30 kB │ gzip:   0.53 kB
dist/assets/Article-DMHrSizc.js                                  1.30 kB │ gzip:   0.53 kB
dist/assets/Article-Vl24FRLP3.js                                 1.30 kB │ gzip:   0.53 kB
dist/assets/Article-Y0gMz7Ha2.js                                 1.30 kB │ gzip:   0.53 kB
dist/assets/Article-_kOWtSrZ.js                                  1.30 kB │ gzip:   0.53 kB
dist/assets/Article-fFAshMZY3.js                                 1.30 kB │ gzip:   0.53 kB
dist/assets/Article-B384Wvb_.js                                  1.30 kB │ gzip:   0.53 kB
dist/assets/Article-BVK5HQ_n2.js                                 1.30 kB │ gzip:   0.55 kB
dist/assets/Article-C7GYe4H73.js                                 1.30 kB │ gzip:   0.54 kB
dist/assets/Article-C9GivZvw2.js                                 1.30 kB │ gzip:   0.54 kB
dist/assets/Article-CHvxET_R.js                                  1.30 kB │ gzip:   0.54 kB
dist/assets/Article-CJNraBk62.js                                 1.30 kB │ gzip:   0.53 kB
dist/assets/Article-CrR1_d-r4.js                                 1.30 kB │ gzip:   0.54 kB
dist/assets/Article-DOhJRM9N.js                                  1.30 kB │ gzip:   0.53 kB
dist/assets/Article-DVQsSpHc2.js                                 1.30 kB │ gzip:   0.53 kB
dist/assets/Article-DXe0WuV_3.js                                 1.30 kB │ gzip:   0.53 kB
dist/assets/Article-H3cTnSUh3.js                                 1.30 kB │ gzip:   0.53 kB
dist/assets/Article-R19tm15W2.js                                 1.30 kB │ gzip:   0.54 kB
dist/assets/Article-ead7f-IH.js                                  1.30 kB │ gzip:   0.54 kB
dist/assets/Article-BfovOTqD2.js                                 1.31 kB │ gzip:   0.53 kB
dist/assets/Article-Bp_PAu4z2.js                                 1.31 kB │ gzip:   0.53 kB
dist/assets/Article-BzIz-YM12.js                                 1.31 kB │ gzip:   0.53 kB
dist/assets/Article-C6hOPsqq2.js                                 1.31 kB │ gzip:   0.53 kB
dist/assets/Article-CYaY3BJP2.js                                 1.31 kB │ gzip:   0.53 kB
dist/assets/Article-Cku272co2.js                                 1.31 kB │ gzip:   0.55 kB
dist/assets/Article-D88lh3tr2.js                                 1.31 kB │ gzip:   0.53 kB
dist/assets/Article-DJHLF6eV3.js                                 1.31 kB │ gzip:   0.54 kB
dist/assets/Article-DRG9sMq83.js                                 1.31 kB │ gzip:   0.53 kB
dist/assets/Article-DUWrBJ-X3.js                                 1.31 kB │ gzip:   0.54 kB
dist/assets/Article-DW_mU_tq.js                                  1.31 kB │ gzip:   0.53 kB
dist/assets/Article-DY059WtP2.js                                 1.31 kB │ gzip:   0.53 kB
dist/assets/Article-DcDWPbKE2.js                                 1.31 kB │ gzip:   0.53 kB
dist/assets/Article-Y2sDncmI3.js                                 1.31 kB │ gzip:   0.55 kB
dist/assets/Article-fPXvKHcc2.js                                 1.31 kB │ gzip:   0.53 kB
dist/assets/Article-xowf1UvR2.js                                 1.31 kB │ gzip:   0.55 kB
dist/assets/Article-zlMWeiY6.js                                  1.31 kB │ gzip:   0.53 kB
dist/assets/Article-1yuQn4w0.js                                  1.31 kB │ gzip:   0.53 kB
dist/assets/Article-8h8ZW-kB4.js                                 1.31 kB │ gzip:   0.54 kB
dist/assets/Article-B4PWRXJF3.js                                 1.31 kB │ gzip:   0.53 kB
dist/assets/Article-BCbQ8rv64.js                                 1.31 kB │ gzip:   0.53 kB
dist/assets/Article-BF7BUyvE2.js                                 1.31 kB │ gzip:   0.54 kB
dist/assets/Article-BJAnsyYX3.js                                 1.31 kB │ gzip:   0.53 kB
dist/assets/Article-BVr7jzQE.js                                  1.31 kB │ gzip:   0.53 kB
dist/assets/Article-C0NPDJOx2.js                                 1.31 kB │ gzip:   0.53 kB
dist/assets/Article-C5gZHF_J.js                                  1.31 kB │ gzip:   0.53 kB
dist/assets/Article-C8BbC7WP.js                                  1.31 kB │ gzip:   0.53 kB
dist/assets/Article-CB4XSrec4.js                                 1.31 kB │ gzip:   0.54 kB
dist/assets/Article-CMvkWbF0.js                                  1.31 kB │ gzip:   0.53 kB
dist/assets/Article-CeCpYkIY.js                                  1.31 kB │ gzip:   0.53 kB
dist/assets/Article-CigvbYYL.js                                  1.31 kB │ gzip:   0.53 kB
dist/assets/Article-CmcoyOY3.js                                  1.31 kB │ gzip:   0.53 kB
dist/assets/Article-D52WMiIG2.js                                 1.31 kB │ gzip:   0.53 kB
dist/assets/Article-D7IDKvaI.js                                  1.31 kB │ gzip:   0.53 kB
dist/assets/Article-DGFXqYzJ3.js                                 1.31 kB │ gzip:   0.53 kB
dist/assets/Article-DNNFMDpn4.js                                 1.31 kB │ gzip:   0.53 kB
dist/assets/Article-DRnp4IGd2.js                                 1.31 kB │ gzip:   0.53 kB
dist/assets/Article-DYrijpoM2.js                                 1.31 kB │ gzip:   0.53 kB
dist/assets/Article-DbGvPQk52.js                                 1.31 kB │ gzip:   0.53 kB
dist/assets/Article-DhzzVZrR.js                                  1.31 kB │ gzip:   0.53 kB
dist/assets/Article-J0Ksgb6t.js                                  1.31 kB │ gzip:   0.54 kB
dist/assets/Article-iu1bMiXe2.js                                 1.31 kB │ gzip:   0.53 kB
dist/assets/Article-p4RW2Sdg.js                                  1.31 kB │ gzip:   0.53 kB
dist/assets/Article-sM1xDsoj3.js                                 1.31 kB │ gzip:   0.54 kB
dist/assets/Article-wekecL9P.js                                  1.31 kB │ gzip:   0.53 kB
dist/assets/Article-xrB6k-Po2.js                                 1.31 kB │ gzip:   0.54 kB
dist/assets/Article-BHYQ2kVS.js                                  1.31 kB │ gzip:   0.53 kB
dist/assets/Article-BguqSqIJ.js                                  1.31 kB │ gzip:   0.53 kB
dist/assets/Article-ByajOHAw4.js                                 1.31 kB │ gzip:   0.54 kB
dist/assets/Article-C_WFzCpl2.js                                 1.31 kB │ gzip:   0.55 kB
dist/assets/Article-Ct45YZzJ.js                                  1.31 kB │ gzip:   0.53 kB
dist/assets/Article-D07SjZvS2.js                                 1.31 kB │ gzip:   0.54 kB
dist/assets/Article-DA1BPpgR3.js                                 1.31 kB │ gzip:   0.53 kB
dist/assets/Article-DRVaWlJY2.js                                 1.31 kB │ gzip:   0.54 kB
dist/assets/Article-DbbBwR1D.js                                  1.31 kB │ gzip:   0.53 kB
dist/assets/Article-F5Op0knJ.js                                  1.31 kB │ gzip:   0.54 kB
dist/assets/Article-0NxUGqIh.js                                  1.31 kB │ gzip:   0.53 kB
dist/assets/Article-0wA4R2K-2.js                                 1.31 kB │ gzip:   0.53 kB
dist/assets/Article-3xa4J2rM2.js                                 1.31 kB │ gzip:   0.54 kB
dist/assets/Article-B-px3Xwo.js                                  1.31 kB │ gzip:   0.53 kB
dist/assets/Article-B3qVWa6Q2.js                                 1.31 kB │ gzip:   0.54 kB
dist/assets/Article-B7ojXOjE3.js                                 1.31 kB │ gzip:   0.53 kB
dist/assets/Article-BFVWVRsK2.js                                 1.31 kB │ gzip:   0.53 kB
dist/assets/Article-BMw8CTI94.js                                 1.31 kB │ gzip:   0.54 kB
dist/assets/Article-BTbQ_TWK2.js                                 1.31 kB │ gzip:   0.53 kB
dist/assets/Article-BUV6V-DK2.js                                 1.31 kB │ gzip:   0.55 kB
dist/assets/Article-BUXvvHQs3.js                                 1.31 kB │ gzip:   0.54 kB
dist/assets/Article-BxGuWhlU2.js                                 1.31 kB │ gzip:   0.53 kB
dist/assets/Article-CAnKLLXI.js                                  1.31 kB │ gzip:   0.53 kB
dist/assets/Article-CQbGaUGX.js                                  1.31 kB │ gzip:   0.53 kB
dist/assets/Article-CmrIVfCj2.js                                 1.31 kB │ gzip:   0.53 kB
dist/assets/Article-CoIszRaR.js                                  1.31 kB │ gzip:   0.53 kB
dist/assets/Article-Cov_jYw73.js                                 1.31 kB │ gzip:   0.53 kB
dist/assets/Article-CqfXJqF5.js                                  1.31 kB │ gzip:   0.53 kB
dist/assets/Article-CuQPUZhE2.js                                 1.31 kB │ gzip:   0.54 kB
dist/assets/Article-CyUavNqC4.js                                 1.31 kB │ gzip:   0.53 kB
dist/assets/Article-D0uF76bQ.js                                  1.31 kB │ gzip:   0.53 kB
dist/assets/Article-DLrsO3qg2.js                                 1.31 kB │ gzip:   0.54 kB
dist/assets/Article-DgQh8YXn.js                                  1.31 kB │ gzip:   0.53 kB
dist/assets/Article-DtqbelhZ2.js                                 1.31 kB │ gzip:   0.54 kB
dist/assets/Article-EbrpVUCf2.js                                 1.31 kB │ gzip:   0.53 kB
dist/assets/Article-eoDgkMTv4.js                                 1.31 kB │ gzip:   0.54 kB
dist/assets/Article-8LOV_FeB.js                                  1.31 kB │ gzip:   0.55 kB
dist/assets/Article-C90MZqo5.js                                  1.31 kB │ gzip:   0.54 kB
dist/assets/Article-DBo7aM5X2.js                                 1.31 kB │ gzip:   0.54 kB
dist/assets/Article-DWdszsGP3.js                                 1.31 kB │ gzip:   0.54 kB
dist/assets/Article-4J70d8ft2.js                                 1.31 kB │ gzip:   0.54 kB
dist/assets/Article-B2WcrBMJ2.js                                 1.31 kB │ gzip:   0.53 kB
dist/assets/Article-B9OuPHzb.js                                  1.31 kB │ gzip:   0.55 kB
dist/assets/Article-BC2wlhKm2.js                                 1.31 kB │ gzip:   0.54 kB
dist/assets/Article-BKr2AZZ2.js                                  1.31 kB │ gzip:   0.53 kB
dist/assets/Article-BNYH0URT2.js                                 1.31 kB │ gzip:   0.53 kB
dist/assets/Article-BOJbEsGU4.js                                 1.31 kB │ gzip:   0.55 kB
dist/assets/Article-BsHTF-N0.js                                  1.31 kB │ gzip:   0.55 kB
dist/assets/Article-Bu67MOt24.js                                 1.31 kB │ gzip:   0.53 kB
dist/assets/Article-CByteV9U3.js                                 1.31 kB │ gzip:   0.54 kB
dist/assets/Article-Ci51Uqyx2.js                                 1.31 kB │ gzip:   0.54 kB
dist/assets/Article-CoLJBTth3.js                                 1.31 kB │ gzip:   0.53 kB
dist/assets/Article-CunfCrjD4.js                                 1.31 kB │ gzip:   0.54 kB
dist/assets/Article-D7FYpz9o2.js                                 1.31 kB │ gzip:   0.54 kB
dist/assets/Article-DFjs4hNo.js                                  1.31 kB │ gzip:   0.53 kB
dist/assets/Article-DVljT8FB3.js                                 1.31 kB │ gzip:   0.54 kB
dist/assets/Article-DfF4RZpz.js                                  1.31 kB │ gzip:   0.53 kB
dist/assets/Article-DjmnjiW3.js                                  1.31 kB │ gzip:   0.53 kB
dist/assets/Article-Dy-_L0ab2.js                                 1.31 kB │ gzip:   0.54 kB
dist/assets/Article-ppDBU_2t.js                                  1.31 kB │ gzip:   0.54 kB
dist/assets/Article-yjA_otDf4.js                                 1.31 kB │ gzip:   0.53 kB
dist/assets/Article-1UHW0S1L4.js                                 1.31 kB │ gzip:   0.53 kB
dist/assets/Article-B5Virap7.js                                  1.31 kB │ gzip:   0.53 kB
dist/assets/Article-BFowjo-a2.js                                 1.31 kB │ gzip:   0.54 kB
dist/assets/Article-BH7sIH3F.js                                  1.31 kB │ gzip:   0.53 kB
dist/assets/Article-BIL_egaA2.js                                 1.31 kB │ gzip:   0.54 kB
dist/assets/Article-BNzOZZba3.js                                 1.31 kB │ gzip:   0.53 kB
dist/assets/Article-BmXYSWVo3.js                                 1.31 kB │ gzip:   0.53 kB
dist/assets/Article-BoEBxU5k.js                                  1.31 kB │ gzip:   0.54 kB
dist/assets/Article-Bq5yKvgW2.js                                 1.31 kB │ gzip:   0.54 kB
dist/assets/Article-ByB8d4U6.js                                  1.31 kB │ gzip:   0.53 kB
dist/assets/Article-C0Lc0Loo2.js                                 1.31 kB │ gzip:   0.53 kB
dist/assets/Article-COJi9sew4.js                                 1.31 kB │ gzip:   0.53 kB
dist/assets/Article-COWohCGY.js                                  1.31 kB │ gzip:   0.54 kB
dist/assets/Article-CXd9Wqep4.js                                 1.31 kB │ gzip:   0.53 kB
dist/assets/Article-CYW1dUnT.js                                  1.31 kB │ gzip:   0.55 kB
dist/assets/Article-CaC0Cei93.js                                 1.31 kB │ gzip:   0.53 kB
dist/assets/Article-CihL8K0Y4.js                                 1.31 kB │ gzip:   0.54 kB
dist/assets/Article-ClE-_wrD2.js                                 1.31 kB │ gzip:   0.53 kB
dist/assets/Article-Cq4doxGo2.js                                 1.31 kB │ gzip:   0.55 kB
dist/assets/Article-D43WTP263.js                                 1.31 kB │ gzip:   0.53 kB
dist/assets/Article-DAQoqTD92.js                                 1.31 kB │ gzip:   0.54 kB
dist/assets/Article-DBY-WVki3.js                                 1.31 kB │ gzip:   0.53 kB
dist/assets/Article-DGw3wv8t2.js                                 1.31 kB │ gzip:   0.53 kB
dist/assets/Article-DL5aAEJU3.js                                 1.31 kB │ gzip:   0.54 kB
dist/assets/Article-DS9TMFeM.js                                  1.31 kB │ gzip:   0.53 kB
dist/assets/Article-Dk0Gf5YO2.js                                 1.31 kB │ gzip:   0.53 kB
dist/assets/Article-DtEP7oqf3.js                                 1.31 kB │ gzip:   0.53 kB
dist/assets/Article-Kn5Zxv1e.js                                  1.31 kB │ gzip:   0.53 kB
dist/assets/Article-UYJFBJDt.js                                  1.31 kB │ gzip:   0.53 kB
dist/assets/Article-Y0dcO97H2.js                                 1.31 kB │ gzip:   0.53 kB
dist/assets/Article-gOQRCtHq.js                                  1.31 kB │ gzip:   0.53 kB
dist/assets/Article-v3SJZJE_3.js                                 1.31 kB │ gzip:   0.53 kB
dist/assets/Article-3TYrFqQe2.js                                 1.31 kB │ gzip:   0.54 kB
dist/assets/Article-B4eb1sRP3.js                                 1.31 kB │ gzip:   0.54 kB
dist/assets/Article-CMbCNAiE2.js                                 1.31 kB │ gzip:   0.53 kB
dist/assets/Article-CjQhhsh3.js                                  1.31 kB │ gzip:   0.55 kB
dist/assets/Article-DuSjt_tU2.js                                 1.31 kB │ gzip:   0.53 kB
dist/assets/Article-snQFXWFu4.js                                 1.31 kB │ gzip:   0.54 kB
dist/assets/Article-A8ia9UGU3.js                                 1.31 kB │ gzip:   0.53 kB
dist/assets/Article-B4b_jtPq.js                                  1.31 kB │ gzip:   0.55 kB
dist/assets/Article-BSkSRWfu3.js                                 1.31 kB │ gzip:   0.55 kB
dist/assets/Article-CDvmYFYA.js                                  1.31 kB │ gzip:   0.53 kB
dist/assets/Article-CIx5Yu5H.js                                  1.31 kB │ gzip:   0.53 kB
dist/assets/Article-CKRPmSZJ.js                                  1.31 kB │ gzip:   0.53 kB
dist/assets/Article-CVE-QBIu.js                                  1.31 kB │ gzip:   0.55 kB
dist/assets/Article-D71fhaQm4.js                                 1.31 kB │ gzip:   0.55 kB
dist/assets/Article-DF7W-HzL.js                                  1.31 kB │ gzip:   0.54 kB
dist/assets/Article-DUNYMjNd4.js                                 1.31 kB │ gzip:   0.55 kB
dist/assets/Article-hC1y3v9E3.js                                 1.31 kB │ gzip:   0.53 kB
dist/assets/Article-1rPn58p_.js                                  1.31 kB │ gzip:   0.54 kB
dist/assets/Article-BMarH7v82.js                                 1.31 kB │ gzip:   0.54 kB
dist/assets/Article-BkRme5tc.js                                  1.31 kB │ gzip:   0.55 kB
dist/assets/Article-BrE9W38D2.js                                 1.31 kB │ gzip:   0.54 kB
dist/assets/Article-BsrIEIUa3.js                                 1.31 kB │ gzip:   0.55 kB
dist/assets/Article-BwQI4QJ92.js                                 1.31 kB │ gzip:   0.55 kB
dist/assets/Article-By7Hc3_62.js                                 1.31 kB │ gzip:   0.55 kB
dist/assets/Article-C5Wk4XRL.js                                  1.31 kB │ gzip:   0.55 kB
dist/assets/Article-CEVSvVtp4.js                                 1.31 kB │ gzip:   0.54 kB
dist/assets/Article-CKqA8sru2.js                                 1.31 kB │ gzip:   0.54 kB
dist/assets/Article-CScDa8e72.js                                 1.31 kB │ gzip:   0.54 kB
dist/assets/Article-CdkGYz712.js                                 1.31 kB │ gzip:   0.54 kB
dist/assets/Article-CwkTdl0f2.js                                 1.31 kB │ gzip:   0.54 kB
dist/assets/Article-DTh6aEN-3.js                                 1.31 kB │ gzip:   0.55 kB
dist/assets/Article-DXWLxfse.js                                  1.31 kB │ gzip:   0.53 kB
dist/assets/Article-DufglyOI2.js                                 1.31 kB │ gzip:   0.54 kB
dist/assets/Article-xIGZRN9T2.js                                 1.31 kB │ gzip:   0.54 kB
dist/assets/Article-yIQpBIC_2.js                                 1.31 kB │ gzip:   0.54 kB
dist/assets/Article-4qNuZLyZ.js                                  1.32 kB │ gzip:   0.53 kB
dist/assets/Article-6DRB1vBS2.js                                 1.32 kB │ gzip:   0.55 kB
dist/assets/Article-BU3cAXAi.js                                  1.32 kB │ gzip:   0.54 kB
dist/assets/Article-CA42YzRX2.js                                 1.32 kB │ gzip:   0.54 kB
dist/assets/Article-CYPYtKse4.js                                 1.32 kB │ gzip:   0.55 kB
dist/assets/Article-DDC1RihO.js                                  1.32 kB │ gzip:   0.53 kB
dist/assets/Article-DTmzvTRF4.js                                 1.32 kB │ gzip:   0.53 kB
dist/assets/Article-DfN8-YJY2.js                                 1.32 kB │ gzip:   0.53 kB
dist/assets/Article-DjgXU-zA.js                                  1.32 kB │ gzip:   0.53 kB
dist/assets/Article-DmYOO_jy3.js                                 1.32 kB │ gzip:   0.54 kB
dist/assets/Article-DpuMRx8u.js                                  1.32 kB │ gzip:   0.53 kB
dist/assets/Article-DqynXJGE2.js                                 1.32 kB │ gzip:   0.54 kB
dist/assets/Article-IBw3-MBK2.js                                 1.32 kB │ gzip:   0.53 kB
dist/assets/Article-RfG-DvDz2.js                                 1.32 kB │ gzip:   0.54 kB
dist/assets/Article-i_GpfSfe.js                                  1.32 kB │ gzip:   0.53 kB
dist/assets/Article-s0zprCR72.js                                 1.32 kB │ gzip:   0.55 kB
dist/assets/Article-y3a_qjXI2.js                                 1.32 kB │ gzip:   0.54 kB
dist/assets/Article--WW17Bxz.js                                  1.32 kB │ gzip:   0.53 kB
dist/assets/Article-6RX7YcqH.js                                  1.32 kB │ gzip:   0.53 kB
dist/assets/Article-9yruGAc02.js                                 1.32 kB │ gzip:   0.53 kB
dist/assets/Article-B9rsJ9ZZ3.js                                 1.32 kB │ gzip:   0.53 kB
dist/assets/Article-BQzaPIRf2.js                                 1.32 kB │ gzip:   0.55 kB
dist/assets/Article-BR59meDw3.js                                 1.32 kB │ gzip:   0.53 kB
dist/assets/Article-Bf3Dmlcm2.js                                 1.32 kB │ gzip:   0.54 kB
dist/assets/Article-BgvE4gLJ.js                                  1.32 kB │ gzip:   0.54 kB
dist/assets/Article-C3O9KR9W2.js                                 1.32 kB │ gzip:   0.53 kB
dist/assets/Article-CEvP6hby3.js                                 1.32 kB │ gzip:   0.53 kB
dist/assets/Article-CJSRQaa8.js                                  1.32 kB │ gzip:   0.53 kB
dist/assets/Article-CSutWB2p3.js                                 1.32 kB │ gzip:   0.53 kB
dist/assets/Article-CuA00mIc.js                                  1.32 kB │ gzip:   0.54 kB
dist/assets/Article-D3m_O4WC3.js                                 1.32 kB │ gzip:   0.54 kB
dist/assets/Article-DPx3rEFv3.js                                 1.32 kB │ gzip:   0.53 kB
dist/assets/Article-DUY_z-f82.js                                 1.32 kB │ gzip:   0.53 kB
dist/assets/Article-DXvGrBzG.js                                  1.32 kB │ gzip:   0.53 kB
dist/assets/Article-DghE1TAD.js                                  1.32 kB │ gzip:   0.54 kB
dist/assets/Article-Dj1mkXi3.js                                  1.32 kB │ gzip:   0.53 kB
dist/assets/Article-DxwN5myI3.js                                 1.32 kB │ gzip:   0.53 kB
dist/assets/Article-DzLNzDKg2.js                                 1.32 kB │ gzip:   0.53 kB
dist/assets/Article-NDQ55hQo3.js                                 1.32 kB │ gzip:   0.53 kB
dist/assets/Article-vZ1sxEPS3.js                                 1.32 kB │ gzip:   0.54 kB
dist/assets/Article-DQBD3fwA3.js                                 1.32 kB │ gzip:   0.55 kB
dist/assets/Article-B_2JAzdZ.js                                  1.32 kB │ gzip:   0.53 kB
dist/assets/Article-BiYSDdAg4.js                                 1.32 kB │ gzip:   0.53 kB
dist/assets/Article-CllL2l_o.js                                  1.32 kB │ gzip:   0.53 kB
dist/assets/Article-DCJ6fbQ62.js                                 1.32 kB │ gzip:   0.54 kB
dist/assets/Article-DF5LoawD4.js                                 1.32 kB │ gzip:   0.54 kB
dist/assets/Article-DLvEbC1u.js                                  1.32 kB │ gzip:   0.53 kB
dist/assets/Article-DalGQc7w4.js                                 1.32 kB │ gzip:   0.55 kB
dist/assets/Article-DqRnrR8d.js                                  1.32 kB │ gzip:   0.53 kB
dist/assets/Article-s0YUB75b.js                                  1.32 kB │ gzip:   0.53 kB
dist/assets/Article-tNJ8vfNd2.js                                 1.32 kB │ gzip:   0.54 kB
dist/assets/Article-B74eOEnR2.js                                 1.32 kB │ gzip:   0.54 kB
dist/assets/Article-DwjA0LbD3.js                                 1.32 kB │ gzip:   0.53 kB
dist/assets/Article-Mb7DPrJF4.js                                 1.32 kB │ gzip:   0.54 kB
dist/assets/Article-BhnN_qUa4.js                                 1.32 kB │ gzip:   0.54 kB
dist/assets/Article-BzPIEptt3.js                                 1.32 kB │ gzip:   0.53 kB
dist/assets/Article-C77hUHH14.js                                 1.32 kB │ gzip:   0.54 kB
dist/assets/Article-CVuCfOzK.js                                  1.32 kB │ gzip:   0.53 kB
dist/assets/Article-CcvjOskA3.js                                 1.32 kB │ gzip:   0.53 kB
dist/assets/Article-CyuuZzTE3.js                                 1.32 kB │ gzip:   0.54 kB
dist/assets/Article-D5NuABzS2.js                                 1.32 kB │ gzip:   0.53 kB
dist/assets/Article-DFctXeW4.js                                  1.32 kB │ gzip:   0.55 kB
dist/assets/Article-HO0qLZD03.js                                 1.32 kB │ gzip:   0.55 kB
dist/assets/Article-qRa6QVHo4.js                                 1.32 kB │ gzip:   0.53 kB
dist/assets/Article-2ysFz9R8.js                                  1.32 kB │ gzip:   0.53 kB
dist/assets/Article-BLJn58QB3.js                                 1.32 kB │ gzip:   0.53 kB
dist/assets/Article-BVFZTz582.js                                 1.32 kB │ gzip:   0.53 kB
dist/assets/Article-BtDHEKls.js                                  1.32 kB │ gzip:   0.53 kB
dist/assets/Article-CNafUb5W2.js                                 1.32 kB │ gzip:   0.53 kB
dist/assets/Article-CmdPiUU-.js                                  1.32 kB │ gzip:   0.53 kB
dist/assets/Article-CosIL_1i4.js                                 1.32 kB │ gzip:   0.53 kB
dist/assets/Article-Czi7t1vh.js                                  1.32 kB │ gzip:   0.54 kB
dist/assets/Article-DJ1CvpOR4.js                                 1.32 kB │ gzip:   0.53 kB
dist/assets/Article-DLfLQfBt.js                                  1.32 kB │ gzip:   0.55 kB
dist/assets/Article-Duebi5Q92.js                                 1.32 kB │ gzip:   0.53 kB
dist/assets/Article-9EI20ELF.js                                  1.32 kB │ gzip:   0.55 kB
dist/assets/Article-C2XOwtpd4.js                                 1.32 kB │ gzip:   0.54 kB
dist/assets/Article-C51X5SaC.js                                  1.32 kB │ gzip:   0.54 kB
dist/assets/Article-CDQqwtDQ.js                                  1.32 kB │ gzip:   0.54 kB
dist/assets/Article-COlgd50u2.js                                 1.32 kB │ gzip:   0.54 kB
dist/assets/Article-CWVpvrGs.js                                  1.32 kB │ gzip:   0.54 kB
dist/assets/Article-Cj_W4RNy.js                                  1.32 kB │ gzip:   0.53 kB
dist/assets/Article-CydulPax2.js                                 1.32 kB │ gzip:   0.54 kB
dist/assets/Article-D31xxMXV2.js                                 1.32 kB │ gzip:   0.55 kB
dist/assets/Article-3VfjtTVT.js                                  1.32 kB │ gzip:   0.55 kB
dist/assets/Article-BsYwwTMZ2.js                                 1.32 kB │ gzip:   0.53 kB
dist/assets/Article-CJS8LVTe2.js                                 1.32 kB │ gzip:   0.53 kB
dist/assets/Article-COX_wBOr3.js                                 1.32 kB │ gzip:   0.53 kB
dist/assets/Article-CcGLeZc13.js                                 1.32 kB │ gzip:   0.53 kB
dist/assets/Article-CnyIMKgW.js                                  1.32 kB │ gzip:   0.53 kB
dist/assets/Article-Ctts6qhz3.js                                 1.32 kB │ gzip:   0.54 kB
dist/assets/Article-CzUde-J22.js                                 1.32 kB │ gzip:   0.55 kB
dist/assets/Article-DJIivwAt.js                                  1.32 kB │ gzip:   0.55 kB
dist/assets/Article-JQXFI9GQ3.js                                 1.32 kB │ gzip:   0.53 kB
dist/assets/Article-VGPG0QC93.js                                 1.32 kB │ gzip:   0.53 kB
dist/assets/Article-f3Bc50y24.js                                 1.32 kB │ gzip:   0.55 kB
dist/assets/Article-xgGahgpI.js                                  1.32 kB │ gzip:   0.54 kB
dist/assets/Article-BeTk9f3y2.js                                 1.32 kB │ gzip:   0.54 kB
dist/assets/Article-BhBRUw1w4.js                                 1.32 kB │ gzip:   0.54 kB
dist/assets/Article-BkPYTp3G3.js                                 1.32 kB │ gzip:   0.54 kB
dist/assets/Article-BoMJnSi3.js                                  1.32 kB │ gzip:   0.54 kB
dist/assets/Article-DNsMyzs_4.js                                 1.32 kB │ gzip:   0.54 kB
dist/assets/Article-VRNHgsJi.js                                  1.32 kB │ gzip:   0.54 kB
dist/assets/Article--t2i-ash2.js                                 1.33 kB │ gzip:   0.55 kB
dist/assets/Article-1bqMxFn03.js                                 1.33 kB │ gzip:   0.53 kB
dist/assets/Article-BFGiGsMT3.js                                 1.33 kB │ gzip:   0.53 kB
dist/assets/Article-C5jNMwpA3.js                                 1.33 kB │ gzip:   0.53 kB
dist/assets/Article-D0-o9sAZ2.js                                 1.33 kB │ gzip:   0.53 kB
dist/assets/Article-DBOc6pBu2.js                                 1.33 kB │ gzip:   0.53 kB
dist/assets/Article-DEUZf4aC.js                                  1.33 kB │ gzip:   0.53 kB
dist/assets/Article-F99padeP.js                                  1.33 kB │ gzip:   0.55 kB
dist/assets/Article-BIh6m1DV3.js                                 1.33 kB │ gzip:   0.53 kB
dist/assets/Article-BjQ59j6G3.js                                 1.33 kB │ gzip:   0.53 kB
dist/assets/Article-Byp1pjoX.js                                  1.33 kB │ gzip:   0.53 kB
dist/assets/Article-CSJ9z2ez3.js                                 1.33 kB │ gzip:   0.53 kB
dist/assets/Article-Ct4mEVz04.js                                 1.33 kB │ gzip:   0.54 kB
dist/assets/Article-D4XcXtov2.js                                 1.33 kB │ gzip:   0.55 kB
dist/assets/Article-DSNHD32t2.js                                 1.33 kB │ gzip:   0.54 kB
dist/assets/Article-DSg7B4aJ.js                                  1.33 kB │ gzip:   0.53 kB
dist/assets/Article-KvcGc2wr4.js                                 1.33 kB │ gzip:   0.55 kB
dist/assets/Article-QdOzReM13.js                                 1.33 kB │ gzip:   0.53 kB
dist/assets/Article-W2wYKhhq4.js                                 1.33 kB │ gzip:   0.54 kB
dist/assets/Article-iPnH0p0W3.js                                 1.33 kB │ gzip:   0.53 kB
dist/assets/Article-CpG1K8Kj.js                                  1.33 kB │ gzip:   0.54 kB
dist/assets/Article-oWIQYxNq4.js                                 1.33 kB │ gzip:   0.55 kB
dist/assets/Article-B6051AcN3.js                                 1.33 kB │ gzip:   0.53 kB
dist/assets/Article-BpHrY1f1.js                                  1.33 kB │ gzip:   0.53 kB
dist/assets/Article-CMz3pnN03.js                                 1.33 kB │ gzip:   0.53 kB
dist/assets/Article-CQkFIX5Q3.js                                 1.33 kB │ gzip:   0.53 kB
dist/assets/Article-Cl8CuJZg2.js                                 1.33 kB │ gzip:   0.53 kB
dist/assets/Article-D413tgtX.js                                  1.33 kB │ gzip:   0.53 kB
dist/assets/Article-DCdyzVlW2.js                                 1.33 kB │ gzip:   0.54 kB
dist/assets/Article-DkiCma_M3.js                                 1.33 kB │ gzip:   0.55 kB
dist/assets/Article-Dn_nebgo2.js                                 1.33 kB │ gzip:   0.54 kB
dist/assets/Article-G5A1-mKZ2.js                                 1.33 kB │ gzip:   0.55 kB
dist/assets/Article-eS7GIAo2.js                                  1.33 kB │ gzip:   0.54 kB
dist/assets/Article-ASYjjdPY2.js                                 1.33 kB │ gzip:   0.55 kB
dist/assets/Article-h9n_dMs2.js                                  1.33 kB │ gzip:   0.55 kB
dist/assets/Article-BMimxwpz2.js                                 1.33 kB │ gzip:   0.55 kB
dist/assets/Article-BZUA0Pa-.js                                  1.33 kB │ gzip:   0.54 kB
dist/assets/Article-CNMK_iOg3.js                                 1.33 kB │ gzip:   0.54 kB
dist/assets/Article-Cu6ImeoB2.js                                 1.33 kB │ gzip:   0.53 kB
dist/assets/Article-D0l36kaG2.js                                 1.33 kB │ gzip:   0.54 kB
dist/assets/Article-D1L2QiFk2.js                                 1.33 kB │ gzip:   0.54 kB
dist/assets/Article-DGtAYG8A2.js                                 1.33 kB │ gzip:   0.55 kB
dist/assets/Article-DOnrq1tD2.js                                 1.33 kB │ gzip:   0.53 kB
dist/assets/Article-DhbZ27pi2.js                                 1.33 kB │ gzip:   0.53 kB
dist/assets/Article-DwOYbmkP4.js                                 1.33 kB │ gzip:   0.53 kB
dist/assets/Article-6P77y4W_2.js                                 1.33 kB │ gzip:   0.53 kB
dist/assets/Article-BZO1LQP-.js                                  1.33 kB │ gzip:   0.55 kB
dist/assets/Article-BbEtDcvX.js                                  1.33 kB │ gzip:   0.53 kB
dist/assets/Article-BwRWOSPS.js                                  1.33 kB │ gzip:   0.53 kB
dist/assets/Article-CWpA5Gyl2.js                                 1.33 kB │ gzip:   0.54 kB
dist/assets/Article-DHmPtxHP3.js                                 1.33 kB │ gzip:   0.54 kB
dist/assets/Article-DUa_96uF4.js                                 1.33 kB │ gzip:   0.54 kB
dist/assets/Article-D_NZZGTY.js                                  1.33 kB │ gzip:   0.54 kB
dist/assets/Article-Do4RJ5_13.js                                 1.33 kB │ gzip:   0.54 kB
dist/assets/Article-YJD6K-qH3.js                                 1.33 kB │ gzip:   0.54 kB
dist/assets/Article-wBFhFbaQ2.js                                 1.33 kB │ gzip:   0.54 kB
dist/assets/Article-BCwV6syk2.js                                 1.33 kB │ gzip:   0.54 kB
dist/assets/Article-BRcUHrd83.js                                 1.33 kB │ gzip:   0.53 kB
dist/assets/Article-DRN-sWI_.js                                  1.33 kB │ gzip:   0.53 kB
dist/assets/Article-CKRAbe3Q2.js                                 1.33 kB │ gzip:   0.54 kB
dist/assets/Article-DbS6kMqB.js                                  1.33 kB │ gzip:   0.54 kB
dist/assets/Article-cjmqWsRY4.js                                 1.33 kB │ gzip:   0.54 kB
dist/assets/Article-B-joDDzj2.js                                 1.34 kB │ gzip:   0.53 kB
dist/assets/Article-BHVlH-Zg3.js                                 1.34 kB │ gzip:   0.54 kB
dist/assets/Article-Cshehww9.js                                  1.34 kB │ gzip:   0.53 kB
dist/assets/Article-aY7_ZTjb3.js                                 1.34 kB │ gzip:   0.55 kB
dist/assets/Article-loLtiwM82.js                                 1.34 kB │ gzip:   0.54 kB
dist/assets/Article-xlDijCMs3.js                                 1.34 kB │ gzip:   0.54 kB
dist/assets/Article--qifKsZG2.js                                 1.34 kB │ gzip:   0.54 kB
dist/assets/Article-C4bTuE4O.js                                  1.34 kB │ gzip:   0.54 kB
dist/assets/Article-CV2SNvwC3.js                                 1.34 kB │ gzip:   0.54 kB
dist/assets/Article-DXG4HAOh4.js                                 1.34 kB │ gzip:   0.54 kB
dist/assets/Article-nqpCpe8G3.js                                 1.34 kB │ gzip:   0.53 kB
dist/assets/Article-Dg25Z-DC4.js                                 1.34 kB │ gzip:   0.55 kB
dist/assets/Article-Bf92dIsv2.js                                 1.34 kB │ gzip:   0.55 kB
dist/assets/Article-BqqJYgEL.js                                  1.34 kB │ gzip:   0.53 kB
dist/assets/Article-Ca86K8S1.js                                  1.34 kB │ gzip:   0.54 kB
dist/assets/Article-Cn1XRVas.js                                  1.34 kB │ gzip:   0.55 kB
dist/assets/Article-C1WlB2jt.js                                  1.34 kB │ gzip:   0.55 kB
dist/assets/Article-CBQdVfQE4.js                                 1.34 kB │ gzip:   0.55 kB
dist/assets/Article-DEfeNcFe2.js                                 1.34 kB │ gzip:   0.55 kB
dist/assets/Article-dn3GhEC52.js                                 1.34 kB │ gzip:   0.55 kB
dist/assets/Article-B2ScCuM1.js                                  1.34 kB │ gzip:   0.53 kB
dist/assets/Article-B98fmBGk4.js                                 1.34 kB │ gzip:   0.55 kB
dist/assets/Article-CWublC3t2.js                                 1.34 kB │ gzip:   0.55 kB
dist/assets/Article-C_vkQMNl4.js                                 1.34 kB │ gzip:   0.54 kB
dist/assets/Article-CirbKN724.js                                 1.34 kB │ gzip:   0.55 kB
dist/assets/Article-DCqbsp-z2.js                                 1.34 kB │ gzip:   0.55 kB
dist/assets/Article--xmBj0tp4.js                                 1.34 kB │ gzip:   0.53 kB
dist/assets/Article-B824w2_U4.js                                 1.34 kB │ gzip:   0.53 kB
dist/assets/Article-BiVRYZ4k2.js                                 1.34 kB │ gzip:   0.53 kB
dist/assets/Article-Bo2ILSJy2.js                                 1.34 kB │ gzip:   0.54 kB
dist/assets/Article-DD6620sY3.js                                 1.34 kB │ gzip:   0.54 kB
dist/assets/Article-DIHrvxI83.js                                 1.34 kB │ gzip:   0.55 kB
dist/assets/Article-E3iwYWur3.js                                 1.34 kB │ gzip:   0.53 kB
dist/assets/Article-Ub5ppiDF.js                                  1.34 kB │ gzip:   0.54 kB
dist/assets/Article-6MBcA4qU2.js                                 1.34 kB │ gzip:   0.55 kB
dist/assets/Article-YczC30VJ.js                                  1.34 kB │ gzip:   0.54 kB
dist/assets/Article-aNLQADxU.js                                  1.34 kB │ gzip:   0.53 kB
dist/assets/Article-ASbKBbmO4.js                                 1.34 kB │ gzip:   0.55 kB
dist/assets/Article-BEloFKZQ.js                                  1.34 kB │ gzip:   0.54 kB
dist/assets/Article-BjEl6Km12.js                                 1.34 kB │ gzip:   0.56 kB
dist/assets/Article-CmCV5BFv2.js                                 1.34 kB │ gzip:   0.55 kB
dist/assets/Article-DuICUt9U2.js                                 1.34 kB │ gzip:   0.54 kB
dist/assets/Article-qYrTO78h3.js                                 1.34 kB │ gzip:   0.54 kB
dist/assets/Article-BNW8rYb63.js                                 1.35 kB │ gzip:   0.54 kB
dist/assets/Article-1Rb5iEAz4.js                                 1.35 kB │ gzip:   0.54 kB
dist/assets/Article-5U9Hcpp6.js                                  1.35 kB │ gzip:   0.54 kB
dist/assets/Article-Bkp00zA93.js                                 1.35 kB │ gzip:   0.56 kB
dist/assets/Article-DWfug8IF2.js                                 1.35 kB │ gzip:   0.54 kB
dist/assets/Article-CwaP3rGx3.js                                 1.35 kB │ gzip:   0.55 kB
dist/assets/Article-genuL8xs3.js                                 1.35 kB │ gzip:   0.53 kB
dist/assets/Article-DSxaB8LK.js                                  1.35 kB │ gzip:   0.55 kB
dist/assets/Article-ephzCh4b4.js                                 1.35 kB │ gzip:   0.56 kB
dist/assets/Article--7elB6yZ3.js                                 1.35 kB │ gzip:   0.54 kB
dist/assets/Article-B0BOQKmg3.js                                 1.35 kB │ gzip:   0.54 kB
dist/assets/Article-BzLJAg7D2.js                                 1.35 kB │ gzip:   0.53 kB
dist/assets/Article-CWPwfDCd2.js                                 1.35 kB │ gzip:   0.54 kB
dist/assets/Article-CaHgrBV94.js                                 1.35 kB │ gzip:   0.53 kB
dist/assets/Article-ChcfqGcd3.js                                 1.35 kB │ gzip:   0.54 kB
dist/assets/Article-DeGC0RNy2.js                                 1.35 kB │ gzip:   0.54 kB
dist/assets/Article-uJrRySSO2.js                                 1.35 kB │ gzip:   0.56 kB
dist/assets/Article-CZxaCfPU2.js                                 1.35 kB │ gzip:   0.54 kB
dist/assets/Article-BGOYDzII.js                                  1.35 kB │ gzip:   0.55 kB
dist/assets/Article-CdGAIOrR2.js                                 1.35 kB │ gzip:   0.53 kB
dist/assets/Article-D2Tdd2UP2.js                                 1.35 kB │ gzip:   0.53 kB
dist/assets/Article-DVfh5ATa3.js                                 1.35 kB │ gzip:   0.53 kB
dist/assets/Article-DxECTjlQ2.js                                 1.35 kB │ gzip:   0.53 kB
dist/assets/Article-Ck-wGLdL.js                                  1.36 kB │ gzip:   0.56 kB
dist/assets/Article-B5hzKJZ23.js                                 1.36 kB │ gzip:   0.53 kB
dist/assets/Article-C0zNlQOy3.js                                 1.36 kB │ gzip:   0.54 kB
dist/assets/Article-CIr8XdKt3.js                                 1.36 kB │ gzip:   0.54 kB
dist/assets/Article-CS5mu8SO2.js                                 1.36 kB │ gzip:   0.55 kB
dist/assets/Article-E1KQhpXt2.js                                 1.36 kB │ gzip:   0.54 kB
dist/assets/Article-VPo7XBo23.js                                 1.36 kB │ gzip:   0.54 kB
dist/assets/Article-mpbWPzqT4.js                                 1.36 kB │ gzip:   0.54 kB
dist/assets/Article-CvHCxUaT2.js                                 1.36 kB │ gzip:   0.54 kB
dist/assets/Article-Cipfdm3e2.js                                 1.36 kB │ gzip:   0.54 kB
dist/assets/Article-eXDgWhMh2.js                                 1.36 kB │ gzip:   0.55 kB
dist/assets/Article-n28w5VAu3.js                                 1.37 kB │ gzip:   0.54 kB
dist/assets/Article-BNg1TU_l3.js                                 1.37 kB │ gzip:   0.54 kB
dist/assets/Article-Cm__wXCb2.js                                 1.37 kB │ gzip:   0.54 kB
dist/assets/Article-BtRBM38c3.js                                 1.37 kB │ gzip:   0.54 kB
dist/assets/InterviewQuestions-CAArAgGn.js                       1.64 kB │ gzip:   0.72 kB
dist/assets/Architecture-o6Ggea5V.js                             1.68 kB │ gzip:   0.71 kB
dist/assets/Architecture-Dx1DWLIH.js                             1.68 kB │ gzip:   0.73 kB
dist/assets/Architecture-BupCYb2x.js                             1.68 kB │ gzip:   0.73 kB
dist/assets/Architecture-CxV5vo8K.js                             1.68 kB │ gzip:   0.73 kB
dist/assets/PracticalGuide-BDR3bqAI.js                           1.68 kB │ gzip:   0.74 kB
dist/assets/Architecture-CrbGIW7N.js                             1.68 kB │ gzip:   0.73 kB
dist/assets/Architecture-DG24l135.js                             1.68 kB │ gzip:   0.73 kB
dist/assets/PracticalGuide-BLFUJnfv.js                           1.68 kB │ gzip:   0.73 kB
dist/assets/PracticalGuide-tS33cEqs.js                           1.68 kB │ gzip:   0.73 kB
dist/assets/Architecture-B_uNg18J.js                             1.69 kB │ gzip:   0.73 kB
dist/assets/Architecture-CPuNMffQ.js                             1.69 kB │ gzip:   0.73 kB
dist/assets/Architecture-DQ930NRQ.js                             1.69 kB │ gzip:   0.73 kB
dist/assets/Introduction-DG_QR1lT.js                             1.69 kB │ gzip:   0.73 kB
dist/assets/Architecture-BR-m9RVg.js                             1.69 kB │ gzip:   0.73 kB
dist/assets/Architecture-qegKexJg.js                             1.69 kB │ gzip:   0.74 kB
dist/assets/CoreConcepts-DZfGMJRH.js                             1.69 kB │ gzip:   0.73 kB
dist/assets/PracticalGuide-43DkT0Jt.js                           1.69 kB │ gzip:   0.74 kB
dist/assets/PracticalGuide-DtXnrmWS.js                           1.69 kB │ gzip:   0.74 kB
dist/assets/Architecture-4ATeHJ9L.js                             1.69 kB │ gzip:   0.73 kB
dist/assets/Architecture-8rBSJNk0.js                             1.69 kB │ gzip:   0.74 kB
dist/assets/Architecture-B5-jhnvQ.js                             1.69 kB │ gzip:   0.74 kB
dist/assets/Introduction-3sUkX3yC.js                             1.69 kB │ gzip:   0.73 kB
dist/assets/Introduction-_ZbZ8u5r.js                             1.69 kB │ gzip:   0.73 kB
dist/assets/PracticalGuide-CKL0gZ9w.js                           1.69 kB │ gzip:   0.74 kB
dist/assets/PracticalGuide-Cz-_B23a.js                           1.69 kB │ gzip:   0.73 kB
dist/assets/PracticalGuide-DojZInoX.js                           1.69 kB │ gzip:   0.74 kB
dist/assets/Architecture-BAh2O9P5.js                             1.69 kB │ gzip:   0.73 kB
dist/assets/Architecture-BaBjMp2H.js                             1.69 kB │ gzip:   0.73 kB
dist/assets/Architecture-Bq8noCeC.js                             1.69 kB │ gzip:   0.73 kB
dist/assets/Architecture-C01REFxu.js                             1.69 kB │ gzip:   0.73 kB
dist/assets/Architecture-CPwEcZ1O.js                             1.69 kB │ gzip:   0.73 kB
dist/assets/CoreConcepts--1_ejESu.js                             1.69 kB │ gzip:   0.72 kB
dist/assets/CoreConcepts-DGE6uXjp.js                             1.69 kB │ gzip:   0.72 kB
dist/assets/PracticalGuide-BIcHbN9U.js                           1.69 kB │ gzip:   0.74 kB
dist/assets/PracticalGuide-DeZqrXZr.js                           1.69 kB │ gzip:   0.74 kB
dist/assets/Architecture-BwVS0D_h.js                             1.69 kB │ gzip:   0.74 kB
dist/assets/Architecture-CQ5Ye8uT.js                             1.69 kB │ gzip:   0.74 kB
dist/assets/Architecture-DRVLCkQo.js                             1.69 kB │ gzip:   0.74 kB
dist/assets/Architecture-SScxMCSs.js                             1.69 kB │ gzip:   0.73 kB
dist/assets/Introduction-0UlMg_IL.js                             1.69 kB │ gzip:   0.73 kB
dist/assets/Introduction-BtxUBxPL.js                             1.69 kB │ gzip:   0.73 kB
dist/assets/PracticalGuide-BhKbJcUG.js                           1.69 kB │ gzip:   0.74 kB
dist/assets/PracticalGuide-CSy6g8YF.js                           1.69 kB │ gzip:   0.74 kB
dist/assets/PracticalGuide-Claw5Zea.js                           1.69 kB │ gzip:   0.74 kB
dist/assets/Architecture-BUf1wp5k.js                             1.69 kB │ gzip:   0.74 kB
dist/assets/Architecture-BqThbvmn.js                             1.69 kB │ gzip:   0.74 kB
dist/assets/Architecture-C8c6_qzs.js                             1.69 kB │ gzip:   0.73 kB
dist/assets/Architecture-DCYiUK4T.js                             1.69 kB │ gzip:   0.74 kB
dist/assets/Architecture-DUveBqEy.js                             1.69 kB │ gzip:   0.74 kB
dist/assets/Architecture-TQR1sUlF.js                             1.69 kB │ gzip:   0.73 kB
dist/assets/Architecture-n0S69vsZ.js                             1.69 kB │ gzip:   0.73 kB
dist/assets/BestPractices-BrT8yJsI.js                            1.69 kB │ gzip:   0.74 kB
dist/assets/CoreConcepts-9EhIBj76.js                             1.69 kB │ gzip:   0.73 kB
dist/assets/CoreConcepts-BU__T2ws.js                             1.69 kB │ gzip:   0.72 kB
dist/assets/Introduction-BcCY0fko.js                             1.69 kB │ gzip:   0.73 kB
dist/assets/Introduction-C7TPMvlH.js                             1.69 kB │ gzip:   0.73 kB
dist/assets/Introduction-CCNW96t2.js                             1.69 kB │ gzip:   0.73 kB
dist/assets/PracticalGuide-9iE8w3o8.js                           1.69 kB │ gzip:   0.73 kB
dist/assets/PracticalGuide-BHrT8UzS.js                           1.69 kB │ gzip:   0.74 kB
dist/assets/PracticalGuide-BLocfW3L.js                           1.69 kB │ gzip:   0.74 kB
dist/assets/PracticalGuide-Chc6h60T.js                           1.69 kB │ gzip:   0.74 kB
dist/assets/PracticalGuide-Ck7k4Z8Y.js                           1.69 kB │ gzip:   0.73 kB
dist/assets/Architecture-268927QI.js                             1.69 kB │ gzip:   0.74 kB
dist/assets/Architecture-Ce0K0AHX.js                             1.69 kB │ gzip:   0.74 kB
dist/assets/Architecture-CwQgh5x_.js                             1.69 kB │ gzip:   0.74 kB
dist/assets/Architecture-DR08AnFP.js                             1.69 kB │ gzip:   0.74 kB
dist/assets/Architecture-miW_FAq1.js                             1.69 kB │ gzip:   0.74 kB
dist/assets/CoreConcepts-BRUaJs5v.js                             1.69 kB │ gzip:   0.73 kB
dist/assets/CoreConcepts-BhGxW3xn.js                             1.69 kB │ gzip:   0.73 kB
dist/assets/CoreConcepts-C6x9ncTM.js                             1.69 kB │ gzip:   0.72 kB
dist/assets/Introduction-D9bTOzui.js                             1.69 kB │ gzip:   0.74 kB
dist/assets/Introduction-_6DTlIaE.js                             1.69 kB │ gzip:   0.73 kB
dist/assets/PracticalGuide-BQCy9pv0.js                           1.69 kB │ gzip:   0.74 kB
dist/assets/PracticalGuide-BSwf7U-d.js                           1.69 kB │ gzip:   0.73 kB
dist/assets/PracticalGuide-BW4kn_YP.js                           1.69 kB │ gzip:   0.74 kB
dist/assets/PracticalGuide-BxnJjI5i.js                           1.69 kB │ gzip:   0.74 kB
dist/assets/Architecture-8ryva4w0.js                             1.69 kB │ gzip:   0.74 kB
dist/assets/Architecture-B2LGw288.js                             1.69 kB │ gzip:   0.74 kB
dist/assets/Architecture-BOPnD9na.js                             1.69 kB │ gzip:   0.74 kB
dist/assets/Architecture-DLA3Cu8x.js                             1.69 kB │ gzip:   0.74 kB
dist/assets/Architecture-DeiBxytT.js                             1.69 kB │ gzip:   0.73 kB
dist/assets/BestPractices-Bmiejefw.js                            1.69 kB │ gzip:   0.73 kB
dist/assets/BestPractices-C7jrdkyg.js                            1.69 kB │ gzip:   0.73 kB
dist/assets/CoreConcepts-DSX9vwyy.js                             1.69 kB │ gzip:   0.73 kB
dist/assets/CoreConcepts-DwOiPhXf.js                             1.69 kB │ gzip:   0.73 kB
dist/assets/InterviewQuestions-Bef5pxm0.js                       1.69 kB │ gzip:   0.74 kB
dist/assets/Introduction-ChmnwyMx.js                             1.69 kB │ gzip:   0.73 kB
dist/assets/Introduction-DNfiwij-.js                             1.69 kB │ gzip:   0.73 kB
dist/assets/Introduction-D_CCnOGH.js                             1.69 kB │ gzip:   0.74 kB
dist/assets/PracticalGuide-B4qnySDP.js                           1.69 kB │ gzip:   0.74 kB
dist/assets/PracticalGuide-BIad28xm.js                           1.69 kB │ gzip:   0.74 kB
dist/assets/PracticalGuide-BZgnONEY.js                           1.69 kB │ gzip:   0.74 kB
dist/assets/PracticalGuide-CP8L6_cN.js                           1.69 kB │ gzip:   0.74 kB
dist/assets/PracticalGuide-CUDzXWr4.js                           1.69 kB │ gzip:   0.74 kB
dist/assets/PracticalGuide-D8ZG3SyU.js                           1.69 kB │ gzip:   0.74 kB
dist/assets/PracticalGuide-DGUbwa5X.js                           1.69 kB │ gzip:   0.74 kB
dist/assets/Architecture-BQTl-daz.js                             1.69 kB │ gzip:   0.74 kB
dist/assets/Architecture-BnRko2QX.js                             1.69 kB │ gzip:   0.74 kB
dist/assets/CoreConcepts-CIo5j3z2.js                             1.69 kB │ gzip:   0.73 kB
dist/assets/CoreConcepts-Cl1782rI.js                             1.69 kB │ gzip:   0.73 kB
dist/assets/CoreConcepts-DVPizW5z.js                             1.69 kB │ gzip:   0.73 kB
dist/assets/Introduction-B3QGI40h.js                             1.69 kB │ gzip:   0.73 kB
dist/assets/Introduction-CRZobrtl.js                             1.69 kB │ gzip:   0.73 kB
dist/assets/Introduction-CtdcbACk.js                             1.69 kB │ gzip:   0.73 kB
dist/assets/Introduction-lAUDcIOE.js                             1.69 kB │ gzip:   0.73 kB
dist/assets/Introduction-lBPyb7mv.js                             1.69 kB │ gzip:   0.73 kB
dist/assets/PracticalGuide--PxQs6iM.js                           1.69 kB │ gzip:   0.74 kB
dist/assets/PracticalGuide-B-JFkZm5.js                           1.69 kB │ gzip:   0.74 kB
dist/assets/PracticalGuide-Ch6ljW1Y.js                           1.69 kB │ gzip:   0.74 kB
dist/assets/PracticalGuide-Dc0TBszW.js                           1.69 kB │ gzip:   0.74 kB
dist/assets/PracticalGuide-U04IXTJY.js                           1.69 kB │ gzip:   0.74 kB
dist/assets/Architecture-B8LeqBbe.js                             1.69 kB │ gzip:   0.74 kB
dist/assets/Architecture-CoTvxdyQ.js                             1.69 kB │ gzip:   0.74 kB
dist/assets/Architecture-Ct1iWYTx.js                             1.69 kB │ gzip:   0.74 kB
dist/assets/Architecture-Cyb72yWi.js                             1.69 kB │ gzip:   0.74 kB
dist/assets/Architecture-DQi-WfjO.js                             1.69 kB │ gzip:   0.74 kB
dist/assets/Architecture-D_S-0lK22.js                            1.69 kB │ gzip:   0.74 kB
dist/assets/BestPractices-BR6cYE1I.js                            1.69 kB │ gzip:   0.74 kB
dist/assets/BestPractices-DQwnPSfZ.js                            1.69 kB │ gzip:   0.74 kB
dist/assets/CoreConcepts-BfMuMt72.js                             1.69 kB │ gzip:   0.72 kB
dist/assets/CoreConcepts-BjibBV2k.js                             1.69 kB │ gzip:   0.73 kB
dist/assets/CoreConcepts-C3CIhpz7.js                             1.69 kB │ gzip:   0.72 kB
dist/assets/CoreConcepts-CI6n9Nay.js                             1.69 kB │ gzip:   0.73 kB
dist/assets/CoreConcepts-DXFx8eDe.js                             1.69 kB │ gzip:   0.73 kB
dist/assets/InterviewQuestions-CgOgu_DJ.js                       1.69 kB │ gzip:   0.73 kB
dist/assets/InterviewQuestions-DkcFC7DV.js                       1.69 kB │ gzip:   0.73 kB
dist/assets/Introduction-BIKCCECe.js                             1.69 kB │ gzip:   0.74 kB
dist/assets/Introduction-C4myAex3.js                             1.69 kB │ gzip:   0.73 kB
dist/assets/Introduction-CWGFuJ3p.js                             1.69 kB │ gzip:   0.73 kB
dist/assets/Introduction-pe2WEMx7.js                             1.69 kB │ gzip:   0.73 kB
dist/assets/PracticalGuide-B478OZBz.js                           1.69 kB │ gzip:   0.74 kB
dist/assets/PracticalGuide-B9v4iA3r.js                           1.69 kB │ gzip:   0.74 kB
dist/assets/PracticalGuide-BAn0coxp.js                           1.69 kB │ gzip:   0.74 kB
dist/assets/PracticalGuide-C84JURWb.js                           1.69 kB │ gzip:   0.73 kB
dist/assets/PracticalGuide-DdbpL_Wb.js                           1.69 kB │ gzip:   0.74 kB
dist/assets/Architecture-BtcjIgm6.js                             1.70 kB │ gzip:   0.74 kB
dist/assets/Architecture-Cw3AfMs9.js                             1.70 kB │ gzip:   0.74 kB
dist/assets/Architecture-DkWdiYYV.js                             1.70 kB │ gzip:   0.73 kB
dist/assets/Architecture-kY3Q9-8l.js                             1.70 kB │ gzip:   0.74 kB
dist/assets/Architecture-sy25ejKb.js                             1.70 kB │ gzip:   0.74 kB
dist/assets/Architecture-tRPtk_cd.js                             1.70 kB │ gzip:   0.74 kB
dist/assets/BestPractices-CVDr7A-c.js                            1.70 kB │ gzip:   0.73 kB
dist/assets/BestPractices-Czsqyhcf.js                            1.70 kB │ gzip:   0.74 kB
dist/assets/BestPractices-D0oYMcgs.js                            1.70 kB │ gzip:   0.74 kB
dist/assets/CoreConcepts-CSdXcKbn.js                             1.70 kB │ gzip:   0.73 kB
dist/assets/CoreConcepts-CzSnZaD9.js                             1.70 kB │ gzip:   0.73 kB
dist/assets/CoreConcepts-D_Urg3a0.js                             1.70 kB │ gzip:   0.73 kB
dist/assets/CoreConcepts-DiTU6knx.js                             1.70 kB │ gzip:   0.73 kB
dist/assets/Introduction-BFHvIDUR.js                             1.70 kB │ gzip:   0.73 kB
dist/assets/Introduction-CKcd_AZg.js                             1.70 kB │ gzip:   0.73 kB
dist/assets/Introduction-Cjvq3ZM7.js                             1.70 kB │ gzip:   0.73 kB
dist/assets/Introduction-Cu_UbPco.js                             1.70 kB │ gzip:   0.73 kB
dist/assets/Introduction-CzPAS8Ae.js                             1.70 kB │ gzip:   0.73 kB
dist/assets/Introduction-D8LLqtfJ.js                             1.70 kB │ gzip:   0.73 kB
dist/assets/Introduction-DAADIcMm.js                             1.70 kB │ gzip:   0.73 kB
dist/assets/PracticalGuide-Bdqncv4O.js                           1.70 kB │ gzip:   0.74 kB
dist/assets/PracticalGuide-CArbLhVQ.js                           1.70 kB │ gzip:   0.75 kB
dist/assets/Architecture-BYXv_4Fq.js                             1.70 kB │ gzip:   0.74 kB
dist/assets/Architecture-BbztQ2kj.js                             1.70 kB │ gzip:   0.74 kB
dist/assets/Architecture-D0djU4OQ.js                             1.70 kB │ gzip:   0.74 kB
dist/assets/Architecture-DaK5yTtv.js                             1.70 kB │ gzip:   0.74 kB
dist/assets/Architecture-drPsRr_d.js                             1.70 kB │ gzip:   0.73 kB
dist/assets/BestPractices-BVpBmA1a.js                            1.70 kB │ gzip:   0.74 kB
dist/assets/BestPractices-BWavELSg.js                            1.70 kB │ gzip:   0.74 kB
dist/assets/CoreConcepts-2Y-ZDYLa.js                             1.70 kB │ gzip:   0.73 kB
dist/assets/CoreConcepts-B7IE9VcX.js                             1.70 kB │ gzip:   0.73 kB
dist/assets/CoreConcepts-BaNjInGC.js                             1.70 kB │ gzip:   0.73 kB
dist/assets/CoreConcepts-CJLs7mkk.js                             1.70 kB │ gzip:   0.73 kB
dist/assets/CoreConcepts-ChZiycnH.js                             1.70 kB │ gzip:   0.73 kB
dist/assets/CoreConcepts-DR6CleLg.js                             1.70 kB │ gzip:   0.73 kB
dist/assets/CoreConcepts-GfvkgcOI.js                             1.70 kB │ gzip:   0.73 kB
dist/assets/InterviewQuestions-DHfNpiaf.js                       1.70 kB │ gzip:   0.74 kB
dist/assets/InterviewQuestions-DmkGGg8g.js                       1.70 kB │ gzip:   0.74 kB
dist/assets/Introduction-Ca2I9MfK.js                             1.70 kB │ gzip:   0.74 kB
dist/assets/Introduction-CjlwXOqO.js                             1.70 kB │ gzip:   0.74 kB
dist/assets/Introduction-D1euMeWm.js                             1.70 kB │ gzip:   0.73 kB
dist/assets/Introduction-DgFA67B6.js                             1.70 kB │ gzip:   0.74 kB
dist/assets/Introduction-X2en_sor.js                             1.70 kB │ gzip:   0.74 kB
dist/assets/PracticalGuide-BmxHKkJi.js                           1.70 kB │ gzip:   0.74 kB
dist/assets/PracticalGuide-CH9jmdVm.js                           1.70 kB │ gzip:   0.74 kB
dist/assets/PracticalGuide-CKYPRJjs.js                           1.70 kB │ gzip:   0.74 kB
dist/assets/PracticalGuide-CN23pJix.js                           1.70 kB │ gzip:   0.74 kB
dist/assets/PracticalGuide-D-PsRSEm.js                           1.70 kB │ gzip:   0.74 kB
dist/assets/PracticalGuide-DlB9-EN4.js                           1.70 kB │ gzip:   0.74 kB
dist/assets/Architecture-BEMF1uj1.js                             1.70 kB │ gzip:   0.74 kB
dist/assets/Architecture-BasZtDaO.js                             1.70 kB │ gzip:   0.74 kB
dist/assets/Architecture-BnU4niFi.js                             1.70 kB │ gzip:   0.74 kB
dist/assets/Architecture-CurDrBKP.js                             1.70 kB │ gzip:   0.74 kB
dist/assets/Architecture-D8f9Upel.js                             1.70 kB │ gzip:   0.74 kB
dist/assets/Architecture-DU4uyyfB.js                             1.70 kB │ gzip:   0.74 kB
dist/assets/Architecture-DiNTj40R.js                             1.70 kB │ gzip:   0.74 kB
dist/assets/BestPractices-BpsJiA2Y.js                            1.70 kB │ gzip:   0.74 kB
dist/assets/BestPractices-m2x5u9up.js                            1.70 kB │ gzip:   0.74 kB
dist/assets/BestPractices-oBFPV-a9.js                            1.70 kB │ gzip:   0.74 kB
dist/assets/CoreConcepts-BSHXDGdb.js                             1.70 kB │ gzip:   0.73 kB
dist/assets/CoreConcepts-BpEvm_2L.js                             1.70 kB │ gzip:   0.73 kB
dist/assets/CoreConcepts-CLbDq-u3.js                             1.70 kB │ gzip:   0.73 kB
dist/assets/CoreConcepts-C_SIlI40.js                             1.70 kB │ gzip:   0.73 kB
dist/assets/CoreConcepts-D-bWit9H.js                             1.70 kB │ gzip:   0.73 kB
dist/assets/InterviewQuestions-BQ9J5Yjh.js                       1.70 kB │ gzip:   0.74 kB
dist/assets/InterviewQuestions-Df0Y80eJ.js                       1.70 kB │ gzip:   0.73 kB
dist/assets/InterviewQuestions-UWt_bJWt.js                       1.70 kB │ gzip:   0.74 kB
dist/assets/Introduction-BRw6_dKD.js                             1.70 kB │ gzip:   0.73 kB
dist/assets/Introduction-Bu71Rgzg.js                             1.70 kB │ gzip:   0.73 kB
dist/assets/Introduction-CEi3Qshe.js                             1.70 kB │ gzip:   0.73 kB
dist/assets/Introduction-DN3ext_q.js                             1.70 kB │ gzip:   0.74 kB
dist/assets/Introduction-Dv_NgybU.js                             1.70 kB │ gzip:   0.74 kB
dist/assets/PracticalGuide-0bf7bMh5.js                           1.70 kB │ gzip:   0.74 kB
dist/assets/PracticalGuide-BXmk0bBa.js                           1.70 kB │ gzip:   0.74 kB
dist/assets/PracticalGuide-BceYaH0N.js                           1.70 kB │ gzip:   0.74 kB
dist/assets/PracticalGuide-CK9NwKtT.js                           1.70 kB │ gzip:   0.75 kB
dist/assets/PracticalGuide-DhG3LZ19.js                           1.70 kB │ gzip:   0.74 kB
dist/assets/PracticalGuide-DsGIw8zX.js                           1.70 kB │ gzip:   0.74 kB
dist/assets/Architecture-3h-1WXy8.js                             1.70 kB │ gzip:   0.74 kB
dist/assets/Architecture-CI4I4MZM.js                             1.70 kB │ gzip:   0.74 kB
dist/assets/Architecture-CqQKfrC8.js                             1.70 kB │ gzip:   0.74 kB
dist/assets/Architecture-DjSotyvE.js                             1.70 kB │ gzip:   0.74 kB
dist/assets/BestPractices-BEHyzXAr.js                            1.70 kB │ gzip:   0.74 kB
dist/assets/BestPractices-C2Qu6rWR.js                            1.70 kB │ gzip:   0.74 kB
dist/assets/BestPractices-CyL_LbaY.js                            1.70 kB │ gzip:   0.73 kB
dist/assets/BestPractices-DDQPjUzW.js                            1.70 kB │ gzip:   0.74 kB
dist/assets/BestPractices-U14rl25a.js                            1.70 kB │ gzip:   0.73 kB
dist/assets/CoreConcepts-Bj7HGYjf.js                             1.70 kB │ gzip:   0.73 kB
dist/assets/CoreConcepts-C0MqdbAA.js                             1.70 kB │ gzip:   0.72 kB
dist/assets/CoreConcepts-Ce1z_HdX.js                             1.70 kB │ gzip:   0.73 kB
dist/assets/CoreConcepts-CigJVR6E.js                             1.70 kB │ gzip:   0.73 kB
dist/assets/CoreConcepts-DYOWOskP.js                             1.70 kB │ gzip:   0.73 kB
dist/assets/InterviewQuestions-ChlF9BY4.js                       1.70 kB │ gzip:   0.74 kB
dist/assets/InterviewQuestions-DXjQJBF8.js                       1.70 kB │ gzip:   0.74 kB
dist/assets/Introduction-CqIDxfIB.js                             1.70 kB │ gzip:   0.74 kB
dist/assets/Introduction-DtTWEsJH.js                             1.70 kB │ gzip:   0.74 kB
dist/assets/PracticalGuide-B_b8631-.js                           1.70 kB │ gzip:   0.74 kB
dist/assets/PracticalGuide-BdsWLZ11.js                           1.70 kB │ gzip:   0.74 kB
dist/assets/PracticalGuide-CYHrPsQM.js                           1.70 kB │ gzip:   0.74 kB
dist/assets/PracticalGuide-CpVhDX3Z.js                           1.70 kB │ gzip:   0.74 kB
dist/assets/PracticalGuide-tCBRQFKH.js                           1.70 kB │ gzip:   0.74 kB
dist/assets/Architecture-BERiR-58.js                             1.70 kB │ gzip:   0.74 kB
dist/assets/Architecture-BPJQImLI.js                             1.70 kB │ gzip:   0.74 kB
dist/assets/Architecture-BdPeO-UY.js                             1.70 kB │ gzip:   0.74 kB
dist/assets/Architecture-BooZP_A5.js                             1.70 kB │ gzip:   0.74 kB
dist/assets/Architecture-C2FmAwws.js                             1.70 kB │ gzip:   0.74 kB
dist/assets/Architecture-C2HO-0gC.js                             1.70 kB │ gzip:   0.74 kB
dist/assets/Architecture-CNHJHpzy.js                             1.70 kB │ gzip:   0.74 kB
dist/assets/Architecture-CP-cquXJ.js                             1.70 kB │ gzip:   0.74 kB
dist/assets/Architecture-CW8LuDV6.js                             1.70 kB │ gzip:   0.74 kB
dist/assets/Architecture-Dtgw9j0_.js                             1.70 kB │ gzip:   0.74 kB
dist/assets/Architecture-kXRMfq2I.js                             1.70 kB │ gzip:   0.74 kB
dist/assets/BestPractices-CCwms02L.js                            1.70 kB │ gzip:   0.74 kB
dist/assets/BestPractices-Cf_VwcYU.js                            1.70 kB │ gzip:   0.74 kB
dist/assets/BestPractices-D0e3JhsR.js                            1.70 kB │ gzip:   0.74 kB
dist/assets/BestPractices-DjKVbRdt.js                            1.70 kB │ gzip:   0.74 kB
dist/assets/CoreConcepts-CM5HBhBW.js                             1.70 kB │ gzip:   0.73 kB
dist/assets/CoreConcepts-Cm4LxZI9.js                             1.70 kB │ gzip:   0.74 kB
dist/assets/InterviewQuestions-BBaTigSS.js                       1.70 kB │ gzip:   0.74 kB
dist/assets/InterviewQuestions-BnD_Gch2.js                       1.70 kB │ gzip:   0.74 kB
dist/assets/InterviewQuestions-CiLPp4Sb.js                       1.70 kB │ gzip:   0.74 kB
dist/assets/Introduction-BulQ9elm.js                             1.70 kB │ gzip:   0.74 kB
dist/assets/Introduction-CTxYVT4a.js                             1.70 kB │ gzip:   0.73 kB
dist/assets/Introduction-DIYAl91U.js                             1.70 kB │ gzip:   0.74 kB
dist/assets/Introduction-DxQTGuCc.js                             1.70 kB │ gzip:   0.74 kB
dist/assets/Introduction-UpGyqGt4.js                             1.70 kB │ gzip:   0.74 kB
dist/assets/Introduction-fm5mlFa6.js                             1.70 kB │ gzip:   0.74 kB
dist/assets/PracticalGuide-BPrItGXI.js                           1.70 kB │ gzip:   0.74 kB
dist/assets/PracticalGuide-BnLAvIIz.js                           1.70 kB │ gzip:   0.74 kB
dist/assets/PracticalGuide-CFyb-LJ7.js                           1.70 kB │ gzip:   0.75 kB
dist/assets/PracticalGuide-CYuuwmhx.js                           1.70 kB │ gzip:   0.74 kB
dist/assets/PracticalGuide-DBniKucA.js                           1.70 kB │ gzip:   0.74 kB
dist/assets/PracticalGuide-DjrYYv3m.js                           1.70 kB │ gzip:   0.74 kB
dist/assets/PracticalGuide-nBAp2YQq.js                           1.70 kB │ gzip:   0.75 kB
dist/assets/Architecture-CyLo8qo6.js                             1.70 kB │ gzip:   0.74 kB
dist/assets/Architecture-DHiAmRK2.js                             1.70 kB │ gzip:   0.74 kB
dist/assets/Architecture-DL40-knR.js                             1.70 kB │ gzip:   0.74 kB
dist/assets/Architecture-DonrX3-X.js                             1.70 kB │ gzip:   0.74 kB
dist/assets/BestPractices-B2U5FLb0.js                            1.70 kB │ gzip:   0.74 kB
dist/assets/BestPractices-Bkbs1IkY.js                            1.70 kB │ gzip:   0.74 kB
dist/assets/BestPractices-BqnJ8qPZ.js                            1.70 kB │ gzip:   0.74 kB
dist/assets/BestPractices-C3VuF5hf.js                            1.70 kB │ gzip:   0.74 kB
dist/assets/BestPractices-CTpgCd_C.js                            1.70 kB │ gzip:   0.74 kB
dist/assets/BestPractices-Cgruc77j.js                            1.70 kB │ gzip:   0.74 kB
dist/assets/BestPractices-DPHcUYwS.js                            1.70 kB │ gzip:   0.74 kB
dist/assets/CoreConcepts-BILFrKcj.js                             1.70 kB │ gzip:   0.73 kB
dist/assets/CoreConcepts-CCfCUlhI.js                             1.70 kB │ gzip:   0.73 kB
dist/assets/CoreConcepts-CePmUJew.js                             1.70 kB │ gzip:   0.73 kB
dist/assets/CoreConcepts-DjCK5K1l.js                             1.70 kB │ gzip:   0.73 kB
dist/assets/CoreConcepts-Du5rM_GP2.js                            1.70 kB │ gzip:   0.73 kB
dist/assets/CoreConcepts-q843DfZe.js                             1.70 kB │ gzip:   0.73 kB
dist/assets/InterviewQuestions-BNCvlilX.js                       1.70 kB │ gzip:   0.74 kB
dist/assets/InterviewQuestions-BZspTIbI.js                       1.70 kB │ gzip:   0.74 kB
dist/assets/InterviewQuestions-CZCZpNz2.js                       1.70 kB │ gzip:   0.74 kB
dist/assets/InterviewQuestions-D3_eX5af.js                       1.70 kB │ gzip:   0.74 kB
dist/assets/InterviewQuestions-cTEuTsji.js                       1.70 kB │ gzip:   0.74 kB
dist/assets/Introduction-BNPaRxZG.js                             1.70 kB │ gzip:   0.73 kB
dist/assets/Introduction-DG_Z56Xl.js                             1.70 kB │ gzip:   0.74 kB
dist/assets/Introduction-Du6bf-H4.js                             1.70 kB │ gzip:   0.74 kB
dist/assets/Introduction-GTU4aQBg.js                             1.70 kB │ gzip:   0.73 kB
dist/assets/Introduction-V0pY4d3O.js                             1.70 kB │ gzip:   0.74 kB
dist/assets/Introduction-wnErK-NW.js                             1.70 kB │ gzip:   0.73 kB
dist/assets/PracticalGuide-BPXrUmjS.js                           1.70 kB │ gzip:   0.74 kB
dist/assets/PracticalGuide-CAl45Did.js                           1.70 kB │ gzip:   0.75 kB
dist/assets/PracticalGuide-D3OtCVtq.js                           1.70 kB │ gzip:   0.75 kB
dist/assets/PracticalGuide-uxtxc4qp.js                           1.70 kB │ gzip:   0.74 kB
dist/assets/Architecture-D6TUeGe9.js                             1.70 kB │ gzip:   0.74 kB
dist/assets/Architecture-DzoWl7Qn.js                             1.70 kB │ gzip:   0.74 kB
dist/assets/Architecture-L2H0vvJw.js                             1.70 kB │ gzip:   0.74 kB
dist/assets/BestPractices-CAbRffgV.js                            1.70 kB │ gzip:   0.74 kB
dist/assets/BestPractices-CYqzVTLy.js                            1.70 kB │ gzip:   0.74 kB
dist/assets/BestPractices-DM868qfG.js                            1.70 kB │ gzip:   0.74 kB
dist/assets/BestPractices-DzcR43oe.js                            1.70 kB │ gzip:   0.74 kB
dist/assets/BestPractices-F6_acS8Y.js                            1.70 kB │ gzip:   0.74 kB
dist/assets/CoreConcepts-49PKviF-.js                             1.70 kB │ gzip:   0.73 kB
dist/assets/CoreConcepts-9eNZXScI.js                             1.70 kB │ gzip:   0.73 kB
dist/assets/CoreConcepts-B6lr1TUT.js                             1.70 kB │ gzip:   0.73 kB
dist/assets/CoreConcepts-By713c3i.js                             1.70 kB │ gzip:   0.73 kB
dist/assets/CoreConcepts-Cfaa1mAY.js                             1.70 kB │ gzip:   0.73 kB
dist/assets/CoreConcepts-Dk3yICFs.js                             1.70 kB │ gzip:   0.73 kB
dist/assets/InterviewQuestions-7RP_E6dR.js                       1.70 kB │ gzip:   0.74 kB
dist/assets/InterviewQuestions-DNJdw0qJ.js                       1.70 kB │ gzip:   0.74 kB
dist/assets/InterviewQuestions-DNt4x9Gd.js                       1.70 kB │ gzip:   0.74 kB
dist/assets/InterviewQuestions-QFoLYYeE.js                       1.70 kB │ gzip:   0.74 kB
dist/assets/Introduction-1n_38zv2.js                             1.70 kB │ gzip:   0.74 kB
dist/assets/Introduction-Czt2zd0b.js                             1.70 kB │ gzip:   0.74 kB
dist/assets/Introduction-DMgg9qpV.js                             1.70 kB │ gzip:   0.74 kB
dist/assets/Introduction-DtfLEQaQ.js                             1.70 kB │ gzip:   0.73 kB
dist/assets/Introduction-WNeoiMgM.js                             1.70 kB │ gzip:   0.74 kB
dist/assets/PracticalGuide-9jCnyXni.js                           1.70 kB │ gzip:   0.74 kB
dist/assets/PracticalGuide-BGpK5ZVi.js                           1.70 kB │ gzip:   0.74 kB
dist/assets/PracticalGuide-C4fOMQ58.js                           1.70 kB │ gzip:   0.74 kB
dist/assets/PracticalGuide-CZnGAjZi.js                           1.70 kB │ gzip:   0.74 kB
dist/assets/PracticalGuide-D7QfmZWA.js                           1.70 kB │ gzip:   0.74 kB
dist/assets/PracticalGuide-DeQhGzon.js                           1.70 kB │ gzip:   0.75 kB
dist/assets/PracticalGuide-Dz5t1kEO.js                           1.70 kB │ gzip:   0.74 kB
dist/assets/PracticalGuide-bJcfc-6F.js                           1.70 kB │ gzip:   0.75 kB
dist/assets/PracticalGuide-ulOETnDm.js                           1.70 kB │ gzip:   0.74 kB
dist/assets/PracticalGuide-xGe46BOw.js                           1.70 kB │ gzip:   0.74 kB
dist/assets/PracticalGuide-ytAbiHTB.js                           1.70 kB │ gzip:   0.74 kB
dist/assets/Architecture-C-dablbL.js                             1.70 kB │ gzip:   0.74 kB
dist/assets/BestPractices-AOcfswx_.js                            1.70 kB │ gzip:   0.74 kB
dist/assets/BestPractices-B_XGKmQ4.js                            1.70 kB │ gzip:   0.74 kB
dist/assets/BestPractices-DqQU4hfx.js                            1.70 kB │ gzip:   0.74 kB
dist/assets/BestPractices-KWziW_P5.js                            1.70 kB │ gzip:   0.74 kB
dist/assets/BestPractices-Q2YjXYrW.js                            1.70 kB │ gzip:   0.73 kB
dist/assets/CoreConcepts-C47I_dWa.js                             1.70 kB │ gzip:   0.73 kB
dist/assets/CoreConcepts-CRqrEUwe.js                             1.70 kB │ gzip:   0.73 kB
dist/assets/CoreConcepts-DRu9ABwk.js                             1.70 kB │ gzip:   0.73 kB
dist/assets/CoreConcepts-DYd79hMJ.js                             1.70 kB │ gzip:   0.73 kB
dist/assets/CoreConcepts-pqlSEUHx.js                             1.70 kB │ gzip:   0.73 kB
dist/assets/InterviewQuestions-B-SSiNan.js                       1.70 kB │ gzip:   0.74 kB
dist/assets/InterviewQuestions-CxF1GDpa.js                       1.70 kB │ gzip:   0.74 kB
dist/assets/InterviewQuestions-D8rIgIhL.js                       1.70 kB │ gzip:   0.74 kB
dist/assets/InterviewQuestions-DKE3uPqD.js                       1.70 kB │ gzip:   0.74 kB
dist/assets/InterviewQuestions-DSPcVL7_.js                       1.70 kB │ gzip:   0.74 kB
dist/assets/InterviewQuestions-MLVebXma.js                       1.70 kB │ gzip:   0.74 kB
dist/assets/InterviewQuestions-Vz7_ukSi.js                       1.70 kB │ gzip:   0.74 kB
dist/assets/Introduction-7ugtXA_M.js                             1.70 kB │ gzip:   0.74 kB
dist/assets/Introduction-B8Fnned4.js                             1.70 kB │ gzip:   0.74 kB
dist/assets/Introduction-BW7L8P4F.js                             1.70 kB │ gzip:   0.74 kB
dist/assets/Introduction-CmobpZxQ.js                             1.70 kB │ gzip:   0.74 kB
dist/assets/Introduction-D9qT_0ke.js                             1.70 kB │ gzip:   0.74 kB
dist/assets/Introduction-DWdBaboY.js                             1.70 kB │ gzip:   0.74 kB
dist/assets/Introduction-iv_PGVmW.js                             1.70 kB │ gzip:   0.74 kB
dist/assets/PracticalGuide-Bg3xi-na.js                           1.70 kB │ gzip:   0.75 kB
dist/assets/PracticalGuide-CCzu3KP6.js                           1.70 kB │ gzip:   0.75 kB
dist/assets/PracticalGuide-ClGmJd43.js                           1.70 kB │ gzip:   0.74 kB
dist/assets/PracticalGuide-c8MOLtsb.js                           1.70 kB │ gzip:   0.74 kB
dist/assets/Architecture-C39cQrh8.js                             1.70 kB │ gzip:   0.75 kB
dist/assets/Architecture-CfrIeB6M.js                             1.70 kB │ gzip:   0.74 kB
dist/assets/Architecture-DbGmOFUy.js                             1.70 kB │ gzip:   0.74 kB
dist/assets/BestPractices-CnqTvqUi.js                            1.70 kB │ gzip:   0.75 kB
dist/assets/BestPractices-DTJCrZTS.js                            1.70 kB │ gzip:   0.75 kB
dist/assets/CoreConcepts-B2nucu7J.js                             1.70 kB │ gzip:   0.73 kB
dist/assets/CoreConcepts-BBdrH3nQ.js                             1.70 kB │ gzip:   0.74 kB
dist/assets/CoreConcepts-D5A3oKMT.js                             1.70 kB │ gzip:   0.73 kB
dist/assets/CoreConcepts-DNQfwi5N.js                             1.70 kB │ gzip:   0.73 kB
dist/assets/CoreConcepts-DXePbBeE.js                             1.70 kB │ gzip:   0.74 kB
dist/assets/CoreConcepts-FqWeaZV2.js                             1.70 kB │ gzip:   0.73 kB
dist/assets/CoreConcepts-rGAQmkbk.js                             1.70 kB │ gzip:   0.74 kB
dist/assets/InterviewQuestions-B5Gwt51O.js                       1.70 kB │ gzip:   0.74 kB
dist/assets/InterviewQuestions-BLlvUXG_.js                       1.70 kB │ gzip:   0.74 kB
dist/assets/InterviewQuestions-CjT5Nz3W.js                       1.70 kB │ gzip:   0.74 kB
dist/assets/InterviewQuestions-HdgjEP--.js                       1.70 kB │ gzip:   0.74 kB
dist/assets/InterviewQuestions-tvA2D8uC.js                       1.70 kB │ gzip:   0.74 kB
dist/assets/Introduction-5bCG6PLD.js                             1.70 kB │ gzip:   0.74 kB
dist/assets/Introduction-Cf_USo2U.js                             1.70 kB │ gzip:   0.74 kB
dist/assets/Introduction-CjkIcYqt.js                             1.70 kB │ gzip:   0.74 kB
dist/assets/Introduction-Da6Hg0hH.js                             1.70 kB │ gzip:   0.74 kB
dist/assets/PracticalGuide-Byt-O-S5.js                           1.70 kB │ gzip:   0.74 kB
dist/assets/PracticalGuide-DG5z7bVV.js                           1.70 kB │ gzip:   0.74 kB
dist/assets/PracticalGuide-FJXbdWuA.js                           1.70 kB │ gzip:   0.74 kB
dist/assets/Architecture-2vMEBADj.js                             1.70 kB │ gzip:   0.74 kB
dist/assets/Architecture-BDqbFKDr.js                             1.70 kB │ gzip:   0.74 kB
dist/assets/Architecture-BFUw_kkq.js                             1.70 kB │ gzip:   0.74 kB
dist/assets/Architecture-BKiBEGKJ.js                             1.70 kB │ gzip:   0.74 kB
dist/assets/Architecture-CRFFMIr_.js                             1.70 kB │ gzip:   0.74 kB
dist/assets/BestPractices-BMdvkicX.js                            1.70 kB │ gzip:   0.74 kB
dist/assets/BestPractices-Dy6xqg6J.js                            1.70 kB │ gzip:   0.74 kB
dist/assets/BestPractices-QfnQyoLy2.js                           1.70 kB │ gzip:   0.74 kB
dist/assets/BestPractices-h355WAJ9.js                            1.70 kB │ gzip:   0.74 kB
dist/assets/BestPractices-ldfKWL8B.js                            1.70 kB │ gzip:   0.74 kB
dist/assets/BestPractices-q3ltHUJM.js                            1.70 kB │ gzip:   0.74 kB
dist/assets/CoreConcepts-BDJQvdWu.js                             1.70 kB │ gzip:   0.73 kB
dist/assets/CoreConcepts-BjKTxLf4.js                             1.70 kB │ gzip:   0.73 kB
dist/assets/CoreConcepts-DE0pckCS.js                             1.70 kB │ gzip:   0.73 kB
dist/assets/CoreConcepts-DWlvjx4w.js                             1.70 kB │ gzip:   0.73 kB
dist/assets/InterviewQuestions-BsmX0od4.js                       1.70 kB │ gzip:   0.74 kB
dist/assets/InterviewQuestions-ByBfS6MR.js                       1.70 kB │ gzip:   0.74 kB
dist/assets/InterviewQuestions-CLsfP3CL.js                       1.70 kB │ gzip:   0.74 kB
dist/assets/InterviewQuestions-C_Zq_DLo.js                       1.70 kB │ gzip:   0.73 kB
dist/assets/InterviewQuestions-lUBs_eq5.js                       1.70 kB │ gzip:   0.74 kB
dist/assets/Introduction-9TmZ7EBD.js                             1.70 kB │ gzip:   0.74 kB
dist/assets/Introduction-B1QXsgxu.js                             1.70 kB │ gzip:   0.74 kB
dist/assets/Introduction-BHAglhjc.js                             1.70 kB │ gzip:   0.74 kB
dist/assets/Introduction-BbWrTzkW.js                             1.70 kB │ gzip:   0.74 kB
dist/assets/Introduction-BxtsiP7E.js                             1.70 kB │ gzip:   0.74 kB
dist/assets/Introduction-CL64tt_O.js                             1.70 kB │ gzip:   0.74 kB
dist/assets/Introduction-DUVgz19b.js                             1.70 kB │ gzip:   0.74 kB
dist/assets/Introduction-Dovvz_dS.js                             1.70 kB │ gzip:   0.74 kB
dist/assets/Introduction-DrYYclZd.js                             1.70 kB │ gzip:   0.74 kB
dist/assets/Introduction-OJPLAUHb.js                             1.70 kB │ gzip:   0.74 kB
dist/assets/Introduction-nX_VINxi.js                             1.70 kB │ gzip:   0.74 kB
dist/assets/PracticalGuide-C466e0uv.js                           1.70 kB │ gzip:   0.74 kB
dist/assets/Architecture-B6WXsC6i.js                             1.71 kB │ gzip:   0.74 kB
dist/assets/Architecture-Bj4F4lsD.js                             1.71 kB │ gzip:   0.74 kB
dist/assets/Architecture-D_bq2Z0E.js                             1.71 kB │ gzip:   0.74 kB
dist/assets/Architecture-DwF3y-XW.js                             1.71 kB │ gzip:   0.75 kB
dist/assets/Architecture-I3bZ16Na.js                             1.71 kB │ gzip:   0.75 kB
dist/assets/BestPractices-BnIsgPUf.js                            1.71 kB │ gzip:   0.74 kB
dist/assets/BestPractices-C6cb22Z8.js                            1.71 kB │ gzip:   0.74 kB
dist/assets/BestPractices-CfZ7QjMr.js                            1.71 kB │ gzip:   0.74 kB
dist/assets/BestPractices-D8GbtJGm.js                            1.71 kB │ gzip:   0.74 kB
dist/assets/BestPractices-Ddy0Yt2T.js                            1.71 kB │ gzip:   0.74 kB
dist/assets/BestPractices-Dxbc7Ske.js                            1.71 kB │ gzip:   0.74 kB
dist/assets/CoreConcepts-BEwmUeLh.js                             1.71 kB │ gzip:   0.73 kB
dist/assets/CoreConcepts-BJ2-CVii.js                             1.71 kB │ gzip:   0.73 kB
dist/assets/CoreConcepts-BRHQf-9k.js                             1.71 kB │ gzip:   0.74 kB
dist/assets/CoreConcepts-Bpzk34jh.js                             1.71 kB │ gzip:   0.74 kB
dist/assets/CoreConcepts-CR5JhcnT.js                             1.71 kB │ gzip:   0.73 kB
dist/assets/CoreConcepts-CRAXij69.js                             1.71 kB │ gzip:   0.73 kB
dist/assets/CoreConcepts-C_e2mCvL.js                             1.71 kB │ gzip:   0.73 kB
dist/assets/CoreConcepts-Ck5Y0zc4.js                             1.71 kB │ gzip:   0.73 kB
dist/assets/CoreConcepts-DNkhZOie.js                             1.71 kB │ gzip:   0.73 kB
dist/assets/CoreConcepts-I70sSPRf.js                             1.71 kB │ gzip:   0.73 kB
dist/assets/CoreConcepts-mC8BWBM_.js                             1.71 kB │ gzip:   0.73 kB
dist/assets/InterviewQuestions-U0trqiiN.js                       1.71 kB │ gzip:   0.75 kB
dist/assets/InterviewQuestions-yxK0D1Kv.js                       1.71 kB │ gzip:   0.75 kB
dist/assets/Introduction-B96tu8tP.js                             1.71 kB │ gzip:   0.74 kB
dist/assets/Introduction-BCcibDvh.js                             1.71 kB │ gzip:   0.74 kB
dist/assets/Introduction-D_yCuwO-.js                             1.71 kB │ gzip:   0.74 kB
dist/assets/Introduction-DcJWMWBH.js                             1.71 kB │ gzip:   0.74 kB
dist/assets/PracticalGuide-CRUXJSW4.js                           1.71 kB │ gzip:   0.75 kB
dist/assets/PracticalGuide-DhNN2D2y.js                           1.71 kB │ gzip:   0.74 kB
dist/assets/PracticalGuide-pj6f4wzU.js                           1.71 kB │ gzip:   0.75 kB
dist/assets/Architecture-CbDftr21.js                             1.71 kB │ gzip:   0.74 kB
dist/assets/BestPractices-9GaZ9uea.js                            1.71 kB │ gzip:   0.74 kB
dist/assets/BestPractices-CN3GvydT.js                            1.71 kB │ gzip:   0.74 kB
dist/assets/BestPractices-DP6Wn170.js                            1.71 kB │ gzip:   0.74 kB
dist/assets/BestPractices-Dvuxk4m1.js                            1.71 kB │ gzip:   0.74 kB
dist/assets/BestPractices-mfBUKSf6.js                            1.71 kB │ gzip:   0.74 kB
dist/assets/CoreConcepts-C9OWVIdq.js                             1.71 kB │ gzip:   0.74 kB
dist/assets/CoreConcepts-CcczCAj8.js                             1.71 kB │ gzip:   0.73 kB
dist/assets/CoreConcepts-H0wYLacY.js                             1.71 kB │ gzip:   0.73 kB
dist/assets/CoreConcepts-ZnM223zW.js                             1.71 kB │ gzip:   0.74 kB
dist/assets/InterviewQuestions-Bjzqqao1.js                       1.71 kB │ gzip:   0.74 kB
dist/assets/InterviewQuestions-Cgc2aXb3.js                       1.71 kB │ gzip:   0.75 kB
dist/assets/InterviewQuestions-D1Z8DdAY.js                       1.71 kB │ gzip:   0.74 kB
dist/assets/InterviewQuestions-DaA2RpFy.js                       1.71 kB │ gzip:   0.74 kB
dist/assets/InterviewQuestions-EPLjY4Og.js                       1.71 kB │ gzip:   0.74 kB
dist/assets/InterviewQuestions-Qag_i8UT.js                       1.71 kB │ gzip:   0.74 kB
dist/assets/Introduction-BFtKRREb.js                             1.71 kB │ gzip:   0.74 kB
dist/assets/Introduction-CtPKgLEu.js                             1.71 kB │ gzip:   0.74 kB
dist/assets/Introduction-DIfagcpZ.js                             1.71 kB │ gzip:   0.74 kB
dist/assets/PracticalGuide-BniKgYjn.js                           1.71 kB │ gzip:   0.75 kB
dist/assets/PracticalGuide-BrLPFjU1.js                           1.71 kB │ gzip:   0.74 kB
dist/assets/PracticalGuide-C727ehlR.js                           1.71 kB │ gzip:   0.75 kB
dist/assets/PracticalGuide-CWL2e9qf.js                           1.71 kB │ gzip:   0.74 kB
dist/assets/PracticalGuide-CmIovK9x.js                           1.71 kB │ gzip:   0.75 kB
dist/assets/Architecture-Bj-v5QJA.js                             1.71 kB │ gzip:   0.75 kB
dist/assets/Architecture-D3zA9Yxp.js                             1.71 kB │ gzip:   0.75 kB
dist/assets/Architecture-DTZh5Gtm.js                             1.71 kB │ gzip:   0.75 kB
dist/assets/Architecture-DXe0uzon.js                             1.71 kB │ gzip:   0.74 kB
dist/assets/Architecture-Dbk2i8UD.js                             1.71 kB │ gzip:   0.74 kB
dist/assets/BestPractices-B6x3Vvoe.js                            1.71 kB │ gzip:   0.74 kB
dist/assets/BestPractices-C38gh1FJ.js                            1.71 kB │ gzip:   0.75 kB
dist/assets/BestPractices-D-YV2ebD.js                            1.71 kB │ gzip:   0.74 kB
dist/assets/BestPractices-DhvaZNZI.js                            1.71 kB │ gzip:   0.74 kB
dist/assets/BestPractices-GPkOtBoc.js                            1.71 kB │ gzip:   0.74 kB
dist/assets/BestPractices-Ixfkl4cw.js                            1.71 kB │ gzip:   0.75 kB
dist/assets/BestPractices-NCJIGGyk.js                            1.71 kB │ gzip:   0.75 kB
dist/assets/CoreConcepts-2bzafg_v.js                             1.71 kB │ gzip:   0.73 kB
dist/assets/CoreConcepts-BuI917VM.js                             1.71 kB │ gzip:   0.73 kB
dist/assets/CoreConcepts-mCGtr2SP.js                             1.71 kB │ gzip:   0.73 kB
dist/assets/InterviewQuestions-BGC40GqU.js                       1.71 kB │ gzip:   0.75 kB
dist/assets/InterviewQuestions-BQm4_YVM.js                       1.71 kB │ gzip:   0.74 kB
dist/assets/InterviewQuestions-CZcwtiEO.js                       1.71 kB │ gzip:   0.74 kB
dist/assets/InterviewQuestions-CfatHIG5.js                       1.71 kB │ gzip:   0.74 kB
dist/assets/InterviewQuestions-aN_DyjSm.js                       1.71 kB │ gzip:   0.75 kB
dist/assets/InterviewQuestions-mnvDbdWW.js                       1.71 kB │ gzip:   0.74 kB
dist/assets/Introduction-DiMNArtn.js                             1.71 kB │ gzip:   0.74 kB
dist/assets/PracticalGuide-CXl-vKhu.js                           1.71 kB │ gzip:   0.74 kB
dist/assets/PracticalGuide-D5Qo_5yi.js                           1.71 kB │ gzip:   0.75 kB
dist/assets/PracticalGuide-DOBLYZEy.js                           1.71 kB │ gzip:   0.75 kB
dist/assets/PracticalGuide-DqWqaRiw.js                           1.71 kB │ gzip:   0.75 kB
dist/assets/PracticalGuide-yWqsvEEB.js                           1.71 kB │ gzip:   0.74 kB
dist/assets/Architecture-Bwyhrtop.js                             1.71 kB │ gzip:   0.74 kB
dist/assets/Architecture-C5b2vyE1.js                             1.71 kB │ gzip:   0.74 kB
dist/assets/Architecture-CZTD7HRT.js                             1.71 kB │ gzip:   0.74 kB
dist/assets/Architecture-Da734Jop.js                             1.71 kB │ gzip:   0.75 kB
dist/assets/Architecture-vvq5mTo2.js                             1.71 kB │ gzip:   0.74 kB
dist/assets/BestPractices-CzZFKLxQ.js                            1.71 kB │ gzip:   0.75 kB
dist/assets/BestPractices-DAbKDhrA.js                            1.71 kB │ gzip:   0.74 kB
dist/assets/BestPractices-DTa0KSgA.js                            1.71 kB │ gzip:   0.74 kB
dist/assets/BestPractices-wVPWKy2a.js                            1.71 kB │ gzip:   0.75 kB
dist/assets/CoreConcepts-Cn0Q5LfW.js                             1.71 kB │ gzip:   0.74 kB
dist/assets/InterviewQuestions-BG8JzAZz.js                       1.71 kB │ gzip:   0.75 kB
dist/assets/InterviewQuestions-Cdox6iWA.js                       1.71 kB │ gzip:   0.74 kB
dist/assets/InterviewQuestions-DvmjMziH.js                       1.71 kB │ gzip:   0.74 kB
dist/assets/InterviewQuestions-bCOMUJLE.js                       1.71 kB │ gzip:   0.75 kB
dist/assets/InterviewQuestions-tRa_-Aw4.js                       1.71 kB │ gzip:   0.74 kB
dist/assets/Introduction-Bx2qU5jq.js                             1.71 kB │ gzip:   0.74 kB
dist/assets/Introduction-DwDbhoCN.js                             1.71 kB │ gzip:   0.74 kB
dist/assets/Introduction-DwWifQmp.js                             1.71 kB │ gzip:   0.74 kB
dist/assets/PracticalGuide-DZjXBsdb.js                           1.71 kB │ gzip:   0.75 kB
dist/assets/Architecture-B14bnDk2.js                             1.71 kB │ gzip:   0.74 kB
dist/assets/Architecture-BfxYVPw1.js                             1.71 kB │ gzip:   0.75 kB
dist/assets/Architecture-DJTNerA_.js                             1.71 kB │ gzip:   0.74 kB
dist/assets/Architecture-DfAtA9__.js                             1.71 kB │ gzip:   0.74 kB
dist/assets/Architecture-ILHvzxaU.js                             1.71 kB │ gzip:   0.74 kB
dist/assets/Architecture-KpqSKOGt.js                             1.71 kB │ gzip:   0.74 kB
dist/assets/BestPractices-BV3sf0k5.js                            1.71 kB │ gzip:   0.74 kB
dist/assets/BestPractices-BZSTROv1.js                            1.71 kB │ gzip:   0.75 kB
dist/assets/BestPractices-C_WbwdDj.js                            1.71 kB │ gzip:   0.74 kB
dist/assets/BestPractices-Ca7B9g0Q.js                            1.71 kB │ gzip:   0.75 kB
dist/assets/BestPractices-CfzytiH4.js                            1.71 kB │ gzip:   0.74 kB
dist/assets/BestPractices-DAADgdEh.js                            1.71 kB │ gzip:   0.74 kB
dist/assets/BestPractices-DI0Ahjxi.js                            1.71 kB │ gzip:   0.74 kB
dist/assets/BestPractices-DTmTLaKJ.js                            1.71 kB │ gzip:   0.74 kB
dist/assets/BestPractices-DvRtPHXZ.js                            1.71 kB │ gzip:   0.75 kB
dist/assets/BestPractices-U1e-POuX.js                            1.71 kB │ gzip:   0.74 kB
dist/assets/BestPractices-oPg0E1jf.js                            1.71 kB │ gzip:   0.75 kB
dist/assets/CoreConcepts--WHKRko2.js                             1.71 kB │ gzip:   0.74 kB
dist/assets/CoreConcepts-BGTVKtNP.js                             1.71 kB │ gzip:   0.74 kB
dist/assets/CoreConcepts-Ch7xpq1s.js                             1.71 kB │ gzip:   0.73 kB
dist/assets/InterviewQuestions-BBL5RVjg.js                       1.71 kB │ gzip:   0.75 kB
dist/assets/InterviewQuestions-BHH-yBVe.js                       1.71 kB │ gzip:   0.75 kB
dist/assets/InterviewQuestions-BvRn_YeD.js                       1.71 kB │ gzip:   0.74 kB
dist/assets/InterviewQuestions-CAHIKFpM.js                       1.71 kB │ gzip:   0.75 kB
dist/assets/InterviewQuestions-C_nF-pif.js                       1.71 kB │ gzip:   0.74 kB
dist/assets/InterviewQuestions-DANxopXU.js                       1.71 kB │ gzip:   0.75 kB
dist/assets/InterviewQuestions-DCUfoK7n.js                       1.71 kB │ gzip:   0.74 kB
dist/assets/Introduction-Caqnj8yH.js                             1.71 kB │ gzip:   0.74 kB
dist/assets/Introduction-CyxZmtvA.js                             1.71 kB │ gzip:   0.74 kB
dist/assets/Introduction-DpKH7Pfc.js                             1.71 kB │ gzip:   0.75 kB
dist/assets/Introduction-Dse11oKX.js                             1.71 kB │ gzip:   0.74 kB
dist/assets/Introduction-mvF1z9ni.js                             1.71 kB │ gzip:   0.74 kB
dist/assets/PracticalGuide-Bca7omFn.js                           1.71 kB │ gzip:   0.75 kB
dist/assets/PracticalGuide-ClEtEJ2p.js                           1.71 kB │ gzip:   0.75 kB
dist/assets/PracticalGuide-Cy4feFlN.js                           1.71 kB │ gzip:   0.75 kB
dist/assets/PracticalGuide-DWxeq2Dy.js                           1.71 kB │ gzip:   0.75 kB
dist/assets/PracticalGuide-TPWukltV.js                           1.71 kB │ gzip:   0.75 kB
dist/assets/Architecture-7-34YDrx.js                             1.71 kB │ gzip:   0.74 kB
dist/assets/Architecture-BQH0-fXG.js                             1.71 kB │ gzip:   0.74 kB
dist/assets/Architecture-Cexo0fPi.js                             1.71 kB │ gzip:   0.74 kB
dist/assets/Architecture-DlyRMU9U.js                             1.71 kB │ gzip:   0.75 kB
dist/assets/Architecture-qn7gEJMe.js                             1.71 kB │ gzip:   0.74 kB
dist/assets/BestPractices-C1NLW-_C.js                            1.71 kB │ gzip:   0.75 kB
dist/assets/BestPractices-CBKi0fAy.js                            1.71 kB │ gzip:   0.74 kB
dist/assets/BestPractices-Cg4sKrZy.js                            1.71 kB │ gzip:   0.75 kB
dist/assets/BestPractices-CuzSh-oA.js                            1.71 kB │ gzip:   0.75 kB
dist/assets/CoreConcepts-C2TY9d5D.js                             1.71 kB │ gzip:   0.74 kB
dist/assets/CoreConcepts-CPtE4WKg.js                             1.71 kB │ gzip:   0.74 kB
dist/assets/CoreConcepts-DFP7culZ.js                             1.71 kB │ gzip:   0.74 kB
dist/assets/CoreConcepts-Dw-xkabz.js                             1.71 kB │ gzip:   0.73 kB
dist/assets/CoreConcepts-lMgSs9p2.js                             1.71 kB │ gzip:   0.74 kB
dist/assets/InterviewQuestions-BXi52_YF.js                       1.71 kB │ gzip:   0.75 kB
dist/assets/InterviewQuestions-Bz9nDXtI.js                       1.71 kB │ gzip:   0.75 kB
dist/assets/InterviewQuestions-NYLxmpKW.js                       1.71 kB │ gzip:   0.74 kB
dist/assets/InterviewQuestions-uZXcGU-0.js                       1.71 kB │ gzip:   0.75 kB
dist/assets/Introduction-2vYTU9Sn.js                             1.71 kB │ gzip:   0.74 kB
dist/assets/Introduction-BubFnOmc.js                             1.71 kB │ gzip:   0.74 kB
dist/assets/Introduction-C-7es8VP.js                             1.71 kB │ gzip:   0.74 kB
dist/assets/Introduction-DOjD39Bh.js                             1.71 kB │ gzip:   0.74 kB
dist/assets/Introduction-Q4V9mS43.js                             1.71 kB │ gzip:   0.74 kB
dist/assets/PracticalGuide-BIytXQK3.js                           1.71 kB │ gzip:   0.74 kB
dist/assets/PracticalGuide-BwA79HqO.js                           1.71 kB │ gzip:   0.74 kB
dist/assets/PracticalGuide-Cb7PhOup.js                           1.71 kB │ gzip:   0.74 kB
dist/assets/PracticalGuide-CpuFqvl5.js                           1.71 kB │ gzip:   0.74 kB
dist/assets/PracticalGuide-DjraEj_A.js                           1.71 kB │ gzip:   0.75 kB
dist/assets/Architecture-CPnr8dEy.js                             1.71 kB │ gzip:   0.74 kB
dist/assets/Architecture-CVfc4iJI.js                             1.71 kB │ gzip:   0.75 kB
dist/assets/Architecture-DXcTl8vD.js                             1.71 kB │ gzip:   0.75 kB
dist/assets/Architecture-L8K8xhxr.js                             1.71 kB │ gzip:   0.74 kB
dist/assets/BestPractices-BYHqXrnd.js                            1.71 kB │ gzip:   0.74 kB
dist/assets/BestPractices-Cbwv4vNv.js                            1.71 kB │ gzip:   0.75 kB
dist/assets/BestPractices-DJ1mGwNg.js                            1.71 kB │ gzip:   0.74 kB
dist/assets/CoreConcepts-2VEIpxH8.js                             1.71 kB │ gzip:   0.74 kB
dist/assets/CoreConcepts-B2Hm3ep3.js                             1.71 kB │ gzip:   0.73 kB
dist/assets/CoreConcepts-BU60yFRk.js                             1.71 kB │ gzip:   0.74 kB
dist/assets/CoreConcepts-D-e0z2pe.js                             1.71 kB │ gzip:   0.73 kB
dist/assets/CoreConcepts-D7AvRwr9.js                             1.71 kB │ gzip:   0.74 kB
dist/assets/InterviewQuestions-0eMjcXLW.js                       1.71 kB │ gzip:   0.74 kB
dist/assets/InterviewQuestions-5xac2arO.js                       1.71 kB │ gzip:   0.75 kB
dist/assets/InterviewQuestions-BArXdlGw.js                       1.71 kB │ gzip:   0.75 kB
dist/assets/InterviewQuestions-BCmCn8G_.js                       1.71 kB │ gzip:   0.74 kB
dist/assets/InterviewQuestions-CflgM0p8.js                       1.71 kB │ gzip:   0.75 kB
dist/assets/InterviewQuestions-CteuPVs4.js                       1.71 kB │ gzip:   0.75 kB
dist/assets/InterviewQuestions-DOOc_tNZ.js                       1.71 kB │ gzip:   0.75 kB
dist/assets/InterviewQuestions-D_rDSY36.js                       1.71 kB │ gzip:   0.75 kB
dist/assets/InterviewQuestions-DxSEc8Ly.js                       1.71 kB │ gzip:   0.74 kB
dist/assets/InterviewQuestions-FIlSMKFU.js                       1.71 kB │ gzip:   0.74 kB
dist/assets/InterviewQuestions-xenGBWQ5.js                       1.71 kB │ gzip:   0.75 kB
dist/assets/Introduction-D1EqomCc.js                             1.71 kB │ gzip:   0.74 kB
dist/assets/PracticalGuide-6EYWbLQl.js                           1.71 kB │ gzip:   0.75 kB
dist/assets/PracticalGuide-B0MwNygQ.js                           1.71 kB │ gzip:   0.75 kB
dist/assets/PracticalGuide-B7P2xDtk.js                           1.71 kB │ gzip:   0.75 kB
dist/assets/PracticalGuide-C-qSZEqb.js                           1.71 kB │ gzip:   0.75 kB
dist/assets/PracticalGuide-D6uJ5iZO.js                           1.71 kB │ gzip:   0.74 kB
dist/assets/PracticalGuide-kmQFHAw4.js                           1.71 kB │ gzip:   0.74 kB
dist/assets/Architecture-BAc1AFh8.js                             1.71 kB │ gzip:   0.74 kB
dist/assets/Architecture-BZGFWHLA.js                             1.71 kB │ gzip:   0.74 kB
dist/assets/Architecture-C8jN2uLc.js                             1.71 kB │ gzip:   0.74 kB
dist/assets/BestPractices-BDWmAl9G.js                            1.71 kB │ gzip:   0.75 kB
dist/assets/CoreConcepts-Dhq_h4_O.js                             1.71 kB │ gzip:   0.74 kB
dist/assets/InterviewQuestions-BLGBSOEB.js                       1.71 kB │ gzip:   0.75 kB
dist/assets/InterviewQuestions-CdoFdGeL.js                       1.71 kB │ gzip:   0.74 kB
dist/assets/InterviewQuestions-DSkgJfwO.js                       1.71 kB │ gzip:   0.75 kB
dist/assets/InterviewQuestions-DsEHigNE.js                       1.71 kB │ gzip:   0.75 kB
dist/assets/Introduction-Bhpc7UIo.js                             1.71 kB │ gzip:   0.75 kB
dist/assets/Introduction-CbVKvjAI.js                             1.71 kB │ gzip:   0.75 kB
dist/assets/Introduction-DSSv1cA0.js                             1.71 kB │ gzip:   0.74 kB
dist/assets/Introduction-IcfhQBQe.js                             1.71 kB │ gzip:   0.74 kB
dist/assets/Introduction-UoDnsZ1F.js                             1.71 kB │ gzip:   0.75 kB
dist/assets/PracticalGuide-BIiXLulD.js                           1.71 kB │ gzip:   0.74 kB
dist/assets/PracticalGuide-DNUpfLSy.js                           1.71 kB │ gzip:   0.75 kB
dist/assets/PracticalGuide-DX3Qehjk.js                           1.71 kB │ gzip:   0.75 kB
dist/assets/PracticalGuide-D_S5WyZ-.js                           1.71 kB │ gzip:   0.74 kB
dist/assets/PracticalGuide-EcfAgo8n.js                           1.71 kB │ gzip:   0.75 kB
dist/assets/Architecture-CQk8d346.js                             1.71 kB │ gzip:   0.75 kB
dist/assets/Architecture-CaDI_sk7.js                             1.71 kB │ gzip:   0.74 kB
dist/assets/Architecture-X9Tx8a_H.js                             1.71 kB │ gzip:   0.75 kB
dist/assets/BestPractices-CKrfsIwQ.js                            1.71 kB │ gzip:   0.75 kB
dist/assets/BestPractices-DOf5PkoZ.js                            1.71 kB │ gzip:   0.75 kB
dist/assets/BestPractices-H3w9sKGa.js                            1.71 kB │ gzip:   0.75 kB
dist/assets/CoreConcepts-BfdTkNYJ.js                             1.71 kB │ gzip:   0.74 kB
dist/assets/CoreConcepts-BlNWPyRj.js                             1.71 kB │ gzip:   0.74 kB
dist/assets/CoreConcepts-Cm5ViD1m.js                             1.71 kB │ gzip:   0.74 kB
dist/assets/CoreConcepts-G2sKY8ly.js                             1.71 kB │ gzip:   0.74 kB
dist/assets/CoreConcepts-KN-ygvQK.js                             1.71 kB │ gzip:   0.74 kB
dist/assets/InterviewQuestions-ByUdFUyh.js                       1.71 kB │ gzip:   0.75 kB
dist/assets/InterviewQuestions-CSi0gFf3.js                       1.71 kB │ gzip:   0.74 kB
dist/assets/InterviewQuestions-Dvx5se7Y.js                       1.71 kB │ gzip:   0.74 kB
dist/assets/Introduction-2XCkMEqU.js                             1.71 kB │ gzip:   0.74 kB
dist/assets/Introduction-Cp1y6iQE.js                             1.71 kB │ gzip:   0.74 kB
dist/assets/Introduction-D6BcECVC.js                             1.71 kB │ gzip:   0.74 kB
dist/assets/Introduction-DP6PboNE.js                             1.71 kB │ gzip:   0.74 kB
dist/assets/Introduction-Dyib_zfh.js                             1.71 kB │ gzip:   0.74 kB
dist/assets/PracticalGuide-Boc1xbG7.js                           1.71 kB │ gzip:   0.74 kB
dist/assets/PracticalGuide-CWkSeqZ7.js                           1.71 kB │ gzip:   0.75 kB
dist/assets/PracticalGuide-DJS2lq_4.js                           1.71 kB │ gzip:   0.75 kB
dist/assets/PracticalGuide-GxR5RG4A.js                           1.71 kB │ gzip:   0.75 kB
dist/assets/Architecture-0RYWuwfq.js                             1.71 kB │ gzip:   0.74 kB
dist/assets/BestPractices-Co5CNZKH.js                            1.71 kB │ gzip:   0.74 kB
dist/assets/BestPractices-D0iVVxSu.js                            1.71 kB │ gzip:   0.75 kB
dist/assets/BestPractices-DdTlnw-0.js                            1.71 kB │ gzip:   0.75 kB
dist/assets/BestPractices-ei61u_Ez.js                            1.71 kB │ gzip:   0.75 kB
dist/assets/BestPractices-g0hC2SwH.js                            1.71 kB │ gzip:   0.75 kB
dist/assets/CoreConcepts-B7LwRfHD.js                             1.71 kB │ gzip:   0.73 kB
dist/assets/CoreConcepts-BVsGQmts.js                             1.71 kB │ gzip:   0.74 kB
dist/assets/CoreConcepts-By58vFUt.js                             1.71 kB │ gzip:   0.74 kB
dist/assets/CoreConcepts-C2z6fITz.js                             1.71 kB │ gzip:   0.74 kB
dist/assets/CoreConcepts-CmX6qk83.js                             1.71 kB │ gzip:   0.73 kB
dist/assets/InterviewQuestions-CyChyG29.js                       1.71 kB │ gzip:   0.75 kB
dist/assets/Introduction-BdO6aMgQ.js                             1.71 kB │ gzip:   0.74 kB
dist/assets/Introduction-CG8ti6H3.js                             1.71 kB │ gzip:   0.75 kB
dist/assets/Introduction-CN7gcuPh.js                             1.71 kB │ gzip:   0.74 kB
dist/assets/Introduction-DWOd6jb7.js                             1.71 kB │ gzip:   0.74 kB
dist/assets/Introduction-JAJkEW3_.js                             1.71 kB │ gzip:   0.74 kB
dist/assets/Introduction-_HyEExgm.js                             1.71 kB │ gzip:   0.74 kB
dist/assets/PracticalGuide-17OEr9qO.js                           1.71 kB │ gzip:   0.75 kB
dist/assets/PracticalGuide-COKsG_MN.js                           1.71 kB │ gzip:   0.75 kB
dist/assets/PracticalGuide-DwEA5jOf.js                           1.71 kB │ gzip:   0.75 kB
dist/assets/Architecture-B9aEAvHC.js                             1.72 kB │ gzip:   0.75 kB
dist/assets/Architecture-BGVyBpRy.js                             1.72 kB │ gzip:   0.75 kB
dist/assets/Architecture-DCGcmsZI.js                             1.72 kB │ gzip:   0.74 kB
dist/assets/Architecture-DlGbPmhf.js                             1.72 kB │ gzip:   0.75 kB
dist/assets/BestPractices-Bz3JE6PB.js                            1.72 kB │ gzip:   0.75 kB
dist/assets/BestPractices-C4-mQ0_y.js                            1.72 kB │ gzip:   0.75 kB
dist/assets/BestPractices-D3EfSCjo.js                            1.72 kB │ gzip:   0.75 kB
dist/assets/BestPractices-DbCyxLAN.js                            1.72 kB │ gzip:   0.74 kB
dist/assets/BestPractices-_XvBx3vX.js                            1.72 kB │ gzip:   0.74 kB
dist/assets/CoreConcepts-CaqkRKXO.js                             1.72 kB │ gzip:   0.74 kB
dist/assets/CoreConcepts-D92X5--q.js                             1.72 kB │ gzip:   0.73 kB
dist/assets/CoreConcepts-DA9FKRGD.js                             1.72 kB │ gzip:   0.74 kB
dist/assets/CoreConcepts-DYPrU8cQ.js                             1.72 kB │ gzip:   0.73 kB
dist/assets/CoreConcepts-aNgnYavG.js                             1.72 kB │ gzip:   0.74 kB
dist/assets/CoreConcepts-fJ89k3wr.js                             1.72 kB │ gzip:   0.74 kB
dist/assets/InterviewQuestions-Bos_N2zr.js                       1.72 kB │ gzip:   0.75 kB
dist/assets/InterviewQuestions-CDy2QbMe.js                       1.72 kB │ gzip:   0.75 kB
dist/assets/InterviewQuestions-DNnwpyeZ.js                       1.72 kB │ gzip:   0.75 kB
dist/assets/Introduction-BWjSBDWk.js                             1.72 kB │ gzip:   0.74 kB
dist/assets/Introduction-CtGQL9vh.js                             1.72 kB │ gzip:   0.74 kB
dist/assets/Introduction-D00sBWbF.js                             1.72 kB │ gzip:   0.74 kB
dist/assets/Introduction-D_DCDPj-.js                             1.72 kB │ gzip:   0.74 kB
dist/assets/Introduction-Dz3sxvAb.js                             1.72 kB │ gzip:   0.74 kB
dist/assets/PracticalGuide-CMSb0Muh.js                           1.72 kB │ gzip:   0.75 kB
dist/assets/PracticalGuide-CnY23zGS.js                           1.72 kB │ gzip:   0.74 kB
dist/assets/PracticalGuide-DYb-aUAm.js                           1.72 kB │ gzip:   0.75 kB
dist/assets/Architecture-9ELK1V63.js                             1.72 kB │ gzip:   0.75 kB
dist/assets/Architecture-BvDbA-HM.js                             1.72 kB │ gzip:   0.74 kB
dist/assets/Architecture-ChGDxgH4.js                             1.72 kB │ gzip:   0.75 kB
dist/assets/Architecture-yJN-hXF5.js                             1.72 kB │ gzip:   0.75 kB
dist/assets/BestPractices-mb33PuI5.js                            1.72 kB │ gzip:   0.75 kB
dist/assets/CoreConcepts-48g75cPF.js                             1.72 kB │ gzip:   0.74 kB
dist/assets/CoreConcepts-8BTOte_K.js                             1.72 kB │ gzip:   0.74 kB
dist/assets/CoreConcepts-BGzd8ARg.js                             1.72 kB │ gzip:   0.73 kB
dist/assets/CoreConcepts-BUjxBMlr.js                             1.72 kB │ gzip:   0.74 kB
dist/assets/CoreConcepts-T0FiL3_2.js                             1.72 kB │ gzip:   0.73 kB
dist/assets/InterviewQuestions-BETnLiFH.js                       1.72 kB │ gzip:   0.74 kB
dist/assets/InterviewQuestions-DK4jD0VO.js                       1.72 kB │ gzip:   0.75 kB
dist/assets/InterviewQuestions-DXUDuTaB.js                       1.72 kB │ gzip:   0.75 kB
dist/assets/InterviewQuestions-IxBguCpv.js                       1.72 kB │ gzip:   0.75 kB
dist/assets/InterviewQuestions-dYi8lmBC.js                       1.72 kB │ gzip:   0.75 kB
dist/assets/Introduction-AKTKtYQr.js                             1.72 kB │ gzip:   0.75 kB
dist/assets/Introduction-BA9M_mRp.js                             1.72 kB │ gzip:   0.75 kB
dist/assets/Introduction-DLvNRPu2.js                             1.72 kB │ gzip:   0.74 kB
dist/assets/Introduction-DdU3c0ji.js                             1.72 kB │ gzip:   0.74 kB
dist/assets/PracticalGuide-CmF2OJyx.js                           1.72 kB │ gzip:   0.75 kB
dist/assets/Architecture-BAQ8ovcx.js                             1.72 kB │ gzip:   0.75 kB
dist/assets/Architecture-DMVszoMs.js                             1.72 kB │ gzip:   0.74 kB
dist/assets/Architecture-tfWIKQV5.js                             1.72 kB │ gzip:   0.75 kB
dist/assets/BestPractices-B6DwJnqV.js                            1.72 kB │ gzip:   0.75 kB
dist/assets/BestPractices-BaWQbzK2.js                            1.72 kB │ gzip:   0.75 kB
dist/assets/BestPractices-By4fuA1S.js                            1.72 kB │ gzip:   0.75 kB
dist/assets/BestPractices-DXd0dkke.js                            1.72 kB │ gzip:   0.75 kB
dist/assets/BestPractices-QBQZfM5P.js                            1.72 kB │ gzip:   0.75 kB
dist/assets/CoreConcepts-BpNN7y1I.js                             1.72 kB │ gzip:   0.74 kB
dist/assets/CoreConcepts-CGfkytEF.js                             1.72 kB │ gzip:   0.74 kB
dist/assets/CoreConcepts-DtVyX6FN.js                             1.72 kB │ gzip:   0.74 kB
dist/assets/CoreConcepts-w_wCMiG5.js                             1.72 kB │ gzip:   0.74 kB
dist/assets/InterviewQuestions-32ZAIXO-.js                       1.72 kB │ gzip:   0.75 kB
dist/assets/InterviewQuestions-CT_ZG4jG.js                       1.72 kB │ gzip:   0.74 kB
dist/assets/InterviewQuestions-CnBrmydn.js                       1.72 kB │ gzip:   0.75 kB
dist/assets/InterviewQuestions-DYMmq5ME.js                       1.72 kB │ gzip:   0.75 kB
dist/assets/InterviewQuestions-DrbnekQv.js                       1.72 kB │ gzip:   0.75 kB
dist/assets/Introduction-BLK4-hiT.js                             1.72 kB │ gzip:   0.74 kB
dist/assets/Introduction-Bh815Vvp.js                             1.72 kB │ gzip:   0.74 kB
dist/assets/Introduction-CC9XD7Ng.js                             1.72 kB │ gzip:   0.74 kB
dist/assets/PracticalGuide-8L2mqXMW.js                           1.72 kB │ gzip:   0.75 kB
dist/assets/PracticalGuide-BQEVdOVh.js                           1.72 kB │ gzip:   0.75 kB
dist/assets/PracticalGuide-Bkf2LMuD.js                           1.72 kB │ gzip:   0.75 kB
dist/assets/PracticalGuide-DSP6yHBV.js                           1.72 kB │ gzip:   0.75 kB
dist/assets/Architecture-S7G2k8NT.js                             1.72 kB │ gzip:   0.74 kB
dist/assets/BestPractices-BLlhJMU3.js                            1.72 kB │ gzip:   0.75 kB
dist/assets/BestPractices-Ch6QwO-1.js                            1.72 kB │ gzip:   0.75 kB
dist/assets/BestPractices-DG6JVKL1.js                            1.72 kB │ gzip:   0.75 kB
dist/assets/BestPractices-KnxpFqnb.js                            1.72 kB │ gzip:   0.74 kB
dist/assets/BestPractices-ljbbDu__.js                            1.72 kB │ gzip:   0.75 kB
dist/assets/CoreConcepts-Bb0ngs8w.js                             1.72 kB │ gzip:   0.74 kB
dist/assets/CoreConcepts-BwgT4CUs.js                             1.72 kB │ gzip:   0.73 kB
dist/assets/CoreConcepts-DUFIJp4P.js                             1.72 kB │ gzip:   0.74 kB
dist/assets/InterviewQuestions-DJzSfWCo.js                       1.72 kB │ gzip:   0.75 kB
dist/assets/Introduction-CWGn3PpW.js                             1.72 kB │ gzip:   0.75 kB
dist/assets/Introduction-evtDDk-f.js                             1.72 kB │ gzip:   0.74 kB
dist/assets/Introduction-hhbzZZ-J.js                             1.72 kB │ gzip:   0.75 kB
dist/assets/PracticalGuide-AxZmp3dA.js                           1.72 kB │ gzip:   0.74 kB
dist/assets/PracticalGuide-CFVgALLX.js                           1.72 kB │ gzip:   0.75 kB
dist/assets/PracticalGuide-UtmG_1Ou.js                           1.72 kB │ gzip:   0.75 kB
dist/assets/PracticalGuide-uCVTHKS1.js                           1.72 kB │ gzip:   0.75 kB
dist/assets/BestPractices-Aegcj57e.js                            1.72 kB │ gzip:   0.74 kB
dist/assets/BestPractices-B4j_5eeS.js                            1.72 kB │ gzip:   0.75 kB
dist/assets/BestPractices-BH8kFHhA.js                            1.72 kB │ gzip:   0.75 kB
dist/assets/BestPractices-CBRqUr9i.js                            1.72 kB │ gzip:   0.75 kB
dist/assets/BestPractices-CfSioNc-.js                            1.72 kB │ gzip:   0.75 kB
dist/assets/BestPractices-DoeKG7jY.js                            1.72 kB │ gzip:   0.75 kB
dist/assets/CoreConcepts-BLX-C3v8.js                             1.72 kB │ gzip:   0.74 kB
dist/assets/CoreConcepts-DVBmxKBK.js                             1.72 kB │ gzip:   0.73 kB
dist/assets/CoreConcepts-DmYfWcmO.js                             1.72 kB │ gzip:   0.74 kB
dist/assets/InterviewQuestions-BLkhfs4H.js                       1.72 kB │ gzip:   0.75 kB
dist/assets/InterviewQuestions-CHcRzAJC.js                       1.72 kB │ gzip:   0.75 kB
dist/assets/InterviewQuestions-CfySOrmF.js                       1.72 kB │ gzip:   0.75 kB
dist/assets/InterviewQuestions-DfIl-iRx.js                       1.72 kB │ gzip:   0.75 kB
dist/assets/InterviewQuestions-KgYin-pl.js                       1.72 kB │ gzip:   0.75 kB
dist/assets/Introduction-C7TIWNIN.js                             1.72 kB │ gzip:   0.74 kB
dist/assets/PracticalGuide-BhC2QL4f.js                           1.72 kB │ gzip:   0.75 kB
dist/assets/PracticalGuide-BobAxxgT.js                           1.72 kB │ gzip:   0.75 kB
dist/assets/PracticalGuide-DNxPnVqK.js                           1.72 kB │ gzip:   0.75 kB
dist/assets/Architecture-CeWgAzmx.js                             1.72 kB │ gzip:   0.74 kB
dist/assets/Architecture-CjHImclU.js                             1.72 kB │ gzip:   0.74 kB
dist/assets/BestPractices-035He_G7.js                            1.72 kB │ gzip:   0.75 kB
dist/assets/BestPractices-DH3Cz2kM.js                            1.72 kB │ gzip:   0.74 kB
dist/assets/BestPractices-DTvW6gug.js                            1.72 kB │ gzip:   0.75 kB
dist/assets/BestPractices-Dg5kWuEt.js                            1.72 kB │ gzip:   0.75 kB
dist/assets/BestPractices-Dxg23Ddi.js                            1.72 kB │ gzip:   0.74 kB
dist/assets/CoreConcepts-ehLMtD84.js                             1.72 kB │ gzip:   0.74 kB
dist/assets/InterviewQuestions-BxIGlsjZ.js                       1.72 kB │ gzip:   0.75 kB
dist/assets/InterviewQuestions-CZxupOEV.js                       1.72 kB │ gzip:   0.75 kB
dist/assets/InterviewQuestions-DLui0h9o.js                       1.72 kB │ gzip:   0.74 kB
dist/assets/InterviewQuestions-DUtJqENM.js                       1.72 kB │ gzip:   0.74 kB
dist/assets/InterviewQuestions-JtYgBx3o.js                       1.72 kB │ gzip:   0.75 kB
dist/assets/Introduction-B14hFTEI.js                             1.72 kB │ gzip:   0.75 kB
dist/assets/Introduction-C0h6a8Cu.js                             1.72 kB │ gzip:   0.75 kB
dist/assets/Introduction-D-LFguW_.js                             1.72 kB │ gzip:   0.75 kB
dist/assets/Introduction-cT2jnfZ1.js                             1.72 kB │ gzip:   0.74 kB
dist/assets/PracticalGuide-CA4gcVIv.js                           1.72 kB │ gzip:   0.74 kB
dist/assets/Architecture-DD-QM0Kk.js                             1.72 kB │ gzip:   0.75 kB
dist/assets/Architecture-DhqiDqCU.js                             1.72 kB │ gzip:   0.75 kB
dist/assets/BestPractices-C-CYI-6F.js                            1.72 kB │ gzip:   0.75 kB
dist/assets/BestPractices-CtqqhQ3j.js                            1.72 kB │ gzip:   0.75 kB
dist/assets/BestPractices-UkjjCK00.js                            1.72 kB │ gzip:   0.75 kB
dist/assets/BestPractices-frP3yAST.js                            1.72 kB │ gzip:   0.75 kB
dist/assets/CoreConcepts-B41uBJph.js                             1.72 kB │ gzip:   0.74 kB
dist/assets/CoreConcepts-Bd2Of8LX.js                             1.72 kB │ gzip:   0.74 kB
dist/assets/CoreConcepts-Csh65C1j.js                             1.72 kB │ gzip:   0.74 kB
dist/assets/CoreConcepts-CuPacWeG.js                             1.72 kB │ gzip:   0.74 kB
dist/assets/InterviewQuestions-CsvUvasr.js                       1.72 kB │ gzip:   0.75 kB
dist/assets/InterviewQuestions-D7u17C3D.js                       1.72 kB │ gzip:   0.75 kB
dist/assets/InterviewQuestions-DV5wShg7.js                       1.72 kB │ gzip:   0.74 kB
dist/assets/InterviewQuestions-_O-QSAyW.js                       1.72 kB │ gzip:   0.75 kB
dist/assets/InterviewQuestions-nlPlAKGN.js                       1.72 kB │ gzip:   0.75 kB
dist/assets/InterviewQuestions-qOS5jBNO.js                       1.72 kB │ gzip:   0.75 kB
dist/assets/Introduction-BjO5iSa6.js                             1.72 kB │ gzip:   0.74 kB
dist/assets/Introduction-CF8Pegti.js                             1.72 kB │ gzip:   0.75 kB
dist/assets/Introduction-CcSU8lFg.js                             1.72 kB │ gzip:   0.75 kB
dist/assets/Introduction-DE8Hb3Gs.js                             1.72 kB │ gzip:   0.74 kB
dist/assets/Architecture-pnoU0CYq.js                             1.72 kB │ gzip:   0.75 kB
dist/assets/BestPractices-BKGOEa8C.js                            1.72 kB │ gzip:   0.75 kB
dist/assets/BestPractices-BlaC9I4O.js                            1.72 kB │ gzip:   0.75 kB
dist/assets/BestPractices-UQKT3I_y.js                            1.72 kB │ gzip:   0.75 kB
dist/assets/CoreConcepts-BvrUYlyI.js                             1.72 kB │ gzip:   0.74 kB
dist/assets/CoreConcepts-D7cgYYpW.js                             1.72 kB │ gzip:   0.74 kB
dist/assets/CoreConcepts-DdNPi-7L.js                             1.72 kB │ gzip:   0.74 kB
dist/assets/CoreConcepts-DziW2lG6.js                             1.72 kB │ gzip:   0.74 kB
dist/assets/InterviewQuestions-2FWcvrJl.js                       1.72 kB │ gzip:   0.74 kB
dist/assets/InterviewQuestions-Aexnf12L.js                       1.72 kB │ gzip:   0.75 kB
dist/assets/InterviewQuestions-CDVB8wJb.js                       1.72 kB │ gzip:   0.75 kB
dist/assets/InterviewQuestions-DQHgph0v.js                       1.72 kB │ gzip:   0.75 kB
dist/assets/InterviewQuestions-yNyWH18K.js                       1.72 kB │ gzip:   0.74 kB
dist/assets/Introduction-D5lU1_33.js                             1.72 kB │ gzip:   0.75 kB
dist/assets/Introduction-DA2947Uq.js                             1.72 kB │ gzip:   0.75 kB
dist/assets/Introduction-DPTvbvAe.js                             1.72 kB │ gzip:   0.74 kB
dist/assets/PracticalGuide-B9lxml06.js                           1.72 kB │ gzip:   0.75 kB
dist/assets/PracticalGuide-Dfr5Osrq.js                           1.72 kB │ gzip:   0.75 kB
dist/assets/Architecture-C9zSELC0.js                             1.72 kB │ gzip:   0.75 kB
dist/assets/Architecture-CNkRXRXc.js                             1.72 kB │ gzip:   0.75 kB
dist/assets/BestPractices-C0HsiLZ_.js                            1.72 kB │ gzip:   0.75 kB
dist/assets/BestPractices-DBygOqAf.js                            1.72 kB │ gzip:   0.75 kB
dist/assets/BestPractices-DbQoRo6X.js                            1.72 kB │ gzip:   0.75 kB
dist/assets/CoreConcepts-Bumqt3Z8.js                             1.72 kB │ gzip:   0.74 kB
dist/assets/CoreConcepts-Bw-YbpQG.js                             1.72 kB │ gzip:   0.74 kB
dist/assets/CoreConcepts-C9OOSMIh.js                             1.72 kB │ gzip:   0.74 kB
dist/assets/InterviewQuestions-Bh20vLk7.js                       1.72 kB │ gzip:   0.75 kB
dist/assets/InterviewQuestions-BsvecVsj.js                       1.72 kB │ gzip:   0.75 kB
dist/assets/InterviewQuestions-D1CPOOKO.js                       1.72 kB │ gzip:   0.75 kB
dist/assets/InterviewQuestions-DQIpDokJ.js                       1.72 kB │ gzip:   0.76 kB
dist/assets/Introduction-Dw0D2FNw.js                             1.72 kB │ gzip:   0.74 kB
dist/assets/PracticalGuide-CXhbINTg.js                           1.72 kB │ gzip:   0.75 kB
dist/assets/PracticalGuide-DqSLTH_A.js                           1.72 kB │ gzip:   0.75 kB
dist/assets/Architecture-1x3cmRa1.js                             1.72 kB │ gzip:   0.74 kB
dist/assets/BestPractices-xhsEcnT3.js                            1.72 kB │ gzip:   0.75 kB
dist/assets/CoreConcepts-mU3t3AO9.js                             1.72 kB │ gzip:   0.73 kB
dist/assets/InterviewQuestions-CmTYzdLm.js                       1.72 kB │ gzip:   0.74 kB
dist/assets/InterviewQuestions-D4ZzqO0u.js                       1.72 kB │ gzip:   0.75 kB
dist/assets/InterviewQuestions-DrY0rYgf.js                       1.72 kB │ gzip:   0.75 kB
dist/assets/PracticalGuide-CbLuMMdY.js                           1.72 kB │ gzip:   0.75 kB
dist/assets/Architecture-BRvuWJj8.js                             1.73 kB │ gzip:   0.75 kB
dist/assets/Architecture-CjloAgJk.js                             1.73 kB │ gzip:   0.75 kB
dist/assets/BestPractices-BGRWGx9Z.js                            1.73 kB │ gzip:   0.75 kB
dist/assets/BestPractices-BQ_09Dj4.js                            1.73 kB │ gzip:   0.75 kB
dist/assets/BestPractices-DKTN6mYQ.js                            1.73 kB │ gzip:   0.75 kB
dist/assets/BestPractices-DXsBv0Bp.js                            1.73 kB │ gzip:   0.75 kB
dist/assets/InterviewQuestions-Bakmg9rI.js                       1.73 kB │ gzip:   0.75 kB
dist/assets/InterviewQuestions-DNsjsq10.js                       1.73 kB │ gzip:   0.75 kB
dist/assets/InterviewQuestions-St6r9Ssz.js                       1.73 kB │ gzip:   0.75 kB
dist/assets/Introduction-BFFPAalZ.js                             1.73 kB │ gzip:   0.74 kB
dist/assets/Introduction-DvrCZ_bq.js                             1.73 kB │ gzip:   0.74 kB
dist/assets/PracticalGuide-CHmGgjrI.js                           1.73 kB │ gzip:   0.75 kB
dist/assets/PracticalGuide-Ij6jc9_P.js                           1.73 kB │ gzip:   0.75 kB
dist/assets/Architecture-ubeSfUDH.js                             1.73 kB │ gzip:   0.75 kB
dist/assets/BestPractices-BKiUW54Z.js                            1.73 kB │ gzip:   0.75 kB
dist/assets/BestPractices-Csk0E0wD.js                            1.73 kB │ gzip:   0.75 kB
dist/assets/BestPractices-DQKiEmi0.js                            1.73 kB │ gzip:   0.75 kB
dist/assets/BestPractices-MLPLzQei.js                            1.73 kB │ gzip:   0.75 kB
dist/assets/CoreConcepts-CDktxrAt.js                             1.73 kB │ gzip:   0.74 kB
dist/assets/CoreConcepts-DgrGm2_q.js                             1.73 kB │ gzip:   0.74 kB
dist/assets/InterviewQuestions-BiAaBlnL.js                       1.73 kB │ gzip:   0.75 kB
dist/assets/Introduction-Bh57oMSp.js                             1.73 kB │ gzip:   0.75 kB
dist/assets/Introduction-MietVBPm.js                             1.73 kB │ gzip:   0.75 kB
dist/assets/PracticalGuide-CN-VkE31.js                           1.73 kB │ gzip:   0.75 kB
dist/assets/Architecture-BHx1YQIL.js                             1.73 kB │ gzip:   0.76 kB
dist/assets/Architecture-Br0vh2uW.js                             1.73 kB │ gzip:   0.75 kB
dist/assets/BestPractices-CDWXYQq7.js                            1.73 kB │ gzip:   0.75 kB
dist/assets/BestPractices-CqIHuQGN.js                            1.73 kB │ gzip:   0.75 kB
dist/assets/BestPractices-qh7Tggrf.js                            1.73 kB │ gzip:   0.75 kB
dist/assets/CoreConcepts-DMiK9nQy.js                             1.73 kB │ gzip:   0.74 kB
dist/assets/CoreConcepts-DyUAXnyz.js                             1.73 kB │ gzip:   0.74 kB
dist/assets/InterviewQuestions-BMJNms06.js                       1.73 kB │ gzip:   0.75 kB
dist/assets/InterviewQuestions-BP7RtBDR.js                       1.73 kB │ gzip:   0.74 kB
dist/assets/InterviewQuestions-CkRTbKr0.js                       1.73 kB │ gzip:   0.75 kB
dist/assets/InterviewQuestions-OzjA3x2j.js                       1.73 kB │ gzip:   0.75 kB
dist/assets/Introduction-IsoKDpjS.js                             1.73 kB │ gzip:   0.75 kB
dist/assets/PracticalGuide-Ce3kLZz3.js                           1.73 kB │ gzip:   0.75 kB
dist/assets/PracticalGuide-Den5jCit.js                           1.73 kB │ gzip:   0.75 kB
dist/assets/BestPractices-DQBVNVBo.js                            1.73 kB │ gzip:   0.74 kB
dist/assets/CoreConcepts-CIq5jJsv.js                             1.73 kB │ gzip:   0.74 kB
dist/assets/InterviewQuestions-DI9cxr66.js                       1.73 kB │ gzip:   0.75 kB
dist/assets/InterviewQuestions-D_cDHVCM.js                       1.73 kB │ gzip:   0.75 kB
dist/assets/InterviewQuestions-Di-7XkJ4.js                       1.73 kB │ gzip:   0.75 kB
dist/assets/InterviewQuestions-KsubzHdA.js                       1.73 kB │ gzip:   0.75 kB
dist/assets/Introduction-BgUTx8nU.js                             1.73 kB │ gzip:   0.75 kB
dist/assets/Introduction-Cn1YsE6x.js                             1.73 kB │ gzip:   0.75 kB
dist/assets/PracticalGuide-C3K-1TNY.js                           1.73 kB │ gzip:   0.75 kB
dist/assets/CoreConcepts-Cj7ksR0M.js                             1.73 kB │ gzip:   0.74 kB
dist/assets/CoreConcepts-qsAr15fH.js                             1.73 kB │ gzip:   0.74 kB
dist/assets/InterviewQuestions-BPS-kOa8.js                       1.73 kB │ gzip:   0.75 kB
dist/assets/InterviewQuestions-CRQjlBZK.js                       1.73 kB │ gzip:   0.75 kB
dist/assets/InterviewQuestions-CnI1zub1.js                       1.73 kB │ gzip:   0.75 kB
dist/assets/Introduction-Lc-yBgh1.js                             1.73 kB │ gzip:   0.75 kB
dist/assets/PracticalGuide-CdWYxskK.js                           1.73 kB │ gzip:   0.76 kB
dist/assets/PracticalGuide-_MjRuWZ5.js                           1.73 kB │ gzip:   0.75 kB
dist/assets/BestPractices-BrvrEj1p.js                            1.73 kB │ gzip:   0.75 kB
dist/assets/BestPractices-D0Sog81J.js                            1.73 kB │ gzip:   0.75 kB
dist/assets/CoreConcepts-Dg5OKuWI.js                             1.73 kB │ gzip:   0.74 kB
dist/assets/InterviewQuestions-CoNweKko.js                       1.73 kB │ gzip:   0.74 kB
dist/assets/Introduction-BdvusauW.js                             1.73 kB │ gzip:   0.75 kB
dist/assets/Introduction-CEDNrfkO.js                             1.73 kB │ gzip:   0.75 kB
dist/assets/BestPractices-CGWH6cFk.js                            1.73 kB │ gzip:   0.76 kB
dist/assets/BestPractices-CjJkqwaU.js                            1.73 kB │ gzip:   0.75 kB
dist/assets/CoreConcepts-BAA2KE6G.js                             1.73 kB │ gzip:   0.74 kB
dist/assets/CoreConcepts-C8dLtZZ_.js                             1.73 kB │ gzip:   0.74 kB
dist/assets/Introduction-BIKojacl.js                             1.73 kB │ gzip:   0.75 kB
dist/assets/BestPractices-DNnOFlq0.js                            1.73 kB │ gzip:   0.75 kB
dist/assets/CoreConcepts-F-6cYo7q.js                             1.73 kB │ gzip:   0.74 kB
dist/assets/InterviewQuestions-Bf9vo9BY.js                       1.73 kB │ gzip:   0.75 kB
dist/assets/InterviewQuestions-bVGb8wBa.js                       1.73 kB │ gzip:   0.75 kB
dist/assets/Introduction-CAqvDCt9.js                             1.73 kB │ gzip:   0.75 kB
dist/assets/Introduction-DELlaw_q.js                             1.73 kB │ gzip:   0.75 kB
dist/assets/Architecture-Dft4XYO2.js                             1.73 kB │ gzip:   0.74 kB
dist/assets/BestPractices-CttmiYgM.js                            1.73 kB │ gzip:   0.75 kB
dist/assets/BestPractices-ymx8vFBs.js                            1.73 kB │ gzip:   0.75 kB
dist/assets/CoreConcepts-B63N7LHR.js                             1.73 kB │ gzip:   0.74 kB
dist/assets/CoreConcepts-D1YGgbap.js                             1.73 kB │ gzip:   0.75 kB
dist/assets/InterviewQuestions-BNFeKbvy.js                       1.73 kB │ gzip:   0.75 kB
dist/assets/InterviewQuestions-vi0HVkTd.js                       1.73 kB │ gzip:   0.76 kB
dist/assets/BestPractices-Df24n6qK.js                            1.73 kB │ gzip:   0.75 kB
dist/assets/InterviewQuestions-FKUjUz-W.js                       1.73 kB │ gzip:   0.75 kB
dist/assets/Architecture-6efyGuhX.js                             1.74 kB │ gzip:   0.75 kB
dist/assets/Architecture-BtNXFttW.js                             1.74 kB │ gzip:   0.75 kB
dist/assets/BestPractices-CSq5t0-N.js                            1.74 kB │ gzip:   0.75 kB
dist/assets/BestPractices-lqgXC6_r.js                            1.74 kB │ gzip:   0.75 kB
dist/assets/InterviewQuestions-BkmNMPIx.js                       1.74 kB │ gzip:   0.76 kB
dist/assets/InterviewQuestions-CIWTQn9e.js                       1.74 kB │ gzip:   0.75 kB
dist/assets/PracticalGuide-BQcq7iS2.js                           1.74 kB │ gzip:   0.75 kB
dist/assets/BestPractices-C-jagIjb.js                            1.74 kB │ gzip:   0.75 kB
dist/assets/InterviewQuestions-B-qrviOQ.js                       1.74 kB │ gzip:   0.75 kB
dist/assets/BestPractices-DGhLu_wL.js                            1.74 kB │ gzip:   0.75 kB
dist/assets/BestPractices-Diq3ny6d.js                            1.74 kB │ gzip:   0.76 kB
dist/assets/InterviewQuestions-BI8r0REZ.js                       1.74 kB │ gzip:   0.75 kB
dist/assets/InterviewQuestions-OmR8i8w0.js                       1.74 kB │ gzip:   0.75 kB
dist/assets/PracticalGuide-Bpm9eK_S.js                           1.74 kB │ gzip:   0.75 kB
dist/assets/PracticalGuide-DBYp3kc1.js                           1.74 kB │ gzip:   0.75 kB
dist/assets/InterviewQuestions-BuW7KBz2.js                       1.74 kB │ gzip:   0.75 kB
dist/assets/Introduction-BrTcT0qS.js                             1.74 kB │ gzip:   0.74 kB
dist/assets/CoreConcepts-BIaVtMuE.js                             1.74 kB │ gzip:   0.74 kB
dist/assets/InterviewQuestions-CYEiikvD.js                       1.74 kB │ gzip:   0.75 kB
dist/assets/InterviewQuestions-Cj9g9-4l.js                       1.74 kB │ gzip:   0.76 kB
dist/assets/Introduction-BncfQ2TW.js                             1.74 kB │ gzip:   0.75 kB
dist/assets/Introduction-DRbUOpKh.js                             1.74 kB │ gzip:   0.75 kB
dist/assets/Architecture-Dk_5IOGg.js                             1.74 kB │ gzip:   0.76 kB
dist/assets/CoreConcepts-BePSzcrH.js                             1.74 kB │ gzip:   0.74 kB
dist/assets/CoreConcepts-aemc5eZn.js                             1.74 kB │ gzip:   0.75 kB
dist/assets/BestPractices-BQgVglRH.js                            1.74 kB │ gzip:   0.75 kB
dist/assets/PracticalGuide-B4WpmCak.js                           1.74 kB │ gzip:   0.76 kB
dist/assets/BestPractices-Ot-XU2Nt.js                            1.75 kB │ gzip:   0.76 kB
dist/assets/BestPractices-yP8yGOH1.js                            1.75 kB │ gzip:   0.75 kB
dist/assets/InterviewQuestions-Cs9ueQyy.js                       1.75 kB │ gzip:   0.75 kB
dist/assets/Introduction-BI4XhzQA.js                             1.75 kB │ gzip:   0.76 kB
dist/assets/CoreConcepts-CP4lxUkQ.js                             1.75 kB │ gzip:   0.75 kB
dist/assets/InterviewQuestions-DhssJlsN.js                       1.75 kB │ gzip:   0.75 kB
dist/assets/InterviewQuestions-v3KpwVh-.js                       1.75 kB │ gzip:   0.75 kB
dist/assets/BestPractices-BqqbjO9j.js                            1.75 kB │ gzip:   0.76 kB
dist/assets/BestPractices-a1UPqYLJ.js                            1.75 kB │ gzip:   0.75 kB
dist/assets/InterviewQuestions-DbTmlX14.js                       1.75 kB │ gzip:   0.76 kB
dist/assets/Course-BOSg3Os5.js                                   1.78 kB │ gzip:   0.79 kB
dist/assets/BestPractices-CKzcKmIF.js                            1.78 kB │ gzip:   0.70 kB
dist/assets/Architecture-WBZ9jkqp.js                             1.79 kB │ gzip:   0.75 kB
dist/assets/CoreConcepts-BAfpzjsN.js                             1.80 kB │ gzip:   0.76 kB
dist/assets/PracticalGuide-DRWaoFeJ.js                           1.80 kB │ gzip:   0.71 kB
dist/assets/CoreConcepts-DHdhLrmw.js                             1.82 kB │ gzip:   0.75 kB
dist/assets/PracticalGuide-DglDZ-hn.js                           1.88 kB │ gzip:   0.74 kB
dist/assets/InterviewQuestions-DnWTgDgq.js                       2.08 kB │ gzip:   0.83 kB
dist/assets/databaseCourses-DswsuVbQ.js                          2.36 kB │ gzip:   1.07 kB
dist/assets/Introduction-DIY11n-Z.js                             2.43 kB │ gzip:   0.93 kB
dist/assets/Introduction-xlipgKLg.js                             2.50 kB │ gzip:   0.97 kB
dist/assets/Article-CclNuwhx4.js                                 3.48 kB │ gzip:   1.39 kB
dist/assets/Article-B0TqkWC-3.js                                 3.54 kB │ gzip:   1.48 kB
dist/assets/Article-Cm28zSIT4.js                                 3.57 kB │ gzip:   1.44 kB
dist/assets/Article-BdJa7Y4k2.js                                 3.61 kB │ gzip:   1.42 kB
dist/assets/Article-C3OMKwP_3.js                                 3.62 kB │ gzip:   1.36 kB
dist/assets/Article-Cc1s6Wxv2.js                                 3.62 kB │ gzip:   1.41 kB
dist/assets/Article-huUJorX-3.js                                 3.63 kB │ gzip:   1.48 kB
dist/assets/Article-ChzUQvZs4.js                                 3.66 kB │ gzip:   1.49 kB
dist/assets/Article-Cn-FqxjD2.js                                 3.66 kB │ gzip:   1.57 kB
dist/assets/Article-Cyd7RWfz3.js                                 3.70 kB │ gzip:   1.40 kB
dist/assets/Article-weeQ4U6N2.js                                 3.71 kB │ gzip:   1.32 kB
dist/assets/Article-B0M5qzjT4.js                                 3.72 kB │ gzip:   1.52 kB
dist/assets/Article-CLPZ9RjT2.js                                 3.73 kB │ gzip:   1.35 kB
dist/assets/Article-Bvr5JYsF3.js                                 3.73 kB │ gzip:   1.58 kB
dist/assets/Article-DCOl-F2E2.js                                 3.74 kB │ gzip:   1.34 kB
dist/assets/Article-wXkbL8TC3.js                                 3.76 kB │ gzip:   1.57 kB
dist/assets/Article-DuGEwopV2.js                                 3.76 kB │ gzip:   1.63 kB
dist/assets/Article-CGO2ZVmh3.js                                 3.80 kB │ gzip:   1.55 kB
dist/assets/Article-BYS72PhE3.js                                 3.80 kB │ gzip:   1.42 kB
dist/assets/Article-DkxN1AxX2.js                                 3.80 kB │ gzip:   1.59 kB
dist/assets/Article-EB__Uz3l2.js                                 3.83 kB │ gzip:   1.44 kB
dist/assets/Article-BxVqxRtJ2.js                                 3.84 kB │ gzip:   1.59 kB
dist/assets/Article-aMQPSClf2.js                                 3.85 kB │ gzip:   1.55 kB
dist/assets/Article-Bp2EmTh93.js                                 3.85 kB │ gzip:   1.48 kB
dist/assets/Article-BIr0yNi72.js                                 3.87 kB │ gzip:   1.43 kB
dist/assets/Article-DTzVufCI2.js                                 3.87 kB │ gzip:   1.37 kB
dist/assets/Article-sziNC4Fk3.js                                 3.87 kB │ gzip:   1.54 kB
dist/assets/Article-6V51shrM2.js                                 3.88 kB │ gzip:   1.55 kB
dist/assets/Article-Cyj25mPp3.js                                 3.90 kB │ gzip:   1.52 kB
dist/assets/Article-B3wURymd3.js                                 3.91 kB │ gzip:   1.56 kB
dist/assets/Article-uuY1D6NJ4.js                                 3.91 kB │ gzip:   1.57 kB
dist/assets/Article-Dhm7Wfpp2.js                                 3.91 kB │ gzip:   1.54 kB
dist/assets/Article-CHv_g8yi4.js                                 3.92 kB │ gzip:   1.58 kB
dist/assets/Article-D_1bW9aw2.js                                 3.92 kB │ gzip:   1.40 kB
dist/assets/Article-BH419rm73.js                                 3.92 kB │ gzip:   1.46 kB
dist/assets/Article-C4rPdjWR.js                                  3.94 kB │ gzip:   1.64 kB
dist/assets/Article-CcjCvtQT3.js                                 3.94 kB │ gzip:   1.51 kB
dist/assets/Article-CuiV0lDO2.js                                 3.94 kB │ gzip:   1.60 kB
dist/assets/Article-Bk-Sg0nz2.js                                 3.95 kB │ gzip:   1.50 kB
dist/assets/Article-Be9eOPCa2.js                                 3.95 kB │ gzip:   1.44 kB
dist/assets/Article-Cdc-qoAm2.js                                 3.95 kB │ gzip:   1.56 kB
dist/assets/Article-BVuo-mcC2.js                                 3.95 kB │ gzip:   1.61 kB
dist/assets/Article-VGEFu1WZ3.js                                 3.96 kB │ gzip:   1.59 kB
dist/assets/Article-Bg-zdMbq2.js                                 3.99 kB │ gzip:   1.44 kB
dist/assets/Article-BQHaIRQv2.js                                 3.99 kB │ gzip:   1.59 kB
dist/assets/Article-DF-sWOlZ2.js                                 3.99 kB │ gzip:   1.51 kB
dist/assets/Article-97gF2rew3.js                                 4.00 kB │ gzip:   1.59 kB
dist/assets/Article-CnGnMRG82.js                                 4.01 kB │ gzip:   1.71 kB
dist/assets/Article-SHcZuZJw2.js                                 4.03 kB │ gzip:   1.56 kB
dist/assets/Article-j_J-au7N.js                                  4.03 kB │ gzip:   1.69 kB
dist/assets/Article-BXVcJ6jy4.js                                 4.04 kB │ gzip:   1.55 kB
dist/assets/Article-Daj-p-gD2.js                                 4.04 kB │ gzip:   1.54 kB
dist/assets/Article-BO1avUDG2.js                                 4.05 kB │ gzip:   1.60 kB
dist/assets/Article-DRGXSHpi4.js                                 4.07 kB │ gzip:   1.57 kB
dist/assets/Article-nkZWk8DN2.js                                 4.07 kB │ gzip:   1.66 kB
dist/assets/Article-BYSHfaqh2.js                                 4.08 kB │ gzip:   1.54 kB
dist/assets/Article-NCgZjLbA2.js                                 4.09 kB │ gzip:   1.63 kB
dist/assets/Article-jk7uOk3g.js                                  4.09 kB │ gzip:   1.77 kB
dist/assets/Article-Cdn0pypv3.js                                 4.09 kB │ gzip:   1.54 kB
dist/assets/Article-abgZFXN_2.js                                 4.10 kB │ gzip:   1.62 kB
dist/assets/Article-DWcZNvvh4.js                                 4.10 kB │ gzip:   1.54 kB
dist/assets/Article-BWPRoz2k3.js                                 4.11 kB │ gzip:   1.56 kB
dist/assets/Article-DXcys51d2.js                                 4.11 kB │ gzip:   1.63 kB
dist/assets/Article-C90uHZZi3.js                                 4.11 kB │ gzip:   1.55 kB
dist/assets/Article-CGQ4IhNL4.js                                 4.12 kB │ gzip:   1.64 kB
dist/assets/Article-RfjfHGQx2.js                                 4.12 kB │ gzip:   1.55 kB
dist/assets/Article-5Ncd6AKM2.js                                 4.13 kB │ gzip:   1.58 kB
dist/assets/Article-CHhtVXbQ3.js                                 4.13 kB │ gzip:   1.64 kB
dist/assets/Article-DO8jc0123.js                                 4.14 kB │ gzip:   1.69 kB
dist/assets/Article-Bi5t7jbw3.js                                 4.15 kB │ gzip:   1.60 kB
dist/assets/Article-Corldw6C2.js                                 4.15 kB │ gzip:   1.56 kB
dist/assets/Article-WCLDICrX2.js                                 4.15 kB │ gzip:   1.70 kB
dist/assets/Article-BUDOu7N24.js                                 4.15 kB │ gzip:   1.62 kB
dist/assets/Article-D1v88R2o3.js                                 4.15 kB │ gzip:   1.65 kB
dist/assets/Article-DCzB-I193.js                                 4.16 kB │ gzip:   1.56 kB
dist/assets/Article-DKr_x_SP4.js                                 4.16 kB │ gzip:   1.69 kB
dist/assets/Article-BwMSh-tO4.js                                 4.16 kB │ gzip:   1.59 kB
dist/assets/Article-Df4BbC5c2.js                                 4.16 kB │ gzip:   1.70 kB
dist/assets/Article-Bs4AcedN2.js                                 4.16 kB │ gzip:   1.71 kB
dist/assets/Article-kMP3VmlJ2.js                                 4.16 kB │ gzip:   1.48 kB
dist/assets/Article-wmWhDC_J3.js                                 4.17 kB │ gzip:   1.55 kB
dist/assets/Article-C_YO2KNv.js                                  4.17 kB │ gzip:   1.50 kB
dist/assets/Article-DQ69-z5j.js                                  4.18 kB │ gzip:   1.82 kB
dist/assets/Article-DtyRV7CA2.js                                 4.18 kB │ gzip:   1.55 kB
dist/assets/Article-CkUduRzS2.js                                 4.19 kB │ gzip:   1.64 kB
dist/assets/Article-DVcI-5_X3.js                                 4.19 kB │ gzip:   1.62 kB
dist/assets/Article-B2ofvu8e3.js                                 4.20 kB │ gzip:   1.61 kB
dist/assets/Article-fQxzEhXa2.js                                 4.20 kB │ gzip:   1.66 kB
dist/assets/Article-Ax3KUvoD3.js                                 4.20 kB │ gzip:   1.67 kB
dist/assets/Article-CRF8E0Tw.js                                  4.21 kB │ gzip:   1.66 kB
dist/assets/Article-Df01nsEG.js                                  4.21 kB │ gzip:   1.78 kB
dist/assets/Article-C9ra3aOx2.js                                 4.21 kB │ gzip:   1.60 kB
dist/assets/Article-CxK4Vv-Y3.js                                 4.21 kB │ gzip:   1.72 kB
dist/assets/Article-CcR1w0Fo3.js                                 4.21 kB │ gzip:   1.55 kB
dist/assets/Article-CuYPZxPV2.js                                 4.21 kB │ gzip:   1.78 kB
dist/assets/Article-Dj2jk9yt.js                                  4.21 kB │ gzip:   1.75 kB
dist/assets/Article-C8TFS1iT4.js                                 4.22 kB │ gzip:   1.70 kB
dist/assets/Article-DiWH5hK02.js                                 4.22 kB │ gzip:   1.60 kB
dist/assets/Article-fD9V3qo9.js                                  4.22 kB │ gzip:   1.57 kB
dist/assets/Article-nGQ7dDwm3.js                                 4.22 kB │ gzip:   1.72 kB
dist/assets/Article-CkEdLR5v2.js                                 4.22 kB │ gzip:   1.66 kB
dist/assets/Article-B26gWW1U3.js                                 4.22 kB │ gzip:   1.70 kB
dist/assets/Article-7y_oCOye3.js                                 4.23 kB │ gzip:   1.60 kB
dist/assets/Article-DzL8z7w02.js                                 4.23 kB │ gzip:   1.64 kB
dist/assets/Article-BqWxflox2.js                                 4.23 kB │ gzip:   1.66 kB
dist/assets/Article-B_O83gYS3.js                                 4.24 kB │ gzip:   1.51 kB
dist/assets/Article-Fh31we--2.js                                 4.24 kB │ gzip:   1.64 kB
dist/assets/Article-i2BfkXQ22.js                                 4.24 kB │ gzip:   1.57 kB
dist/assets/Article-DxolXCeB2.js                                 4.25 kB │ gzip:   1.51 kB
dist/assets/Article-De36xu14.js                                  4.25 kB │ gzip:   1.79 kB
dist/assets/Article-Dq1kA7At.js                                  4.25 kB │ gzip:   1.79 kB
dist/assets/Article-CZuicwcg3.js                                 4.25 kB │ gzip:   1.56 kB
dist/assets/Article-BSy_qQli2.js                                 4.26 kB │ gzip:   1.65 kB
dist/assets/Article-D2dVpgn93.js                                 4.26 kB │ gzip:   1.63 kB
dist/assets/Article-DdJmYIMs2.js                                 4.26 kB │ gzip:   1.60 kB
dist/assets/Article-BtLTwM0e2.js                                 4.26 kB │ gzip:   1.73 kB
dist/assets/Article-CsR1Dt_E3.js                                 4.27 kB │ gzip:   1.64 kB
dist/assets/Article-BwejQDO33.js                                 4.27 kB │ gzip:   1.67 kB
dist/assets/Article-CreZE1gp3.js                                 4.29 kB │ gzip:   1.58 kB
dist/assets/Article-3rVqKk6A4.js                                 4.29 kB │ gzip:   1.61 kB
dist/assets/Article-DL3rfUCq2.js                                 4.30 kB │ gzip:   1.48 kB
dist/assets/Article-nMNNCq0X4.js                                 4.30 kB │ gzip:   1.65 kB
dist/assets/Article-DhgFzS7i.js                                  4.30 kB │ gzip:   1.68 kB
dist/assets/Article-cdINUs_S4.js                                 4.30 kB │ gzip:   1.60 kB
dist/assets/Article-CUJ8CV5f2.js                                 4.31 kB │ gzip:   1.66 kB
dist/assets/Article-DgTIK9sa3.js                                 4.31 kB │ gzip:   1.67 kB
dist/assets/Article-C9_fGDTh.js                                  4.31 kB │ gzip:   1.84 kB
dist/assets/Article-CUWCwDJl3.js                                 4.32 kB │ gzip:   1.55 kB
dist/assets/Article-BioqNy-d3.js                                 4.32 kB │ gzip:   1.65 kB
dist/assets/Article-C0LROruB3.js                                 4.32 kB │ gzip:   1.55 kB
dist/assets/Article-UVKxfZLR4.js                                 4.32 kB │ gzip:   1.57 kB
dist/assets/Article-C3ROWH4G2.js                                 4.32 kB │ gzip:   1.74 kB
dist/assets/Article-UpZ1CagX.js                                  4.33 kB │ gzip:   1.82 kB
dist/assets/Article-D9cOlu6S2.js                                 4.33 kB │ gzip:   1.63 kB
dist/assets/Article-BQ5WEVeE2.js                                 4.34 kB │ gzip:   1.79 kB
dist/assets/Article-BIObLlUy2.js                                 4.34 kB │ gzip:   1.46 kB
dist/assets/Article-DBbRmo6j.js                                  4.34 kB │ gzip:   1.72 kB
dist/assets/Article-T3fRyo3y3.js                                 4.34 kB │ gzip:   1.71 kB
dist/assets/Article-DW35d4aE3.js                                 4.35 kB │ gzip:   1.55 kB
dist/assets/Article-B5PG3qGd2.js                                 4.35 kB │ gzip:   1.70 kB
dist/assets/Article-Hf_93oq64.js                                 4.36 kB │ gzip:   1.69 kB
dist/assets/Article-LqjKrCH73.js                                 4.37 kB │ gzip:   1.69 kB
dist/assets/Article-B4jkLesE.js                                  4.37 kB │ gzip:   1.80 kB
dist/assets/Article-BZlDekxY3.js                                 4.38 kB │ gzip:   1.69 kB
dist/assets/Article-BgngHSr3.js                                  4.38 kB │ gzip:   1.77 kB
dist/assets/Article-Ce8jKp3-4.js                                 4.39 kB │ gzip:   1.66 kB
dist/assets/Article-DHFxUk422.js                                 4.39 kB │ gzip:   1.63 kB
dist/assets/Article-a1YV1Nh84.js                                 4.39 kB │ gzip:   1.61 kB
dist/assets/Article-Dv5eorU-2.js                                 4.39 kB │ gzip:   1.69 kB
dist/assets/Article-tfALL3Wy2.js                                 4.39 kB │ gzip:   1.75 kB
dist/assets/Article-DlGzytXj4.js                                 4.39 kB │ gzip:   1.61 kB
dist/assets/Article-BzhNbUUx3.js                                 4.40 kB │ gzip:   1.74 kB
dist/assets/Article-BdLEChyx2.js                                 4.40 kB │ gzip:   1.64 kB
dist/assets/Article-4T2przr_.js                                  4.41 kB │ gzip:   1.82 kB
dist/assets/Article-CWSnE5p02.js                                 4.41 kB │ gzip:   1.74 kB
dist/assets/Article-CF9FVmNc4.js                                 4.42 kB │ gzip:   1.66 kB
dist/assets/Article-DL5K1Df22.js                                 4.42 kB │ gzip:   1.70 kB
dist/assets/Article-2dMHpynp.js                                  4.42 kB │ gzip:   1.72 kB
dist/assets/Article-jKmcJ58A2.js                                 4.42 kB │ gzip:   1.75 kB
dist/assets/Article-DCEqNvOT4.js                                 4.42 kB │ gzip:   1.65 kB
dist/assets/Article-L3VswiSb2.js                                 4.42 kB │ gzip:   1.59 kB
dist/assets/Article-C0JL-2rb2.js                                 4.43 kB │ gzip:   1.71 kB
dist/assets/Article-pm9eOFHT.js                                  4.43 kB │ gzip:   1.82 kB
dist/assets/Article-BvgDMyQR.js                                  4.43 kB │ gzip:   1.78 kB
dist/assets/Article-DMQa31Ik.js                                  4.43 kB │ gzip:   1.63 kB
dist/assets/Article-0f_TJ1HK2.js                                 4.43 kB │ gzip:   1.65 kB
dist/assets/Article-JfvVwAbf4.js                                 4.44 kB │ gzip:   1.65 kB
dist/assets/Article-01YnwmQ_.js                                  4.44 kB │ gzip:   1.64 kB
dist/assets/Article-DWjbyMI_3.js                                 4.45 kB │ gzip:   1.60 kB
dist/assets/Article-B4_cpxFx4.js                                 4.45 kB │ gzip:   1.65 kB
dist/assets/Article-BQLE9I0c.js                                  4.46 kB │ gzip:   1.88 kB
dist/assets/Article-DV5y-yxH2.js                                 4.46 kB │ gzip:   1.68 kB
dist/assets/Article-DYziXryF2.js                                 4.46 kB │ gzip:   1.78 kB
dist/assets/Article-F5ox9iBH3.js                                 4.47 kB │ gzip:   1.83 kB
dist/assets/Article-CPRlkHV83.js                                 4.47 kB │ gzip:   1.52 kB
dist/assets/Article-0CcFjPJY4.js                                 4.48 kB │ gzip:   1.85 kB
dist/assets/Article-DE19LcFh2.js                                 4.48 kB │ gzip:   1.70 kB
dist/assets/Article-BIpMOmOf.js                                  4.48 kB │ gzip:   1.86 kB
dist/assets/Article-BfsEjLxQ.js                                  4.48 kB │ gzip:   1.82 kB
dist/assets/Article-nfKP4y_c2.js                                 4.48 kB │ gzip:   1.60 kB
dist/assets/Article-BZQh6iSG.js                                  4.49 kB │ gzip:   1.79 kB
dist/assets/Article-BEObvBjJ2.js                                 4.49 kB │ gzip:   1.64 kB
dist/assets/Article-CDRZcBIP.js                                  4.50 kB │ gzip:   1.66 kB
dist/assets/Article-BBiTnB044.js                                 4.51 kB │ gzip:   1.76 kB
dist/assets/Article-BUlKPK4u2.js                                 4.51 kB │ gzip:   1.67 kB
dist/assets/Article-DJ6dDPQd4.js                                 4.51 kB │ gzip:   1.81 kB
dist/assets/Article-DJnmtNG22.js                                 4.51 kB │ gzip:   1.66 kB
dist/assets/Article-B44CCgYJ.js                                  4.52 kB │ gzip:   1.83 kB
dist/assets/Article-Be4T8-NU3.js                                 4.52 kB │ gzip:   1.65 kB
dist/assets/Article-CpxohVCu4.js                                 4.52 kB │ gzip:   1.66 kB
dist/assets/Article-tE5wlAOd3.js                                 4.52 kB │ gzip:   1.63 kB
dist/assets/Article-BkKFaTXr3.js                                 4.52 kB │ gzip:   1.69 kB
dist/assets/Article-CNHumiuD.js                                  4.53 kB │ gzip:   1.79 kB
dist/assets/Article-DcGbAV1m3.js                                 4.53 kB │ gzip:   1.57 kB
dist/assets/Article-BDwLKpYO2.js                                 4.54 kB │ gzip:   1.60 kB
dist/assets/Article-DQocvzxU2.js                                 4.54 kB │ gzip:   1.60 kB
dist/assets/Article-BUFRHA5s2.js                                 4.54 kB │ gzip:   1.71 kB
dist/assets/Article-BTmM4rhv3.js                                 4.54 kB │ gzip:   1.55 kB
dist/assets/Article-D708nLZk3.js                                 4.55 kB │ gzip:   1.69 kB
dist/assets/Article-80TJ2jIc4.js                                 4.55 kB │ gzip:   1.66 kB
dist/assets/Article-C9U-fEiD2.js                                 4.55 kB │ gzip:   1.69 kB
dist/assets/Article-CF8o52Eq.js                                  4.55 kB │ gzip:   1.68 kB
dist/assets/Article-Byqsg-fr2.js                                 4.55 kB │ gzip:   1.71 kB
dist/assets/Article-CsgILUNT2.js                                 4.56 kB │ gzip:   1.82 kB
dist/assets/Article-c_kc6pYh.js                                  4.56 kB │ gzip:   1.77 kB
dist/assets/Article-Ch9sYNeq.js                                  4.57 kB │ gzip:   1.67 kB
dist/assets/Article-lliXset72.js                                 4.57 kB │ gzip:   1.66 kB
dist/assets/Article-CR-9id0E2.js                                 4.58 kB │ gzip:   1.84 kB
dist/assets/Article-DR8NVud_4.js                                 4.58 kB │ gzip:   1.67 kB
dist/assets/Article-DMLLCjul3.js                                 4.58 kB │ gzip:   1.70 kB
dist/assets/Article-DxzH46J1.js                                  4.58 kB │ gzip:   1.70 kB
dist/assets/Article-DOKjjACa4.js                                 4.59 kB │ gzip:   1.60 kB
dist/assets/Article-WfZqjKt54.js                                 4.59 kB │ gzip:   1.64 kB
dist/assets/Article-DrM0QSy94.js                                 4.60 kB │ gzip:   1.71 kB
dist/assets/Article-C4nbEwA7.js                                  4.60 kB │ gzip:   1.79 kB
dist/assets/Article-YFSmUBUN2.js                                 4.60 kB │ gzip:   1.71 kB
dist/assets/Article-B4HcvCVX2.js                                 4.60 kB │ gzip:   1.70 kB
dist/assets/Article-FhsYY2I_.js                                  4.60 kB │ gzip:   1.81 kB
dist/assets/Article-Dy1qoRC-3.js                                 4.61 kB │ gzip:   1.66 kB
dist/assets/Article-DcRkjVwk3.js                                 4.61 kB │ gzip:   1.66 kB
dist/assets/Article-CnV_FdF82.js                                 4.61 kB │ gzip:   1.70 kB
dist/assets/Article-ZdRFAtTf2.js                                 4.61 kB │ gzip:   1.70 kB
dist/assets/Article-COypIIfB2.js                                 4.61 kB │ gzip:   1.71 kB
dist/assets/Article-BjG3E3yx4.js                                 4.62 kB │ gzip:   1.77 kB
dist/assets/Article-DFvViFLf4.js                                 4.63 kB │ gzip:   1.69 kB
dist/assets/Article-BI3fAwbv2.js                                 4.63 kB │ gzip:   1.67 kB
dist/assets/Article-B5mn0iMh4.js                                 4.63 kB │ gzip:   1.85 kB
dist/assets/Article-C0F_4NJN2.js                                 4.64 kB │ gzip:   1.72 kB
dist/assets/Article-C8rLByOV2.js                                 4.65 kB │ gzip:   1.74 kB
dist/assets/Article-DB8s_jmM2.js                                 4.65 kB │ gzip:   1.60 kB
dist/assets/Article-DjSLkAxA.js                                  4.65 kB │ gzip:   1.83 kB
dist/assets/Article-rRN8_n9b.js                                  4.66 kB │ gzip:   1.85 kB
dist/assets/Article-DoHTT3Wx.js                                  4.67 kB │ gzip:   1.77 kB
dist/assets/Article-ip5My5Yy3.js                                 4.67 kB │ gzip:   1.71 kB
dist/assets/Article-DeMsdNM9.js                                  4.67 kB │ gzip:   1.89 kB
dist/assets/Article-D1DQhYH32.js                                 4.69 kB │ gzip:   1.81 kB
dist/assets/Article-Cq-1NeZz3.js                                 4.69 kB │ gzip:   1.66 kB
dist/assets/Article-BS8YPf-53.js                                 4.69 kB │ gzip:   1.69 kB
dist/assets/Article-DilG_ubi3.js                                 4.69 kB │ gzip:   1.70 kB
dist/assets/Article-CCFgqO0b4.js                                 4.70 kB │ gzip:   1.68 kB
dist/assets/Article-E0FO5KFJ3.js                                 4.70 kB │ gzip:   1.69 kB
dist/assets/Article-rG7BAmyf.js                                  4.70 kB │ gzip:   1.82 kB
dist/assets/Article-CBtuxoPv4.js                                 4.71 kB │ gzip:   1.73 kB
dist/assets/Article-CpnGe4zc.js                                  4.73 kB │ gzip:   1.87 kB
dist/assets/Article-BFM8FWUI.js                                  4.74 kB │ gzip:   1.84 kB
dist/assets/Article-qQTS4oO64.js                                 4.75 kB │ gzip:   1.75 kB
dist/assets/Article-DrgA3j1E.js                                  4.75 kB │ gzip:   1.80 kB
dist/assets/Article-ChZ5nrd62.js                                 4.76 kB │ gzip:   1.88 kB
dist/assets/Article-CDZVl-mL4.js                                 4.76 kB │ gzip:   1.79 kB
dist/assets/Article-DNng-aVm3.js                                 4.76 kB │ gzip:   1.82 kB
dist/assets/Article-BuejKUuP.js                                  4.77 kB │ gzip:   1.89 kB
dist/assets/Article-DDGajv112.js                                 4.78 kB │ gzip:   1.83 kB
dist/assets/Article-BOsU93kZ2.js                                 4.78 kB │ gzip:   1.48 kB
dist/assets/Article-DuQ1fYU13.js                                 4.78 kB │ gzip:   1.68 kB
dist/assets/Article-DChyTZbl.js                                  4.79 kB │ gzip:   1.76 kB
dist/assets/Article-Etc3PRLH.js                                  4.79 kB │ gzip:   1.93 kB
dist/assets/Article-Drc5YF7i4.js                                 4.79 kB │ gzip:   1.77 kB
dist/assets/Article-OBx_Xma6.js                                  4.81 kB │ gzip:   1.79 kB
dist/assets/Article-56R-Tuih3.js                                 4.82 kB │ gzip:   1.76 kB
dist/assets/Article-BeEol6UY.js                                  4.83 kB │ gzip:   1.84 kB
dist/assets/Article-CR1ltobo3.js                                 4.83 kB │ gzip:   1.81 kB
dist/assets/Article-C4m4dbGY.js                                  4.83 kB │ gzip:   1.92 kB
dist/assets/Article-DFwJiyo6.js                                  4.84 kB │ gzip:   1.85 kB
dist/assets/Article-CXCTDVRD2.js                                 4.84 kB │ gzip:   1.91 kB
dist/assets/Article-rRlU_VPG3.js                                 4.84 kB │ gzip:   1.79 kB
dist/assets/Article-rnmulUz1.js                                  4.85 kB │ gzip:   1.83 kB
dist/assets/Article-T9TtLjbL.js                                  4.86 kB │ gzip:   1.87 kB
dist/assets/Article-BKS6Txcc2.js                                 4.86 kB │ gzip:   1.85 kB
dist/assets/Article-DQ5ZzBBq.js                                  4.89 kB │ gzip:   1.75 kB
dist/assets/Article-wtc-j-AU2.js                                 4.89 kB │ gzip:   1.89 kB
dist/assets/Article-CHoV3HEk.js                                  4.90 kB │ gzip:   1.84 kB
dist/assets/Article-BsBpgSUq2.js                                 4.91 kB │ gzip:   1.71 kB
dist/assets/Article-D3vNQguk.js                                  4.91 kB │ gzip:   1.77 kB
dist/assets/Article-DrYT90lu.js                                  4.91 kB │ gzip:   1.92 kB
dist/assets/Article-vr3S50DU4.js                                 4.93 kB │ gzip:   1.76 kB
dist/assets/Article-DuLCbwN3.js                                  4.94 kB │ gzip:   1.93 kB
dist/assets/Article-Dt9LNpGu2.js                                 4.94 kB │ gzip:   1.78 kB
dist/assets/Article-Yk-ThHJa.js                                  4.95 kB │ gzip:   1.78 kB
dist/assets/Article-BHLhNrPQ.js                                  4.95 kB │ gzip:   1.88 kB
dist/assets/Article-EXAb-P5y.js                                  4.96 kB │ gzip:   1.86 kB
dist/assets/Article-3moTsmEt3.js                                 4.97 kB │ gzip:   1.80 kB
dist/assets/Article-BweVFvpi2.js                                 4.97 kB │ gzip:   1.83 kB
dist/assets/Article-DNcDZW0G3.js                                 4.97 kB │ gzip:   1.73 kB
dist/assets/Article-ChvMjCvQ4.js                                 4.98 kB │ gzip:   1.72 kB
dist/assets/Article-DW047h-_2.js                                 4.98 kB │ gzip:   1.91 kB
dist/assets/Article-DzcNW-Cq2.js                                 4.98 kB │ gzip:   1.81 kB
dist/assets/Article-BobNJowg.js                                  4.99 kB │ gzip:   1.88 kB
dist/assets/Article-sGhOS1Ly2.js                                 4.99 kB │ gzip:   1.80 kB
dist/assets/Article-Ba33R27C2.js                                 4.99 kB │ gzip:   1.89 kB
dist/assets/Article-Cm1i1Q-O2.js                                 5.00 kB │ gzip:   1.84 kB
dist/assets/Article-C_-JwX0D.js                                  5.00 kB │ gzip:   1.98 kB
dist/assets/Article-CJOrDPUP2.js                                 5.00 kB │ gzip:   1.83 kB
dist/assets/Article-Bb1ZQ8K6.js                                  5.00 kB │ gzip:   1.88 kB
dist/assets/Article-DfFgbW0q.js                                  5.02 kB │ gzip:   1.82 kB
dist/assets/Article-DwqNiRRb2.js                                 5.03 kB │ gzip:   1.81 kB
dist/assets/Article-DZx7Hlrg2.js                                 5.03 kB │ gzip:   1.79 kB
dist/assets/Article-ADH1kCWw.js                                  5.04 kB │ gzip:   1.89 kB
dist/assets/Article-BfTrEh1t4.js                                 5.05 kB │ gzip:   1.81 kB
dist/assets/Article-miSB2l1O.js                                  5.05 kB │ gzip:   1.76 kB
dist/assets/Article-DkdU9zHs.js                                  5.06 kB │ gzip:   1.73 kB
dist/assets/Article-DY5qEw4h.js                                  5.06 kB │ gzip:   1.91 kB
dist/assets/Article-dTPpB2Xe.js                                  5.08 kB │ gzip:   1.79 kB
dist/assets/Article-BeQQ9NpR.js                                  5.08 kB │ gzip:   1.77 kB
dist/assets/Article-5i-v7Odv4.js                                 5.08 kB │ gzip:   1.68 kB
dist/assets/Article-3SLeoC4P.js                                  5.11 kB │ gzip:   1.90 kB
dist/assets/Article-B_t2EkQe2.js                                 5.11 kB │ gzip:   1.75 kB
dist/assets/Article-C0cxOrs84.js                                 5.13 kB │ gzip:   1.81 kB
dist/assets/Article-Ddoi-Ajs.js                                  5.13 kB │ gzip:   1.91 kB
dist/assets/Article-G-yVvSWK2.js                                 5.13 kB │ gzip:   1.92 kB
dist/assets/Article-DPSvUWLp.js                                  5.14 kB │ gzip:   1.92 kB
dist/assets/Article-SuD5437d3.js                                 5.16 kB │ gzip:   1.95 kB
dist/assets/Article-BAVs2QNC3.js                                 5.16 kB │ gzip:   1.97 kB
dist/assets/Article-D_PEX0E-.js                                  5.16 kB │ gzip:   1.90 kB
dist/assets/Article-CbYNF_gU2.js                                 5.18 kB │ gzip:   1.88 kB
dist/assets/Article-CRrhUgdx2.js                                 5.18 kB │ gzip:   2.09 kB
dist/assets/Article-BTSW-CQ-2.js                                 5.19 kB │ gzip:   1.79 kB
dist/assets/Article-EtePKW4S2.js                                 5.20 kB │ gzip:   1.96 kB
dist/assets/Article-BeIW30S3.js                                  5.20 kB │ gzip:   1.93 kB
dist/assets/Article-BR_Ksavq2.js                                 5.21 kB │ gzip:   1.82 kB
dist/assets/Article-DPZOph8U2.js                                 5.23 kB │ gzip:   1.90 kB
dist/assets/Article-CKpHxEG3.js                                  5.24 kB │ gzip:   1.91 kB
dist/assets/Article-z_Et6HuB2.js                                 5.25 kB │ gzip:   1.82 kB
dist/assets/Article-JZ0UmTsE.js                                  5.27 kB │ gzip:   1.96 kB
dist/assets/Article-iQS6x1aI.js                                  5.27 kB │ gzip:   1.90 kB
dist/assets/Article-_nYSx3x-2.js                                 5.28 kB │ gzip:   1.80 kB
dist/assets/Article-LTE9i6Tq2.js                                 5.29 kB │ gzip:   1.79 kB
dist/assets/Article-D_X_shEu.js                                  5.29 kB │ gzip:   1.89 kB
dist/assets/Article-D0LXyZBs2.js                                 5.30 kB │ gzip:   1.87 kB
dist/assets/Article-BlZnVvjy2.js                                 5.30 kB │ gzip:   2.00 kB
dist/assets/Article-DP0FZJ704.js                                 5.30 kB │ gzip:   1.76 kB
dist/assets/Article-7Ygf30xj2.js                                 5.32 kB │ gzip:   1.93 kB
dist/assets/Article-Cv93FrnT.js                                  5.32 kB │ gzip:   2.09 kB
dist/assets/Article-BBjvV75Y2.js                                 5.33 kB │ gzip:   1.92 kB
dist/assets/Article-B5MEEMIh.js                                  5.33 kB │ gzip:   1.94 kB
dist/assets/Article-CEduUzOc.js                                  5.34 kB │ gzip:   1.98 kB
dist/assets/Article-Cifo9U7z2.js                                 5.34 kB │ gzip:   1.82 kB
dist/assets/Article-po4t58jc2.js                                 5.35 kB │ gzip:   1.87 kB
dist/assets/Article-Bg8TDO31.js                                  5.36 kB │ gzip:   2.23 kB
dist/assets/Article-DZmFsSpZ.js                                  5.38 kB │ gzip:   1.84 kB
dist/assets/Article-B0l2y-zC2.js                                 5.39 kB │ gzip:   2.06 kB
dist/assets/Article-C3J7-3DR2.js                                 5.40 kB │ gzip:   1.87 kB
dist/assets/Article-CzlntjKp.js                                  5.40 kB │ gzip:   1.92 kB
dist/assets/Article-BXwm23Es2.js                                 5.41 kB │ gzip:   1.81 kB
dist/assets/Article-DwZWEPRa.js                                  5.43 kB │ gzip:   1.92 kB
dist/assets/Article-Cc1o7P9U4.js                                 5.43 kB │ gzip:   2.18 kB
dist/assets/Article-L3KuEiOI.js                                  5.44 kB │ gzip:   1.94 kB
dist/assets/Article-_YPNHNQG.js                                  5.44 kB │ gzip:   1.91 kB
dist/assets/Article-CEUUROhg.js                                  5.44 kB │ gzip:   2.07 kB
dist/assets/Article-DLp_dtNN2.js                                 5.45 kB │ gzip:   1.97 kB
dist/assets/Article-zFOtXIT52.js                                 5.45 kB │ gzip:   1.90 kB
dist/assets/Article-jk9CEByy2.js                                 5.46 kB │ gzip:   1.87 kB
dist/assets/Article-DaU61lPm.js                                  5.47 kB │ gzip:   1.90 kB
dist/assets/Article-BfPE9i8E.js                                  5.47 kB │ gzip:   1.97 kB
dist/assets/Article-DjDu2rlS.js                                  5.49 kB │ gzip:   1.88 kB
dist/assets/Article-Be3eLrP02.js                                 5.50 kB │ gzip:   1.97 kB
dist/assets/Article-DvUvVgde2.js                                 5.50 kB │ gzip:   1.98 kB
dist/assets/Article-EZ2KnogY.js                                  5.50 kB │ gzip:   1.93 kB
dist/assets/Article-BzouwLAW.js                                  5.51 kB │ gzip:   2.04 kB
dist/assets/Article-CU238Xwf.js                                  5.51 kB │ gzip:   2.03 kB
dist/assets/Article-CEcmPi4t.js                                  5.51 kB │ gzip:   2.04 kB
dist/assets/Article-CEhbumV52.js                                 5.52 kB │ gzip:   2.06 kB
dist/assets/Article-BtK4pTV92.js                                 5.52 kB │ gzip:   1.98 kB
dist/assets/Article-Cb3TbWMf2.js                                 5.52 kB │ gzip:   2.01 kB
dist/assets/Article-Bq8Y0rfj4.js                                 5.52 kB │ gzip:   2.07 kB
dist/assets/Article-BKCYJ494.js                                  5.53 kB │ gzip:   2.13 kB
dist/assets/Article-Be1pCVTx.js                                  5.54 kB │ gzip:   2.08 kB
dist/assets/Article-DWLU09th2.js                                 5.54 kB │ gzip:   1.97 kB
dist/assets/Article-DBxCkl0p2.js                                 5.55 kB │ gzip:   2.02 kB
dist/assets/Article-Zs2e4QGC.js                                  5.57 kB │ gzip:   2.05 kB
dist/assets/Article-DWfLdRpC2.js                                 5.58 kB │ gzip:   2.04 kB
dist/assets/Article-Dw0qUzr12.js                                 5.59 kB │ gzip:   1.74 kB
dist/assets/Article-Gz7a6v5G2.js                                 5.60 kB │ gzip:   2.20 kB
dist/assets/Article-C_FDd35u.js                                  5.60 kB │ gzip:   2.02 kB
dist/assets/Article-CRfmWFEa2.js                                 5.61 kB │ gzip:   1.96 kB
dist/assets/Article-BnfMuO4_.js                                  5.63 kB │ gzip:   2.17 kB
dist/assets/Article-fTQHkm3N2.js                                 5.63 kB │ gzip:   2.08 kB
dist/assets/Article-C7IeJNUM2.js                                 5.64 kB │ gzip:   1.71 kB
dist/assets/Article-B6S5sKCz.js                                  5.65 kB │ gzip:   2.08 kB
dist/assets/Article-AmH5AbEp.js                                  5.66 kB │ gzip:   2.08 kB
dist/assets/Article-CeXXCLGr.js                                  5.67 kB │ gzip:   2.22 kB
dist/assets/Article-DhBU4zwa2.js                                 5.68 kB │ gzip:   2.08 kB
dist/assets/Article-BPdVL0To.js                                  5.68 kB │ gzip:   2.15 kB
dist/assets/Article-RUONayCs.js                                  5.68 kB │ gzip:   2.08 kB
dist/assets/Article-StC54gnt.js                                  5.68 kB │ gzip:   2.01 kB
dist/assets/Article-CwFZttOE.js                                  5.69 kB │ gzip:   2.02 kB
dist/assets/Article-CgASK_PN.js                                  5.70 kB │ gzip:   2.17 kB
dist/assets/Article-DQZ4saRV.js                                  5.71 kB │ gzip:   1.74 kB
dist/assets/Article-KifQLjlO.js                                  5.71 kB │ gzip:   2.17 kB
dist/assets/Article-29NVF3oC2.js                                 5.73 kB │ gzip:   2.05 kB
dist/assets/Article-CP8_ApX8.js                                  5.73 kB │ gzip:   2.09 kB
dist/assets/Article-nFglloG33.js                                 5.74 kB │ gzip:   2.08 kB
dist/assets/Article-DI_tF0hi.js                                  5.74 kB │ gzip:   2.12 kB
dist/assets/Article-B90uhn11.js                                  5.75 kB │ gzip:   1.92 kB
dist/assets/Article-DyG1B3QE.js                                  5.75 kB │ gzip:   2.29 kB
dist/assets/Article-B1N9_x_P.js                                  5.76 kB │ gzip:   1.79 kB
dist/assets/Article-B3dYTug32.js                                 5.77 kB │ gzip:   2.07 kB
dist/assets/Article-Cp1_tPdn.js                                  5.78 kB │ gzip:   1.89 kB
dist/assets/Article-CI8yc9WR2.js                                 5.79 kB │ gzip:   1.95 kB
dist/assets/Article-DnLoqc7E.js                                  5.83 kB │ gzip:   1.77 kB
dist/assets/Article-CpDVrIu42.js                                 5.84 kB │ gzip:   1.94 kB
dist/assets/Article-IYkfYxxB.js                                  5.86 kB │ gzip:   2.16 kB
dist/assets/Article-C4T_N-Yz2.js                                 5.86 kB │ gzip:   2.05 kB
dist/assets/Article-BJ7MvGAg.js                                  5.86 kB │ gzip:   2.14 kB
dist/assets/Article--Pr5Wv0y.js                                  5.87 kB │ gzip:   1.99 kB
dist/assets/Article-DWnpVU7F2.js                                 5.87 kB │ gzip:   2.05 kB
dist/assets/Article-DTKBfCdn2.js                                 5.87 kB │ gzip:   2.03 kB
dist/assets/Article-COt6nBJ5.js                                  5.89 kB │ gzip:   2.06 kB
dist/assets/Article-CnxBkm2l.js                                  5.89 kB │ gzip:   1.98 kB
dist/assets/Article-eYwJTuqc2.js                                 5.89 kB │ gzip:   1.92 kB
dist/assets/Article-DlRS_omu2.js                                 5.90 kB │ gzip:   2.25 kB
dist/assets/Article-BmHZeTgd.js                                  5.90 kB │ gzip:   1.98 kB
dist/assets/Article-tjVzsRxK2.js                                 5.90 kB │ gzip:   2.11 kB
dist/assets/Article-BAmpQp08.js                                  5.90 kB │ gzip:   2.05 kB
dist/assets/Article-Blo4wd3f2.js                                 5.90 kB │ gzip:   2.16 kB
dist/assets/Article-DhBwUX1-2.js                                 5.91 kB │ gzip:   2.12 kB
dist/assets/Article-Co2LP2G12.js                                 5.92 kB │ gzip:   2.30 kB
dist/assets/Article-DkOBK9Od.js                                  5.94 kB │ gzip:   2.22 kB
dist/assets/Article-CcB0qgI4.js                                  5.94 kB │ gzip:   2.28 kB
dist/assets/Article-lLBisPsq.js                                  5.94 kB │ gzip:   2.20 kB
dist/assets/Article-nBCyhU7J3.js                                 5.95 kB │ gzip:   2.11 kB
dist/assets/Article-BL0Z2noe.js                                  5.95 kB │ gzip:   2.23 kB
dist/assets/Article-BxU1Z1me.js                                  5.95 kB │ gzip:   1.99 kB
dist/assets/Article-CQLE6AFD2.js                                 5.96 kB │ gzip:   2.12 kB
dist/assets/Article-BV1o_j864.js                                 6.01 kB │ gzip:   2.17 kB
dist/assets/Article-CUS6PKjR.js                                  6.03 kB │ gzip:   2.08 kB
dist/assets/Article-CkzQzJVJ.js                                  6.03 kB │ gzip:   2.11 kB
dist/assets/Article-BRlWskSf2.js                                 6.04 kB │ gzip:   1.92 kB
dist/assets/Article-OL0RMeb7.js                                  6.04 kB │ gzip:   2.09 kB
dist/assets/Article-CjXlAcpE.js                                  6.05 kB │ gzip:   2.17 kB
dist/assets/Article-Bc8Tcn2z4.js                                 6.05 kB │ gzip:   1.80 kB
dist/assets/Article-D76UbyW5.js                                  6.06 kB │ gzip:   2.04 kB
dist/assets/Article-IrigN_FF.js                                  6.08 kB │ gzip:   2.12 kB
dist/assets/Article-D3Op1rrt.js                                  6.08 kB │ gzip:   2.07 kB
dist/assets/Article-CbZzYdJf2.js                                 6.09 kB │ gzip:   2.16 kB
dist/assets/Article-DG9ZDuOH.js                                  6.09 kB │ gzip:   2.07 kB
dist/assets/Article-nTQUGl6s2.js                                 6.09 kB │ gzip:   2.13 kB
dist/assets/Article-CVstrHBu.js                                  6.09 kB │ gzip:   2.22 kB
dist/assets/Article-ChskXmS3.js                                  6.10 kB │ gzip:   2.26 kB
dist/assets/Article-Boh3yUhD.js                                  6.10 kB │ gzip:   2.05 kB
dist/assets/Article-C775hxlG.js                                  6.11 kB │ gzip:   1.94 kB
dist/assets/Article-DACtn6Um.js                                  6.11 kB │ gzip:   2.19 kB
dist/assets/Article-BeXgA2GK.js                                  6.11 kB │ gzip:   2.08 kB
dist/assets/Article-Bntl4AXy2.js                                 6.12 kB │ gzip:   2.25 kB
dist/assets/Article-sP98rP8T.js                                  6.12 kB │ gzip:   2.12 kB
dist/assets/Article-9Q4oPE9v.js                                  6.12 kB │ gzip:   2.08 kB
dist/assets/Article-Cs1U3XOQ.js                                  6.15 kB │ gzip:   2.18 kB
dist/assets/Article-Db5vsbRG.js                                  6.17 kB │ gzip:   2.15 kB
dist/assets/Article-B6E5ON8o2.js                                 6.18 kB │ gzip:   2.12 kB
dist/assets/Article-DBGPA3en.js                                  6.19 kB │ gzip:   2.13 kB
dist/assets/Article-Buff9tDV.js                                  6.19 kB │ gzip:   2.22 kB
dist/assets/Article-tqKrouAg.js                                  6.19 kB │ gzip:   2.08 kB
dist/assets/Article-CHu06eam.js                                  6.20 kB │ gzip:   2.07 kB
dist/assets/Article-B_9nCXA5.js                                  6.23 kB │ gzip:   2.22 kB
dist/assets/Article-BcjJmO472.js                                 6.23 kB │ gzip:   2.13 kB
dist/assets/Article-CCIKtYEk2.js                                 6.24 kB │ gzip:   2.06 kB
dist/assets/Article-CHPFfmZ74.js                                 6.29 kB │ gzip:   2.08 kB
dist/assets/Article-DYnYLx7B.js                                  6.29 kB │ gzip:   2.21 kB
dist/assets/Article-0TQHngdT.js                                  6.31 kB │ gzip:   2.09 kB
dist/assets/Article-COSevAKR.js                                  6.35 kB │ gzip:   2.11 kB
dist/assets/Article-DN86vQla.js                                  6.35 kB │ gzip:   2.31 kB
dist/assets/Article-BlMvWt2V.js                                  6.35 kB │ gzip:   2.39 kB
dist/assets/Article-CBxrNAwk.js                                  6.36 kB │ gzip:   2.35 kB
dist/assets/Article-Dfma3uir2.js                                 6.38 kB │ gzip:   2.05 kB
dist/assets/Article-YzSOk7Yt.js                                  6.39 kB │ gzip:   2.38 kB
dist/assets/Article-BPbanc_42.js                                 6.39 kB │ gzip:   2.18 kB
dist/assets/Article-BjkfZ3sx.js                                  6.42 kB │ gzip:   2.38 kB
dist/assets/Article-D0lJbpev.js                                  6.42 kB │ gzip:   2.14 kB
dist/assets/Article-CtWBgOLd2.js                                 6.42 kB │ gzip:   2.40 kB
dist/assets/Article-D2I8Nqcg2.js                                 6.43 kB │ gzip:   2.04 kB
dist/assets/Article-DXMJ_bw6.js                                  6.46 kB │ gzip:   2.18 kB
dist/assets/Article-CDi5Hcqc2.js                                 6.46 kB │ gzip:   2.24 kB
dist/assets/Article-Bi9VfRRY.js                                  6.47 kB │ gzip:   2.33 kB
dist/assets/Article-DL0c3sll.js                                  6.49 kB │ gzip:   2.31 kB
dist/assets/Article-B3HSe5SY.js                                  6.49 kB │ gzip:   2.21 kB
dist/assets/Article-ISQtLDVj.js                                  6.49 kB │ gzip:   2.17 kB
dist/assets/Article-BFI_Nojg.js                                  6.50 kB │ gzip:   2.08 kB
dist/assets/Article-BVW7w1UD.js                                  6.51 kB │ gzip:   2.18 kB
dist/assets/Article-C2pD_omC4.js                                 6.53 kB │ gzip:   2.36 kB
dist/assets/Article-BB8rScSr.js                                  6.53 kB │ gzip:   2.23 kB
dist/assets/Article-M1FFr6dU.js                                  6.53 kB │ gzip:   2.44 kB
dist/assets/Article-BvO137UC2.js                                 6.54 kB │ gzip:   2.22 kB
dist/assets/Article-B-GD7VQv.js                                  6.55 kB │ gzip:   2.22 kB
dist/assets/Article-DvXKEknE2.js                                 6.57 kB │ gzip:   2.43 kB
dist/assets/Article-QNHBaEwh4.js                                 6.58 kB │ gzip:   2.18 kB
dist/assets/Article-PuYrfxwf2.js                                 6.59 kB │ gzip:   2.26 kB
dist/assets/Article-aCONvNFv2.js                                 6.59 kB │ gzip:   2.15 kB
dist/assets/Article-CZoWaH61.js                                  6.59 kB │ gzip:   2.34 kB
dist/assets/Article-BC95Za4-2.js                                 6.60 kB │ gzip:   2.34 kB
dist/assets/Article-Cl2pqhAn.js                                  6.61 kB │ gzip:   2.42 kB
dist/assets/Article-BdlG--YS.js                                  6.63 kB │ gzip:   2.29 kB
dist/assets/Article-CRbRNwdx.js                                  6.64 kB │ gzip:   2.21 kB
dist/assets/Article-BMReYFP5.js                                  6.67 kB │ gzip:   2.18 kB
dist/assets/Article-DZo6GDbW.js                                  6.67 kB │ gzip:   2.09 kB
dist/assets/Article-Dx7IxhNZ2.js                                 6.68 kB │ gzip:   2.13 kB
dist/assets/Article-CzWpKDot.js                                  6.69 kB │ gzip:   2.43 kB
dist/assets/Article-D6J0nOQa.js                                  6.70 kB │ gzip:   2.24 kB
dist/assets/Article-D-pCVYQC2.js                                 6.70 kB │ gzip:   2.11 kB
dist/assets/Article-BRIK70Oh.js                                  6.70 kB │ gzip:   2.34 kB
dist/assets/Article-6u6c4M-N.js                                  6.71 kB │ gzip:   2.25 kB
dist/assets/Article-BXdffS-X.js                                  6.71 kB │ gzip:   2.11 kB
dist/assets/Article-Csy1FfnA.js                                  6.71 kB │ gzip:   2.43 kB
dist/assets/Article-DjARdSzB.js                                  6.72 kB │ gzip:   2.22 kB
dist/assets/Article-C1I_HPMS.js                                  6.74 kB │ gzip:   2.37 kB
dist/assets/Article-Cws7puiY.js                                  6.74 kB │ gzip:   2.37 kB
dist/assets/Article-DsHxlm7Y2.js                                 6.74 kB │ gzip:   2.40 kB
dist/assets/Article-C0BB_9jx.js                                  6.76 kB │ gzip:   2.33 kB
dist/assets/Article-hE4D0Tgw3.js                                 6.76 kB │ gzip:   2.30 kB
dist/assets/Article-WyxsCqlo.js                                  6.77 kB │ gzip:   2.38 kB
dist/assets/Article-QC-k4kkZ.js                                  6.78 kB │ gzip:   2.35 kB
dist/assets/Article-B0BixXWZ2.js                                 6.79 kB │ gzip:   2.35 kB
dist/assets/Article-BNgTS3Ob2.js                                 6.81 kB │ gzip:   2.36 kB
dist/assets/Article-D_mDiVoK.js                                  6.81 kB │ gzip:   2.38 kB
dist/assets/Article-DNs7FQYX2.js                                 6.81 kB │ gzip:   2.24 kB
dist/assets/Article-De9HyDtI.js                                  6.82 kB │ gzip:   2.21 kB
dist/assets/Article-Ba14Crsf2.js                                 6.83 kB │ gzip:   2.23 kB
dist/assets/Article-Ba5H850_.js                                  6.85 kB │ gzip:   2.42 kB
dist/assets/Article-p_KLsWhW.js                                  6.85 kB │ gzip:   2.50 kB
dist/assets/Article-WoqOJetf.js                                  6.86 kB │ gzip:   2.28 kB
dist/assets/Article-Dkd7e9GA.js                                  6.87 kB │ gzip:   2.39 kB
dist/assets/Article-Dz83zdgM3.js                                 6.87 kB │ gzip:   2.35 kB
dist/assets/Article-BLJLgDiI.js                                  6.88 kB │ gzip:   2.34 kB
dist/assets/Article-D1F0mKFN.js                                  6.90 kB │ gzip:   2.27 kB
dist/assets/Article-zgsMqL32.js                                  6.91 kB │ gzip:   2.43 kB
dist/assets/Article-C8rGI1w6.js                                  6.92 kB │ gzip:   2.33 kB
dist/assets/Article-j4TVadfs.js                                  6.93 kB │ gzip:   2.39 kB
dist/assets/Article-rJc0X_gT2.js                                 6.94 kB │ gzip:   2.35 kB
dist/assets/Article-CYfTjieJ3.js                                 6.95 kB │ gzip:   2.39 kB
dist/assets/Article-pnwgDgNk3.js                                 6.98 kB │ gzip:   2.40 kB
dist/assets/Article-DI0ihpny.js                                  6.98 kB │ gzip:   2.40 kB
dist/assets/Article-D2UzI-Kb2.js                                 6.99 kB │ gzip:   2.39 kB
dist/assets/Article-BsR6IRF8.js                                  7.01 kB │ gzip:   2.42 kB
dist/assets/Article-v7eu_ieS2.js                                 7.01 kB │ gzip:   2.35 kB
dist/assets/Article-BTN7fBoJ.js                                  7.02 kB │ gzip:   2.35 kB
dist/assets/Article-LJWWqysU3.js                                 7.03 kB │ gzip:   2.41 kB
dist/assets/Article-B4tghTeL.js                                  7.03 kB │ gzip:   2.21 kB
dist/assets/Article-D2rltWn13.js                                 7.03 kB │ gzip:   2.36 kB
dist/assets/Article-BsrOmQ2B.js                                  7.04 kB │ gzip:   2.44 kB
dist/assets/Article-CWof9cQo.js                                  7.04 kB │ gzip:   2.29 kB
dist/assets/Article-CemYnU_-.js                                  7.04 kB │ gzip:   2.57 kB
dist/assets/Article-C-n4Fxkd2.js                                 7.04 kB │ gzip:   2.30 kB
dist/assets/Article-CI5I9U4R.js                                  7.04 kB │ gzip:   2.27 kB
dist/assets/Article-o_9QS3MN.js                                  7.05 kB │ gzip:   2.18 kB
dist/assets/Article-DYbcRcdH2.js                                 7.06 kB │ gzip:   2.27 kB
dist/assets/Article-DI0HSrsw2.js                                 7.07 kB │ gzip:   2.37 kB
dist/assets/Article-Datv5CcZ.js                                  7.08 kB │ gzip:   2.21 kB
dist/assets/Article-BZppNObG.js                                  7.08 kB │ gzip:   2.30 kB
dist/assets/Article-CruxkcbZ3.js                                 7.09 kB │ gzip:   2.61 kB
dist/assets/Article-C08cUDsR2.js                                 7.10 kB │ gzip:   2.35 kB
dist/assets/Article-DJMJfcwS2.js                                 7.10 kB │ gzip:   2.29 kB
dist/assets/Article-Db49kFl4.js                                  7.10 kB │ gzip:   2.27 kB
dist/assets/Article-B2bpNjci3.js                                 7.12 kB │ gzip:   2.49 kB
dist/assets/Article-DJTH_G4Q4.js                                 7.14 kB │ gzip:   2.32 kB
dist/assets/Article-Db7rNsVQ.js                                  7.14 kB │ gzip:   2.37 kB
dist/assets/Article-BM2mz7KE.js                                  7.14 kB │ gzip:   2.42 kB
dist/assets/Article-DrIj_MRC.js                                  7.15 kB │ gzip:   2.26 kB
dist/assets/Article-D_Ah9aQZ3.js                                 7.17 kB │ gzip:   2.44 kB
dist/assets/Article-vS-chKcK3.js                                 7.17 kB │ gzip:   2.45 kB
dist/assets/Article-cUGmESte.js                                  7.19 kB │ gzip:   2.29 kB
dist/assets/Article-Ct1qjhyd2.js                                 7.19 kB │ gzip:   2.56 kB
dist/assets/Article-BWViNKw1.js                                  7.20 kB │ gzip:   2.28 kB
dist/assets/Article-B1fONKcH2.js                                 7.22 kB │ gzip:   2.32 kB
dist/assets/Article-BDTESenK2.js                                 7.25 kB │ gzip:   2.27 kB
dist/assets/Article-BhkibfwF3.js                                 7.28 kB │ gzip:   2.45 kB
dist/assets/Article-mBAYiqMW.js                                  7.28 kB │ gzip:   2.45 kB
dist/assets/Article-7SsQiMSs.js                                  7.29 kB │ gzip:   2.85 kB
dist/assets/Article-eMOF9neI4.js                                 7.29 kB │ gzip:   2.54 kB
dist/assets/Article-Dz7g6lVK2.js                                 7.30 kB │ gzip:   2.44 kB
dist/assets/Article-C7597EDx4.js                                 7.31 kB │ gzip:   2.54 kB
dist/assets/Article-iz3hdVlf.js                                  7.33 kB │ gzip:   2.46 kB
dist/assets/Article-E-3HtSEX2.js                                 7.35 kB │ gzip:   2.44 kB
dist/assets/Article-CuQkRo0c3.js                                 7.38 kB │ gzip:   2.50 kB
dist/assets/Article-9IBjiLEO2.js                                 7.39 kB │ gzip:   2.57 kB
dist/assets/Article-CtcaOyTv2.js                                 7.40 kB │ gzip:   2.42 kB
dist/assets/Article-DLa0fOSA.js                                  7.41 kB │ gzip:   2.55 kB
dist/assets/Article-B1Mijt5Y.js                                  7.41 kB │ gzip:   2.34 kB
dist/assets/Article-D1xpCbxx3.js                                 7.41 kB │ gzip:   2.54 kB
dist/assets/Article-BFq6hWRg3.js                                 7.42 kB │ gzip:   2.36 kB
dist/assets/Article-CnmO-F2j3.js                                 7.42 kB │ gzip:   2.41 kB
dist/assets/Article-D1Cu0iHb.js                                  7.42 kB │ gzip:   2.42 kB
dist/assets/Article-gqJiBldL2.js                                 7.42 kB │ gzip:   2.48 kB
dist/assets/Article-LPxf1qfS2.js                                 7.44 kB │ gzip:   2.43 kB
dist/assets/Article-DdnG1diC4.js                                 7.46 kB │ gzip:   2.62 kB
dist/assets/Article-Dl2BjMtm3.js                                 7.46 kB │ gzip:   2.50 kB
dist/assets/Article-Nl2aF1oB.js                                  7.48 kB │ gzip:   2.50 kB
dist/assets/Article-CnISevWE4.js                                 7.49 kB │ gzip:   2.57 kB
dist/assets/Article-B-GHHStJ.js                                  7.49 kB │ gzip:   2.63 kB
dist/assets/Article-Dmc-qF4L3.js                                 7.50 kB │ gzip:   2.43 kB
dist/assets/Article-CUmMfjUM3.js                                 7.50 kB │ gzip:   2.33 kB
dist/assets/Article-Cnf5OoSf3.js                                 7.51 kB │ gzip:   2.50 kB
dist/assets/react-BxwgjUpu.js                                    7.52 kB │ gzip:   2.88 kB
dist/assets/Article-BriXZ8XM.js                                  7.53 kB │ gzip:   2.24 kB
dist/assets/Article-DrywZwOF3.js                                 7.57 kB │ gzip:   2.61 kB
dist/assets/Article-s8ArZT9T3.js                                 7.58 kB │ gzip:   2.40 kB
dist/assets/Article-C-T71HLz3.js                                 7.58 kB │ gzip:   2.31 kB
dist/assets/Article-D6B_wjG53.js                                 7.58 kB │ gzip:   2.43 kB
dist/assets/Article-FAWDcTm7.js                                  7.61 kB │ gzip:   2.55 kB
dist/assets/Article-OFNt6NCj3.js                                 7.61 kB │ gzip:   2.34 kB
dist/assets/Article-DsZgm1073.js                                 7.62 kB │ gzip:   2.45 kB
dist/assets/Article-CMVhPJzn.js                                  7.63 kB │ gzip:   2.58 kB
dist/assets/Article-YWmQ-1Ns.js                                  7.64 kB │ gzip:   2.61 kB
dist/assets/Article-DvTdZ4vg3.js                                 7.71 kB │ gzip:   2.50 kB
dist/assets/Article-DHu9VMw02.js                                 7.73 kB │ gzip:   2.70 kB
dist/assets/Article-CqgxVFmP4.js                                 7.74 kB │ gzip:   2.46 kB
dist/assets/Article-Dj2EohRr2.js                                 7.75 kB │ gzip:   2.58 kB
dist/assets/Article-CgXSdwig.js                                  7.76 kB │ gzip:   2.93 kB
dist/assets/Article-qcUCgNVN2.js                                 7.81 kB │ gzip:   2.54 kB
dist/assets/Article-Da_5n-cO3.js                                 7.83 kB │ gzip:   2.55 kB
dist/assets/Article-CYh9JbKG2.js                                 7.87 kB │ gzip:   2.39 kB
dist/assets/Article-BrRcRlii3.js                                 7.88 kB │ gzip:   2.40 kB
dist/assets/Article-DY_VxMdI2.js                                 7.90 kB │ gzip:   2.54 kB
dist/assets/Article-wzw4dhdS2.js                                 7.91 kB │ gzip:   2.72 kB
dist/assets/Article-C4vEh9fn.js                                  7.91 kB │ gzip:   2.62 kB
dist/assets/Article-DRFc8tkE.js                                  7.91 kB │ gzip:   2.70 kB
dist/assets/Article-CoOpiHSU3.js                                 7.92 kB │ gzip:   2.52 kB
dist/assets/Article-BGOBWJX62.js                                 7.95 kB │ gzip:   2.44 kB
dist/assets/Article-B_OMGJSJ3.js                                 7.98 kB │ gzip:   2.45 kB
dist/assets/Article-DpyOdTRU2.js                                 8.07 kB │ gzip:   2.61 kB
dist/assets/Article-CAHepCK43.js                                 8.11 kB │ gzip:   2.37 kB
dist/assets/Article-SdtNG3mN.js                                  8.15 kB │ gzip:   2.83 kB
dist/assets/Article-Ba_XTLg43.js                                 8.17 kB │ gzip:   2.50 kB
dist/assets/Article-CwCIz4Id2.js                                 8.20 kB │ gzip:   2.59 kB
dist/assets/Article-Ceu7on233.js                                 8.28 kB │ gzip:   2.54 kB
dist/assets/Article-mNC7_35i.js                                  8.28 kB │ gzip:   2.40 kB
dist/assets/Article-DH_mpdFI3.js                                 8.30 kB │ gzip:   2.85 kB
dist/assets/Article-B4liUsTP2.js                                 8.39 kB │ gzip:   2.92 kB
dist/assets/Article-BaOUAtZO3.js                                 8.68 kB │ gzip:   2.84 kB
dist/assets/Article-Dm1-QzJJ.js                                  8.74 kB │ gzip:   3.16 kB
dist/assets/Article-BIe_fxgX2.js                                 8.76 kB │ gzip:   2.94 kB
dist/assets/Article-DH9uG1rX.js                                  8.79 kB │ gzip:   3.42 kB
dist/assets/Article-DJeEgY332.js                                 8.80 kB │ gzip:   3.06 kB
dist/assets/Article-CU3Aazr32.js                                 8.81 kB │ gzip:   3.09 kB
dist/assets/Article-nnTHWbZs2.js                                 8.93 kB │ gzip:   3.21 kB
dist/assets/Article-B02FNQmM.js                                  8.93 kB │ gzip:   3.18 kB
dist/assets/Article-Bnpa077B.js                                  8.93 kB │ gzip:   3.23 kB
dist/assets/Article-Q_qW3d15.js                                  9.04 kB │ gzip:   3.04 kB
dist/assets/Article-DliwtUV_2.js                                 9.07 kB │ gzip:   2.84 kB
dist/assets/Article-DWYCc2FA2.js                                 9.13 kB │ gzip:   3.08 kB
dist/assets/Article-BVlnaBVu.js                                  9.13 kB │ gzip:   3.17 kB
dist/assets/Article-D-hm2ft62.js                                 9.17 kB │ gzip:   2.97 kB
dist/assets/Article-B0cyhew5.js                                  9.42 kB │ gzip:   3.21 kB
dist/assets/Article-DlKEnE2e.js                                  9.44 kB │ gzip:   3.06 kB
dist/assets/Article-Dp8hw-3R.js                                  9.48 kB │ gzip:   3.01 kB
dist/assets/Article-Ba4hliXz2.js                                 9.55 kB │ gzip:   3.19 kB
dist/assets/Article-jlTbjCZv2.js                                 9.68 kB │ gzip:   3.60 kB
dist/assets/Article-DcxC2032.js                                  9.77 kB │ gzip:   3.19 kB
dist/assets/Article-D-MMMBlT.js                                  9.80 kB │ gzip:   3.00 kB
dist/assets/Article-Dc4Dzogf.js                                  9.85 kB │ gzip:   3.19 kB
dist/assets/Article-czT7ffS7.js                                  9.87 kB │ gzip:   3.36 kB
dist/assets/Article-BISiuLfM2.js                                 9.97 kB │ gzip:   3.21 kB
dist/assets/Article-DGN93ITa.js                                 10.01 kB │ gzip:   3.18 kB
dist/assets/Article-5lJv6AOC.js                                 10.06 kB │ gzip:   3.50 kB
dist/assets/Article-BbDQ-tHB2.js                                10.08 kB │ gzip:   3.51 kB
dist/assets/Article-BATrMaOz.js                                 10.19 kB │ gzip:   3.20 kB
dist/assets/Article-C4yKSdi4.js                                 10.20 kB │ gzip:   3.07 kB
dist/assets/Article-qYEiwLTs.js                                 10.22 kB │ gzip:   3.30 kB
dist/assets/Article-CF1lS7_G.js                                 10.25 kB │ gzip:   3.06 kB
dist/assets/Article-w1WSczNq.js                                 10.34 kB │ gzip:   3.53 kB
dist/assets/Article-nDFFt5h0.js                                 10.39 kB │ gzip:   3.61 kB
dist/assets/Article-BymB9cvl2.js                                10.40 kB │ gzip:   3.27 kB
dist/assets/Article-BC017w5s.js                                 10.42 kB │ gzip:   3.40 kB
dist/assets/Article-DwCdsqAf2.js                                10.43 kB │ gzip:   3.07 kB
dist/assets/Article-CvHdtney2.js                                10.53 kB │ gzip:   3.48 kB
dist/assets/Article-CGrvh7yV.js                                 10.87 kB │ gzip:   3.48 kB
dist/assets/Article-eP9iZyDr2.js                                10.87 kB │ gzip:   3.67 kB
dist/assets/Article-BbZnkHTa2.js                                10.88 kB │ gzip:   3.69 kB
dist/assets/Article-yrLDFPrp2.js                                10.89 kB │ gzip:   3.54 kB
dist/assets/Article-Bw6FDmhH.js                                 10.91 kB │ gzip:   3.68 kB
dist/assets/Article-Dc8zVrV_2.js                                10.92 kB │ gzip:   3.98 kB
dist/assets/Article-DGz2Xcxm.js                                 10.94 kB │ gzip:   3.42 kB
dist/assets/Article-Cif36-Af.js                                 11.00 kB │ gzip:   3.43 kB
dist/assets/Article-nekmv1b62.js                                11.01 kB │ gzip:   3.37 kB
dist/assets/Article-DIhZ1_dV.js                                 11.10 kB │ gzip:   3.25 kB
dist/assets/Article-CS3QbSbi2.js                                11.15 kB │ gzip:   3.32 kB
dist/assets/Article-QzMEALal2.js                                11.33 kB │ gzip:   3.76 kB
dist/assets/Article-D0qWLWHE2.js                                11.39 kB │ gzip:   3.69 kB
dist/assets/Article-B9hkVKNS2.js                                11.39 kB │ gzip:   3.21 kB
dist/assets/Article-Dh1wA-kn.js                                 11.41 kB │ gzip:   3.55 kB
dist/assets/Article-CCIKpUsK.js                                 11.42 kB │ gzip:   3.36 kB
dist/assets/Article-up_jyBEB.js                                 11.46 kB │ gzip:   3.54 kB
dist/assets/webLessonSchema-DunR8n2I.js                         11.47 kB │ gzip:   3.73 kB
dist/assets/Article-BqkxvtIa2.js                                11.48 kB │ gzip:   3.53 kB
dist/assets/Article-CNFpq_go2.js                                11.53 kB │ gzip:   4.03 kB
dist/assets/Article-DV1GYfjq2.js                                11.70 kB │ gzip:   3.54 kB
dist/assets/Article-DQMAv_Ig2.js                                11.71 kB │ gzip:   3.95 kB
dist/assets/Article-B1yK02Bf.js                                 11.71 kB │ gzip:   3.52 kB
dist/assets/Article-DeFHJHW6.js                                 12.30 kB │ gzip:   3.77 kB
dist/assets/Article-DnUbCkUZ.js                                 12.52 kB │ gzip:   3.99 kB
dist/assets/Article-WfSYeoo_.js                                 12.62 kB │ gzip:   3.78 kB
dist/assets/Article-CzwkbMG_.js                                 12.66 kB │ gzip:   4.20 kB
dist/assets/Article-Csuc7EgI.js                                 12.69 kB │ gzip:   3.94 kB
dist/assets/Article-Bhn8w1_m.js                                 12.75 kB │ gzip:   3.75 kB
dist/assets/Article-CqoD0Kzs.js                                 12.96 kB │ gzip:   3.90 kB
dist/assets/Article-Br0UnUC52.js                                14.05 kB │ gzip:   3.78 kB
dist/assets/VueLesson-R9Rn7_-4.js                               48.35 kB │ gzip:  17.30 kB
dist/assets/CourseLesson-kaf1ybzZ.js                            61.52 kB │ gzip:  22.09 kB
dist/assets/CourseLesson-B24itgvP.js                            63.59 kB │ gzip:  21.95 kB
dist/assets/CourseLesson-a_rW2AIf.js                            63.64 kB │ gzip:  23.41 kB
dist/assets/CourseLesson-BefE2Fi5.js                            65.33 kB │ gzip:  23.87 kB
dist/assets/catalog-DLnOrXZD.js                                 86.54 kB │ gzip:  14.56 kB
dist/assets/NextJsLesson-CD4Kag3t.js                            95.43 kB │ gzip:  31.36 kB
dist/assets/ReactLesson-CC509uc0.js                            122.10 kB │ gzip:  41.16 kB
dist/assets/AngularLesson-25hYHZHq.js                          136.08 kB │ gzip:  44.21 kB
dist/assets/DatabaseLessonArticle-LL7uBrsV.js                  169.46 kB │ gzip:  58.48 kB
dist/assets/DsaLessonArticle-Ce3c6_eh.js                       196.52 kB │ gzip:  63.72 kB
dist/assets/index-DPw0gfRw.js                                  266.41 kB │ gzip:  78.88 kB
dist/assets/registry-CEm3PrKT.js                             1,724.37 kB │ gzip: 248.07 kB

✓ built in 14.98s
[plugin builtin:vite-reporter] 
(!) Some chunks are larger than 500 kB after minification. Consider:
- Using dynamic import() to code-split the application
- Use build.rolldownOptions.output.codeSplitting to improve chunking: https://rolldown.rs/reference/OutputOptions.codeSplitting
- Adjust chunk size limit for this warning via build.chunkSizeWarningLimit.
